ply
format ascii 1.0
element vertex 25250
property float x
property float y
property float z
property uchar red
property uchar green
property uchar blue
end_header
-3.61853 -0.41251 7.07380 180 200 230
-2.10882 2.76740 4.10935 180 200 230
3.27814 1.67174 7.80179 180 200 230
3.60220 -0.20455 6.40802 180 200 230
1.50389 2.94121 0.90561 180 200 230
-0.12477 3.73924 8.79477 180 200 230
0.32135 3.62184 6.96287 180 200 230
3.05980 -1.99778 7.17806 180 200 230
0.28493 -3.30472 1.22888 180 200 230
-3.35794 0.92249 4.21363 180 200 230
3.31659 -0.95401 3.48940 180 200 230
3.50796 1.20803 8.38230 180 200 230
2.80361 -2.21246 5.93954 180 200 230
3.40123 1.35722 7.49465 180 200 230
-2.69903 2.20072 4.15037 180 200 230
3.18402 1.12388 2.16214 180 200 230
3.53266 -0.02288 5.14882 180 200 230
2.82818 -1.68726 0.61480 180 200 230
-3.16026 -1.86359 7.53622 180 200 230
0.71706 3.50072 5.83165 180 200 230
-0.60805 3.57984 6.93663 180 200 230
-3.27365 1.07407 3.34024 180 200 230
-1.64932 3.35173 8.75345 180 200 230
3.66007 0.49311 8.09654 180 200 230
-2.03182 -3.04108 7.11134 180 200 230
-2.53852 -2.19382 1.85691 180 200 230
2.88316 -1.97770 4.36083 180 200 230
-3.24725 0.47561 0.42256 180 200 230
-1.86956 2.76183 1.47661 180 200 230
-3.59449 -0.26057 6.28266 180 200 230
1.23589 3.41229 6.82081 180 200 230
-2.63451 -2.65246 8.72632 180 200 230
0.42944 -3.39372 3.07708 180 200 230
1.96303 2.82930 3.48671 180 200 230
-1.45561 3.17669 4.38658 180 200 230
2.25825 -2.47238 1.80857 180 200 230
-3.31973 -0.11543 1.24583 180 200 230
-3.42951 -0.69532 4.44189 180 200 230
-0.58202 -3.32348 2.15919 180 200 230
-3.17368 -1.69042 6.16681 180 200 230
3.15942 1.47653 4.09322 180 200 230
1.22272 -3.46705 7.57926 180 200 230
3.19075 -1.68080 6.43349 180 200 230
3.22669 1.12238 2.95290 180 200 230
2.66125 2.53870 7.57557 180 200 230
-1.08564 -3.48796 7.33986 180 200 230
-2.74283 -2.11307 3.64162 180 200 230
-2.51340 2.28652 2.73104 180 200 230
-3.49426 -0.87961 6.27783 180 200 230
-0.96076 -3.18258 1.33919 180 200 230
-3.35434 -0.09437 1.90652 180 200 230
2.06704 2.50466 0.07168 180 200 230
3.09187 1.94683 7.18553 180 200 230
-3.32255 1.34313 6.12381 180 200 230
3.18791 -1.67806 6.47661 180 200 230
-3.41400 -1.29689 7.13196 180 200 230
-2.19899 2.71948 4.29011 180 200 230
2.97315 -1.92090 5.27481 180 200 230
-2.54704 2.14423 1.33934 180 200 230
-3.30960 -0.19041 1.09950 180 200 230
2.67150 2.40035 6.15464 180 200 230
-0.27687 -3.49018 4.40013 180 200 230
-1.08766 -3.36928 5.24350 180 200 230
0.99926 -3.50147 6.99611 180 200 230
-1.62421 3.17824 5.85888 180 200 230
-3.24841 1.38026 5.14002 180 200 230
1.73968 3.08781 5.18948 180 200 230
3.32798 -0.75477 2.87516 180 200 230
2.79973 1.68144 0.29798 180 200 230
-2.06690 -2.80807 4.08931 180 200 230
-0.93581 -3.24062 2.04358 180 200 230
1.89816 2.89905 3.83383 180 200 230
-2.43504 2.75073 7.75755 180 200 230
3.24998 0.90286 2.22513 180 200 230
-3.07197 -1.14117 0.56262 180 200 230
3.39687 -0.10807 2.66646 180 200 230
-3.07514 1.44976 2.77983 180 200 230
3.57573 -0.22478 6.09804 180 200 230
2.47395 2.51235 5.17106 180 200 230
-2.84682 2.28207 7.15961 180 200 230
2.92078 -2.06746 6.11938 180 200 230
2.47274 -2.42061 3.81456 180 200 230
-1.63520 3.28071 7.41907 180 200 230
-1.44630 -3.00517 1.59677 180 200 230
2.45859 -2.13589 0.22002 180 200 230
0.34906 -3.27927 0.86638 180 200 230
-2.49905 -2.61067 6.62630 180 200 230
2.00586 2.85693 4.31729 180 200 230
2.98628 1.47468 1.54304 180 200 230
-2.63758 -2.31423 4.66992 180 200 230
-3.32927 -0.00577 1.45818 180 200 230
0.27076 3.59526 6.39898 180 200 230
-0.92665 3.36486 4.17483 180 200 230
-2.68693 2.16411 3.58318 180 200 230
-3.40966 0.09598 2.85265 180 200 230
-2.75457 2.27124 5.81961 180 200 230
-2.61319 2.23780 3.40749 180 200 230
2.46192 2.19070 0.84353 180 200 230
2.20018 -2.47703 1.13277 180 200 230
-2.89080 -2.36571 8.67900 180 200 230
2.25025 2.94286 8.22780 180 200 230
-3.20056 1.65938 6.42867 180 200 230
-2.93437 1.69295 2.52264 180 200 230
-3.01153 -2.20600 8.74072 180 200 230
-2.82585 -2.30413 7.11514 180 200 230
-2.21085 -2.85843 6.57854 180 200 230
-1.12244 -3.30568 4.20386 180 200 230
2.71335 2.06010 2.58094 180 200 230
-1.11586 3.10419 0.92707 180 200 230
3.68374 0.40312 8.17676 180 200 230
-3.35112 0.98178 4.26196 180 200 230
-3.03135 1.43972 1.92962 180 200 230
-0.33485 -3.38930 2.89413 180 200 230
1.76972 3.08537 5.36723 180 200 230
-2.26834 -2.46145 1.68876 180 200 230
-1.28476 3.45279 7.78453 180 200 230
-2.68532 2.46151 6.93973 180 200 230
-0.69435 -3.55335 6.60064 180 200 230
3.12941 1.50994 4.04794 180 200 230
-1.96364 2.97781 5.79349 180 200 230
-2.75260 2.23887 5.41115 180 200 230
-0.76639 -3.50610 5.99134 180 200 230
1.03459 3.13211 0.81262 180 200 230
3.27827 -1.12441 3.90018 180 200 230
3.28083 -0.04614 0.40147 180 200 230
1.47066 -3.18169 4.60659 180 200 230
-1.05340 3.26208 3.11395 180 200 230
-1.71445 -2.85242 1.38433 180 200 230
2.87268 1.65409 0.99324 180 200 230
2.45509 -2.57265 5.44226 180 200 230
-3.32397 -0.33514 1.63070 180 200 230
1.65613 3.32431 8.36810 180 200 230
-1.65906 3.13739 5.38407 180 200 230
1.07454 -3.25531 3.27075 180 200 230
2.43187 -2.58230 5.47184 180 200 230
-3.23879 -0.40323 0.22052 180 200 230
-3.69946 0.46000 8.65114 180 200 230
0.01615 -3.49737 4.50159 180 200 230
1.67983 -3.23682 7.14964 180 200 230
0.30688 -3.28018 0.79641 180 200 230
-2.61877 2.32553 4.54062 180 200 230
-2.20633 -2.73368 4.57655 180 200 230
2.32596 -2.90851 8.47552 180 200 230
2.05765 2.89902 5.30059 180 200 230
-2.66552 2.25819 4.42219 180 200 230
3.18207 1.18232 2.53256 180 200 230
-2.87626 1.85392 3.13004 180 200 230
0.49070 -3.48200 4.84597 180 200 230
1.13993 3.29756 4.10911 180 200 230
-3.14560 -0.84753 0.20931 180 200 230
3.56070 0.83325 7.52535 180 200 230
2.95908 -2.21738 8.12224 180 200 230
1.41139 -2.99913 1.34446 180 200 230
-3.48957 -0.53942 5.14401 180 200 230
-0.90599 -3.17700 1.04329 180 200 230
2.85473 2.18338 6.18824 180 200 230
1.90793 -2.79950 2.66567 180 200 230
-0.77814 -3.50826 6.07548 180 200 230
2.63281 2.47135 6.66694 180 200 230
3.61304 -0.44054 7.02786 180 200 230
3.27282 0.46643 1.03519 180 200 230
-2.56813 -2.68400 8.29054 180 200 230
1.59247 2.97391 2.19020 180 200 230
-0.62887 -3.21508 0.36117 180 200 230
3.19414 1.51302 5.15112 180 200 230
3.00437 1.67883 3.49106 180 200 230
-3.58972 0.77186 7.55465 180 200 230
3.66197 -0.13790 7.36934 180 200 230
-0.56726 3.37326 2.99681 180 200 230
-2.83555 -2.42266 8.60310 180 200 230
-3.38099 -0.39692 2.75474 180 200 230
1.92346 -2.94350 4.79555 180 200 230
-0.81322 3.28799 2.43029 180 200 230
-3.51011 -1.26233 8.46005 180 200 230
3.17697 -1.01852 1.57432 180 200 230
-1.62281 2.84153 0.43378 180 200 230
-3.22543 1.29099 4.07528 180 200 230
2.87028 -2.41078 8.93582 180 200 230
-1.82748 3.20397 8.08446 180 200 230
-2.65674 2.47376 6.85424 180 200 230
-1.23506 3.49105 8.07609 180 200 230
1.35094 -3.44167 8.09908 180 200 230
3.18794 -1.49067 4.82953 180 200 230
-2.32824 -2.51388 2.98530 180 200 230
-2.59857 -2.55422 7.05685 180 200 230
-2.75653 2.28029 6.09608 180 200 230
3.42772 0.26942 3.51634 180 200 230
1.51740 2.92956 0.90861 180 200 230
2.17819 2.89873 6.83865 180 200 230
2.52959 2.25517 2.49079 180 200 230
-2.10872 -3.06328 8.46721 180 200 230
2.21568 2.55656 2.29039 180 200 230
2.84232 1.69626 1.17825 180 200 230
-2.71520 2.46810 7.56617 180 200 230
0.02046 3.33254 1.46722 180 200 230
2.03697 2.65557 1.71236 180 200 230
2.16127 2.82745 5.54643 180 200 230
-0.14341 3.67616 7.93863 180 200 230
-3.26501 -0.76976 1.87387 180 200 230
0.17349 -3.40784 2.93421 180 200 230
2.19598 -2.91420 7.10332 180 200 230
0.03332 -3.74029 8.76273 180 200 230
-2.43167 -2.53190 4.66710 180 200 230
2.78312 -1.82505 1.37837 180 200 230
-3.23918 -0.40376 0.13454 180 200 230
-2.25937 -2.51004 2.18477 180 200 230
-2.82249 1.75115 1.26393 180 200 230
-1.68557 3.18909 6.23514 180 200 230
-1.62660 2.88484 1.16933 180 200 230
2.09074 2.81459 4.71764 180 200 230
1.04030 -3.45106 6.38100 180 200 230
3.33478 1.20931 5.38466 180 200 230
-1.52382 -2.97611 1.90595 180 200 230
2.40725 -2.74923 7.33427 180 200 230
-3.61599 0.05843 6.56542 180 200 230
3.27882 1.54795 6.77067 180 200 230
-2.98617 1.44162 1.25697 180 200 230
-1.83329 2.76335 1.18740 180 200 230
3.70133 -0.33723 8.38872 180 200 230
-1.24847 -3.22801 3.73407 180 200 230
-0.60943 -3.35001 2.84776 180 200 230
-3.49025 -0.34823 4.55770 180 200 230
-0.90402 -3.46788 6.10632 180 200 230
-0.63909 -3.67151 8.62634 180 200 230
3.11716 1.38063 2.71293 180 200 230
0.63535 3.65482 8.36569 180 200 230
3.24925 0.26533 0.24063 180 200 230
-3.52338 -0.21739 5.15445 180 200 230
2.53772 -2.51234 5.85221 180 200 230
-2.55415 -2.10096 1.01750 180 200 230
-3.32823 -0.00434 1.34456 180 200 230
3.09973 -1.55577 3.93017 180 200 230
1.75242 3.29564 8.71584 180 200 230
3.16733 1.60393 5.51724 180 200 230
3.22470 -1.84456 8.43523 180 200 230
2.98983 -2.09339 7.33655 180 200 230
-1.42931 -3.19079 4.36680 180 200 230
0.09226 3.65103 7.16690 180 200 230
3.20075 -0.61549 0.17264 180 200 230
0.31871 -3.29507 1.04834 180 200 230
-1.69062 -3.26182 7.55142 180 200 230
0.61900 3.60165 7.27109 180 200 230
-3.36848 -0.27766 2.21258 180 200 230
1.54971 -3.15952 4.93641 180 200 230
2.27349 -2.73905 5.60526 180 200 230
-3.41429 -1.38743 7.87984 180 200 230
-3.52672 -0.50857 5.57925 180 200 230
-1.11629 -3.27274 3.87111 180 200 230
-3.39858 -0.60964 3.52036 180 200 230
-3.02007 1.71807 3.99145 180 200 230
3.08750 1.83693 6.00951 180 200 230
2.59016 2.62455 7.87760 180 200 230
0.22472 -3.47584 4.24542 180 200 230
3.34355 0.52233 2.35456 180 200 230
3.19927 1.09098 2.25023 180 200 230
2.99440 -2.04481 6.83189 180 200 230
-1.04136 -3.50187 7.44173 180 200 230
3.29593 0.08726 1.01215 180 200 230
-1.24914 3.04034 0.64152 180 200 230
0.29785 -3.55092 5.50221 180 200 230
-2.88601 1.64373 1.40036 180 200 230
-3.59568 0.71410 7.51083 180 200 230
-3.29761 0.87326 2.93437 180 200 230
0.98829 3.18641 1.37768 180 200 230
-0.66584 -3.66421 8.33223 180 200 230
2.66460 2.01393 1.58285 180 200 230
-3.40081 -0.15505 2.69716 180 200 230
1.60796 2.92294 1.47015 180 200 230
3.16495 0.95265 1.10921 180 200 230
2.02939 2.55751 0.20442 180 200 230
2.23163 -2.39643 0.53475 180 200 230
1.49566 2.98848 1.66892 180 200 230
-0.58233 3.23227 0.51481 180 200 230
2.29834 2.71146 5.47346 180 200 230
-0.32682 -3.58857 6.26219 180 200 230
-3.26058 1.16350 3.69793 180 200 230
3.19666 -1.18193 3.00538 180 200 230
-1.79457 -3.00527 4.70173 180 200 230
-3.62534 -0.72442 7.94142 180 200 230
-2.04042 -3.06959 7.73737 180 200 230
3.16954 0.82284 0.41980 180 200 230
3.18865 -1.02145 1.73335 180 200 230
3.25368 -0.91367 2.25104 180 200 230
-0.55362 3.34042 2.36892 180 200 230
-2.45270 -2.55643 5.29685 180 200 230
1.03300 3.31443 3.90399 180 200 230
-3.13009 -0.96233 0.47555 180 200 230
0.44891 -3.41716 3.51548 180 200 230
3.27298 -1.30011 4.87333 180 200 230
-1.75450 2.79495 0.97751 180 200 230
-1.27476 -3.43909 7.58645 180 200 230
-0.68867 -3.21611 0.50086 180 200 230
0.66892 3.64951 8.36594 180 200 230
-2.27689 -2.39528 0.95277 180 200 230
-2.05994 -3.04843 7.67282 180 200 230
0.32717 -3.68955 8.17729 180 200 230
3.74381 -0.00124 8.82799 180 200 230
3.54183 0.91490 7.31592 180 200 230
1.07495 3.47901 7.12171 180 200 230
2.19401 2.83138 5.92676 180 200 230
2.05819 3.00550 7.11746 180 200 230
-3.19369 0.94423 1.28942 180 200 230
2.55021 -2.43932 4.98335 180 200 230
-3.33178 1.11219 4.78826 180 200 230
-1.80584 -3.21178 7.79272 180 200 230
-2.48787 2.44143 4.32592 180 200 230
-1.46336 3.12694 3.62031 180 200 230
1.80588 -3.08735 5.90126 180 200 230
-1.89375 -2.80729 2.52825 180 200 230
-1.96665 2.67509 1.33958 180 200 230
3.01175 -1.80266 4.46092 180 200 230
-3.46752 0.03243 3.90993 180 200 230
1.27476 3.12041 2.21243 180 200 230
-3.42009 0.36189 3.45990 180 200 230
-1.56933 -3.06566 3.44936 180 200 230
-2.29461 2.53411 3.09263 180 200 230
1.91335 -2.86218 3.56932 180 200 230
-3.52241 -0.74433 6.30651 180 200 230
-3.33629 0.68513 2.80994 180 200 230
2.35044 -2.88850 8.56915 180 200 230
-3.60616 0.85576 8.29387 180 200 230
-3.00377 1.79148 4.48902 180 200 230
2.71907 2.07422 3.10055 180 200 230
-2.28820 2.67941 4.97798 180 200 230
-2.93658 2.21791 7.71561 180 200 230
1.51808 3.25911 6.01515 180 200 230
-3.12037 -1.92089 7.33602 180 200 230
2.18682 2.77728 4.95304 180 200 230
0.58777 3.52306 5.84282 180 200 230
-3.16184 -1.27702 2.72876 180 200 230
-0.43139 3.59955 6.73504 180 200 230
-2.14850 -2.58610 1.92966 180 200 230
-1.31702 -3.35801 6.38555 180 200 230
-1.16638 3.49313 7.81982 180 200 230
2.83537 1.73477 1.26647 180 200 230
-3.56009 0.23630 5.67896 180 200 230
2.74693 1.81425 0.91504 180 200 230
-3.60255 -0.34592 6.65532 180 200 230
-0.49121 -3.26277 0.81304 180 200 230
-2.70748 -2.55307 8.45966 180 200 230
-3.15137 1.06200 1.31685 180 200 230
3.51343 -1.24354 8.65391 180 200 230
2.93494 2.18199 7.30610 180 200 230
2.59140 -2.43344 5.49601 180 200 230
1.12952 -3.46676 7.14871 180 200 230
-3.19540 1.76353 7.25663 180 200 230
2.13732 3.05606 8.54484 180 200 230
1.88761 2.81033 2.40628 180 200 230
3.13430 -1.67707 5.46395 180 200 230
0.33841 3.29368 0.91354 180 200 230
2.50943 -2.53747 5.69474 180 200 230
-3.34624 -0.06929 1.63696 180 200 230
-3.44063 0.84354 5.24084 180 200 230
-2.59024 -2.41747 5.30751 180 200 230
0.75975 3.40284 4.35471 180 200 230
-3.17073 1.53188 4.86329 180 200 230
3.35746 -1.36644 6.98768 180 200 230
0.26954 3.64653 7.29197 180 200 230
3.08949 -1.65865 4.58994 180 200 230
3.55480 -0.12939 5.54839 180 200 230
3.52135 1.19099 8.41992 180 200 230
-3.24352 -0.64791 1.14955 180 200 230
1.56577 2.92688 1.12382 180 200 230
-2.37767 -2.28147 0.84411 180 200 230
3.57420 -0.23518 6.06239 180 200 230
2.76742 -2.09472 3.92542 180 200 230
3.24500 -1.65730 7.07687 180 200 230
0.81976 3.49671 6.17951 180 200 230
-3.30234 -0.89940 3.14910 180 200 230
0.35232 3.68544 8.14081 180 200 230
2.94047 -2.15266 6.97452 180 200 230
1.22682 3.16547 2.56571 180 200 230
1.95233 2.83273 3.42935 180 200 230
3.40940 0.26105 2.97191 180 200 230
1.38249 3.03377 1.50817 180 200 230
1.23070 3.09491 1.41513 180 200 230
3.28845 1.74088 8.46128 180 200 230
2.34649 -2.57092 4.10042 180 200 230
0.64605 -3.38695 3.60435 180 200 230
-0.10181 3.61454 6.69014 180 200 230
0.73432 -3.46277 5.13421 180 200 230
-3.29063 1.75119 8.46101 180 200 230
0.58126 -3.59388 7.12889 180 200 230
-1.54959 3.13773 4.47499 180 200 230
-3.16414 -1.36109 3.54077 180 200 230
-2.75812 2.53802 8.88737 180 200 230
1.38052 3.34331 6.58595 180 200 230
-3.21481 -1.91853 8.58786 180 200 230
0.01729 -3.31163 1.13736 180 200 230
0.07198 -3.68656 7.73216 180 200 230
-2.22002 2.81464 5.87883 180 200 230
-3.29476 -0.38916 1.16985 180 200 230
0.30720 -3.53954 5.44789 180 200 230
3.39195 1.20910 6.30957 180 200 230
2.93006 1.42149 0.11912 180 200 230
-2.48791 2.44998 4.24876 180 200 230
0.60778 3.61249 7.51731 180 200 230
-2.40200 2.41271 2.79594 180 200 230
2.89911 1.93720 4.28737 180 200 230
-2.90731 -1.89691 4.14099 180 200 230
-1.61142 -3.00863 2.85639 180 200 230
0.96596 -3.58934 8.31110 180 200 230
-2.13181 -2.95455 7.13734 180 200 230
-2.63623 2.00846 1.06193 180 200 230
3.43238 -1.48716 8.97553 180 200 230
-0.54721 -3.65255 7.97753 180 200 230
-3.34753 -0.58817 2.68992 180 200 230
0.98380 3.53935 7.61571 180 200 230
-1.96113 -2.66302 1.02249 180 200 230
-3.14365 -2.04302 8.99250 180 200 230
-1.45971 -3.27838 6.13088 180 200 230
0.69614 -3.51418 5.99415 180 200 230
2.84540 -1.68157 0.86973 180 200 230
3.51088 -1.16381 8.12963 180 200 230
-2.24036 -2.39132 0.27977 180 200 230
3.29712 -0.71623 2.28956 180 200 230
2.82517 -1.75769 1.37010 180 200 230
3.64670 0.05991 7.09790 180 200 230
-2.17609 -2.55168 1.89059 180 200 230
1.61401 3.34603 8.24476 180 200 230
-1.00539 3.44502 6.04796 180 200 230
-0.96104 3.12390 0.34951 180 200 230
-3.24147 0.34489 0.05222 180 200 230
3.26500 0.22326 0.49884 180 200 230
0.31716 3.54437 5.60452 180 200 230
3.59791 0.66577 7.31117 180 200 230
-1.97711 -2.74144 2.26793 180 200 230
2.82547 -2.35881 7.72286 180 200 230
3.27972 -0.04557 0.55214 180 200 230
-3.46543 1.16083 7.30693 180 200 230
-0.23699 3.71425 8.39042 180 200 230
2.19854 -2.90517 7.05770 180 200 230
2.72929 2.35064 6.41495 180 200 230
3.62101 -0.59127 7.62529 180 200 230
-0.71858 -3.19940 0.38745 180 200 230
-3.35228 -0.08289 1.92429 180 200 230
2.72472 1.89332 1.19845 180 200 230
3.49495 0.40132 4.70080 180 200 230
-3.49060 -1.00300 6.82437 180 200 230
-3.05912 1.83911 5.81726 180 200 230
2.02072 -3.06934 7.73798 180 200 230
-2.09266 -2.60554 1.48499 180 200 230
-3.29255 1.50170 6.73303 180 200 230
0.50304 3.31158 1.84217 180 200 230
-3.36887 0.41651 2.56781 180 200 230
1.87717 3.08472 6.51761 180 200 230
-1.86476 -3.24613 8.83336 180 200 230
-2.80040 -2.19283 5.65444 180 200 230
1.20814 -3.04742 0.52593 180 200 230
-3.39184 1.11318 5.69595 180 200 230
-0.58654 3.22319 0.40886 180 200 230
1.90752 -3.16184 8.01986 180 200 230
-1.30673 -3.36180 6.51499 180 200 230
-0.89814 -3.22008 1.65455 180 200 230
-3.24134 -0.57798 0.88270 180 200 230
2.38602 -2.35685 1.75225 180 200 230
0.52058 3.70506 8.83198 180 200 230
-2.84081 2.01817 4.28759 180 200 230
1.04331 -3.48997 7.16153 180 200 230
2.39710 2.64976 5.87359 180 200 230
1.26292 -3.30390 5.30769 180 200 230
-2.00081 2.66151 1.38999 180 200 230
2.62261 2.63926 8.54530 180 200 230
2.99729 1.62698 2.85111 180 200 230
1.95904 -2.96087 5.35689 180 200 230
0.64593 -3.55377 6.42889 180 200 230
-0.84848 3.48194 5.98621 180 200 230
2.77506 2.48908 8.49882 180 200 230
0.05796 3.33539 1.42106 180 200 230
0.80994 3.41976 4.73538 180 200 230
-0.36792 -3.44271 3.79297 180 200 230
0.74996 3.41177 4.42835 180 200 230
0.69945 3.23386 1.14458 180 200 230
3.25966 0.67009 1.28521 180 200 230
-2.78911 -1.94350 2.63565 180 200 230
-1.27694 -3.16572 2.88210 180 200 230
-1.97746 -2.85120 4.01010 180 200 230
-3.24526 -1.49236 5.64867 180 200 230
3.49340 -0.75613 5.85781 180 200 230
-3.41001 0.58988 3.86402 180 200 230
2.20794 -2.66428 3.83643 180 200 230
-2.05038 -2.67825 2.07217 180 200 230
3.06264 1.78954 5.44864 180 200 230
1.25806 -3.17235 2.99634 180 200 230
-2.83293 -1.66073 0.34766 180 200 230
-1.97846 -2.85398 3.92342 180 200 230
1.48245 3.16208 4.42807 180 200 230
-3.10774 1.28750 2.14741 180 200 230
2.58685 -2.41146 5.30812 180 200 230
0.76331 3.45883 5.24819 180 200 230
3.61189 0.00283 6.44840 180 200 230
-0.16929 3.58553 5.97456 180 200 230
-3.56373 0.27952 6.01494 180 200 230
1.47638 -3.07317 2.98888 180 200 230
-2.26724 -2.85898 7.19020 180 200 230
3.09838 -1.72717 5.09938 180 200 230
-3.34425 0.95875 4.04157 180 200 230
-2.76473 2.26343 5.78168 180 200 230
0.39986 3.40924 3.39731 180 200 230
0.69857 3.43435 4.77536 180 200 230
-0.31599 -3.61144 6.75085 180 200 230
3.23490 1.78792 8.03897 180 200 230
0.16987 3.70775 8.33367 180 200 230
2.64502 -2.30559 4.69322 180 200 230
-3.11265 -1.63359 4.84247 180 200 230
3.49525 1.05338 7.29771 180 200 230
-0.97010 -3.28168 2.97186 180 200 230
-3.66567 -0.15400 7.62015 180 200 230
2.13967 -2.77563 4.60797 180 200 230
-1.36403 -3.01764 1.11235 180 200 230
3.29081 0.09197 0.69410 180 200 230
1.00787 3.53022 7.65967 180 200 230
-0.16429 3.28056 0.53585 180 200 230
-1.00368 -3.24309 2.65949 180 200 230
-3.41852 -0.20029 3.15354 180 200 230
-0.05373 -3.34962 1.65290 180 200 230
-3.39886 -0.27539 2.96737 180 200 230
-1.69698 3.21066 6.80266 180 200 230
2.59494 1.97809 0.14186 180 200 230
1.07644 3.50860 7.53221 180 200 230
-2.98926 2.14952 7.78408 180 200 230
-3.27623 -1.09771 3.50259 180 200 230
3.08705 -1.25293 1.47039 180 200 230
0.22977 3.55245 5.55931 180 200 230
-1.66654 -2.86232 1.14872 180 200 230
1.97815 2.81635 3.43596 180 200 230
-0.84338 -3.63891 8.64963 180 200 230
3.73700 0.26674 8.96197 180 200 230
-2.02385 -3.01535 7.05832 180 200 230
1.77165 2.92055 2.93991 180 200 230
1.52443 3.25679 6.32361 180 200 230
-3.36890 -1.30717 6.47810 180 200 230
-2.44761 2.43498 3.64549 180 200 230
-3.52512 0.64254 5.91261 180 200 230
-1.17565 3.03102 0.10415 180 200 230
3.21551 -0.96787 1.99247 180 200 230
-0.88936 3.40549 4.88542 180 200 230
-3.21408 -0.86946 1.56657 180 200 230
2.03866 -2.65031 1.58620 180 200 230
-1.88169 -3.14472 7.61111 180 200 230
-1.65581 3.36509 8.90835 180 200 230
-3.34850 -1.14496 5.16085 180 200 230
3.18497 1.82973 7.63443 180 200 230
-3.59387 -1.06095 8.91856 180 200 230
-3.02257 1.39022 1.35657 180 200 230
0.17345 -3.47669 4.19429 180 200 230
1.99461 -2.82282 3.68856 180 200 230
1.02622 3.13267 0.77058 180 200 230
3.16337 1.77904 6.91276 180 200 230
-2.68717 2.20723 4.06312 180 200 230
-3.40066 -0.74110 4.38528 180 200 230
-2.37439 2.32122 1.44312 180 200 230
-2.31440 -2.42036 1.72792 180 200 230
-3.70197 -0.13151 8.21522 180 200 230
3.01389 -1.26783 0.43140 180 200 230
-2.84080 1.81811 2.21496 180 200 230
2.95485 1.68527 2.76548 180 200 230
-1.12166 3.31444 4.57272 180 200 230
-2.78774 -2.18758 5.43228 180 200 230
-0.13231 3.49324 4.60079 180 200 230
-0.39262 3.27522 0.80946 180 200 230
-1.80158 2.85576 2.31598 180 200 230
-0.08923 -3.68004 7.67283 180 200 230
3.32479 -1.31316 5.88393 180 200 230
-2.11366 2.89477 5.98544 180 200 230
1.20644 3.38352 6.17043 180 200 230
-3.19490 1.73980 6.97809 180 200 230
-1.95944 2.63240 0.56049 180 200 230
3.43277 -0.21543 3.45159 180 200 230
-3.43205 0.79282 5.01470 180 200 230
-1.47491 -3.09806 3.19306 180 200 230
3.15717 -1.89974 7.68029 180 200 230
-2.41677 -2.54338 4.50341 180 200 230
0.01421 3.63764 7.02781 180 200 230
-2.87065 -2.29717 7.74547 180 200 230
-2.86258 2.02866 4.70366 180 200 230
-3.27419 1.73755 8.23596 180 200 230
3.52191 -0.46011 5.43786 180 200 230
-0.65655 3.61535 7.73064 180 200 230
-3.35614 0.66352 3.21329 180 200 230
1.88246 2.96082 4.64987 180 200 230
1.52214 3.15937 4.94284 180 200 230
-2.63106 -2.00103 1.00883 180 200 230
0.02204 -3.45317 3.74340 180 200 230
-2.43119 -2.80917 8.30181 180 200 230
-1.70997 3.14385 5.82400 180 200 230
3.11729 1.22558 1.69557 180 200 230
-3.36626 0.63637 3.19704 180 200 230
-3.34471 -0.08975 1.82881 180 200 230
0.42173 -3.23187 0.24033 180 200 230
-2.36436 -2.86864 8.38781 180 200 230
2.39860 -2.51411 4.19429 180 200 230
0.70339 -3.34539 2.90804 180 200 230
-2.36633 2.65442 5.53854 180 200 230
-2.19583 -2.40472 0.07071 180 200 230
-0.05775 -3.38702 2.63581 180 200 230
3.47266 -0.96456 6.45786 180 200 230
-3.14951 1.67133 5.85070 180 200 230
-2.23479 -3.00711 8.84671 180 200 230
-2.78659 2.22777 5.73193 180 200 230
-0.26745 -3.49030 4.45809 180 200 230
3.09522 -1.91034 6.96535 180 200 230
3.23970 -1.80161 8.18288 180 200 230
1.99289 3.01681 6.61168 180 200 230
1.06146 3.57763 8.69032 180 200 230
0.11292 -3.64464 7.14333 180 200 230
-2.50841 -2.70539 7.87159 180 200 230
2.74140 -1.86035 1.09555 180 200 230
-1.41923 3.34867 6.71277 180 200 230
2.01454 -2.84656 4.11990 180 200 230
-1.42536 -3.22552 5.13594 180 200 230
1.20444 3.37580 6.02912 180 200 230
2.61533 2.66491 8.74608 180 200 230
-1.09738 -3.58499 8.86998 180 200 230
1.84952 2.85304 2.72999 180 200 230
0.99692 -3.48620 6.72507 180 200 230
-3.38935 -1.27088 6.86678 180 200 230
-3.38784 0.49592 3.26751 180 200 230
-0.53129 3.28377 1.18793 180 200 230
3.25538 -0.33156 0.39552 180 200 230
-0.63326 -3.58411 7.10330 180 200 230
0.61483 -3.45064 4.56791 180 200 230
0.43844 -3.71219 8.87872 180 200 230
-3.01491 -1.75794 4.34536 180 200 230
3.46772 -1.38056 8.81465 180 200 230
-2.99165 -1.73948 3.86188 180 200 230
-3.62146 -0.45855 7.24421 180 200 230
-0.48995 3.26439 0.81609 180 200 230
-0.70098 3.46867 5.15632 180 200 230
-0.30125 -3.64723 7.31613 180 200 230
-1.88619 3.20004 8.36451 180 200 230
-0.48950 -3.63759 7.49264 180 200 230
3.12237 -0.95613 0.35748 180 200 230
-3.19399 1.28070 3.50742 180 200 230
2.68408 1.88202 0.47000 180 200 230
-1.65563 -2.86263 1.04986 180 200 230
3.58878 0.21499 6.21512 180 200 230
0.83245 -3.51568 6.54683 180 200 230
-3.60183 -0.58564 7.07136 180 200 230
-3.68551 0.23810 7.85985 180 200 230
-3.28379 -1.53120 6.77471 180 200 230
-3.62774 -0.37534 7.30655 180 200 230
-1.46333 2.92733 0.47286 180 200 230
-0.66272 3.30363 2.23091 180 200 230
-3.07912 1.81323 5.74525 180 200 230
2.91264 -2.26193 7.79729 180 200 230
2.14179 2.44081 0.04389 180 200 230
-1.58998 3.13196 4.79191 180 200 230
1.27278 3.35559 6.23289 180 200 230
-2.93019 1.44378 0.28623 180 200 230
2.31195 2.57305 3.76868 180 200 230
0.25111 -3.69640 8.11735 180 200 230
2.86246 2.17653 6.18262 180 200 230
-1.71505 -2.91092 2.25964 180 200 230
-0.40787 3.65024 7.75225 180 200 230
-3.37695 0.59615 3.28138 180 200 230
1.13920 3.50519 7.75638 180 200 230
-0.42195 -3.37823 2.82920 180 200 230
3.35995 -1.13210 5.46664 180 200 230
0.61124 3.40677 3.72823 180 200 230
3.24600 -0.98403 2.60582 180 200 230
-1.68634 3.29560 8.03997 180 200 230
-3.13058 -1.19076 1.79081 180 200 230
-0.98655 -3.14276 0.81640 180 200 230
1.07678 3.26290 3.22478 180 200 230
-3.39413 1.22765 6.58533 180 200 230
3.33827 1.51556 7.36217 180 200 230
-1.22340 -3.54083 8.98962 180 200 230
-2.94971 1.70426 2.80513 180 200 230
2.69139 -2.18006 3.82857 180 200 230
-0.49869 3.28307 1.31153 180 200 230
3.14192 -1.63583 5.32932 180 200 230
2.36953 2.90268 8.97977 180 200 230
-2.81915 -2.24309 6.43909 180 200 230
-1.26691 3.33323 5.50900 180 200 230
1.43491 3.14010 3.68692 180 200 230
3.08735 2.06816 8.28440 180 200 230
-1.96258 -2.91307 4.63254 180 200 230
0.35082 3.30481 1.28804 180 200 230
-3.08662 -1.51969 3.44024 180 200 230
3.25949 -0.42387 0.64736 180 200 230
-1.35297 3.07540 1.92578 180 200 230
3.18174 0.71003 0.17097 180 200 230
2.16891 2.71852 4.24013 180 200 230
2.61010 2.43021 5.85747 180 200 230
-3.34634 0.78598 3.23728 180 200 230
-0.11613 -3.45388 3.94241 180 200 230
-1.07364 3.57412 8.65643 180 200 230
2.21038 2.88098 6.88337 180 200 230
-2.23700 -2.73075 5.02618 180 200 230
-1.07273 3.22009 2.69606 180 200 230
-3.29793 -1.68483 8.12906 180 200 230
3.08734 -1.36405 2.23585 180 200 230
-0.88224 3.31924 3.07186 180 200 230
-3.69655 -0.29073 8.23174 180 200 230
1.23360 -3.30781 4.92478 180 200 230
-1.29630 -3.38024 6.80002 180 200 230
0.03305 -3.55883 5.46967 180 200 230
0.50678 -3.54976 6.02319 180 200 230
-3.30210 -0.84598 2.83304 180 200 230
-3.29252 -0.75907 2.29438 180 200 230
-0.66577 -3.36248 3.04590 180 200 230
-1.07698 -3.15518 1.48760 180 200 230
-1.77504 -3.23156 7.93607 180 200 230
-2.50655 2.29133 2.68393 180 200 230
1.67860 -3.12072 5.20989 180 200 230
0.31636 3.64014 7.22924 180 200 230
2.03216 3.02002 7.15944 180 200 230
-1.95933 2.87676 4.10481 180 200 230
-0.08404 3.49064 4.44731 180 200 230
-1.94549 -3.20553 8.95536 180 200 230
0.42727 3.56541 6.20914 180 200 230
-2.02939 -3.04713 7.42466 180 200 230
-3.68876 -0.30717 8.17658 180 200 230
2.10380 2.99141 7.19111 180 200 230
-0.17666 3.34557 1.76798 180 200 230
-3.51309 -0.48259 5.21583 180 200 230
-0.35164 -3.30018 0.97859 180 200 230
-2.87669 2.13871 6.01870 180 200 230
0.40227 3.71489 8.62347 180 200 230
-0.98141 3.37185 4.77490 180 200 230
2.87812 1.95907 4.05555 180 200 230
3.22453 0.51382 0.34660 180 200 230
3.67804 -0.62694 8.66126 180 200 230
2.71914 1.88335 0.98981 180 200 230
2.31777 2.31450 0.39661 180 200 230
2.32421 -2.44518 2.33858 180 200 230
-1.69649 -2.80809 0.63197 180 200 230
-3.21178 1.36424 4.25613 180 200 230
-2.08353 -2.83104 4.80487 180 200 230
3.12683 -1.35345 2.95528 180 200 230
2.65864 1.91577 0.49188 180 200 230
0.13072 3.30637 1.07188 180 200 230
2.20522 -2.65544 3.61499 180 200 230
0.62852 -3.22439 0.58360 180 200 230
3.60638 -0.13020 6.41518 180 200 230
-1.31160 3.08886 1.97344 180 200 230
3.20450 -1.15627 2.85807 180 200 230
-1.92136 2.87791 3.70255 180 200 230
-0.75375 -3.38138 3.90756 180 200 230
2.40634 -2.18289 0.01620 180 200 230
1.57665 2.90160 1.07674 180 200 230
1.01394 3.54303 7.83721 180 200 230
-2.84060 -1.58399 0.01185 180 200 230
1.94760 -2.91183 4.73433 180 200 230
3.07667 1.66507 4.56649 180 200 230
2.02407 -2.75371 3.14436 180 200 230
-1.92106 2.89983 4.04077 180 200 230
-3.02344 2.02084 7.13154 180 200 230
-1.96632 3.10442 7.65269 180 200 230
2.87978 -1.79022 2.47098 180 200 230
2.32880 2.50486 3.04631 180 200 230
-3.01486 -1.51888 2.30494 180 200 230
2.09111 2.80738 4.47939 180 200 230
3.24762 -1.56339 6.28447 180 200 230
0.99968 -3.21845 2.17201 180 200 230
0.34632 3.39466 3.12289 180 200 230
-1.10096 3.55659 8.41236 180 200 230
-2.41085 2.22112 0.46876 180 200 230
-2.89093 1.95360 4.30736 180 200 230
1.47944 -3.28525 6.53252 180 200 230
-3.05864 -1.31296 1.44059 180 200 230
-2.94153 1.43076 0.45762 180 200 230
-0.63301 -3.25656 1.32487 180 200 230
-3.58194 0.97109 8.31467 180 200 230
2.25244 2.34607 0.08983 180 200 230
2.61265 2.09284 1.79778 180 200 230
-1.50226 2.90505 0.30222 180 200 230
-2.64257 -1.99373 1.06253 180 200 230
2.36081 2.67244 5.73019 180 200 230
-3.20846 -1.04548 2.29712 180 200 230
-0.43519 3.51415 5.27894 180 200 230
-1.19464 -3.34548 5.46515 180 200 230
3.62408 0.65041 7.72302 180 200 230
-3.18603 0.62805 0.04623 180 200 230
3.49114 1.18951 7.75645 180 200 230
-1.73020 3.12357 5.72079 180 200 230
3.30691 0.32466 1.55741 180 200 230
-3.57447 0.70287 7.06491 180 200 230
0.39346 -3.66609 7.77472 180 200 230
2.73664 1.99408 2.41446 180 200 230
-0.34396 -3.69387 8.31450 180 200 230
-3.00933 -1.75924 4.25035 180 200 230
-3.55952 -0.10303 5.58219 180 200 230
-3.03826 -2.19239 8.87072 180 200 230
-1.76371 2.94426 3.40542 180 200 230
-0.90233 -3.54574 7.41202 180 200 230
0.63478 -3.36600 3.00820 180 200 230
0.64482 -3.59794 7.29177 180 200 230
-0.43498 3.53980 5.55800 180 200 230
-1.91865 -2.78192 2.05986 180 200 230
2.06906 2.77733 3.88407 180 200 230
-3.40937 0.09815 3.00195 180 200 230
3.29002 0.05436 0.75229 180 200 230
1.13547 3.06814 0.28815 180 200 230
-2.32581 -2.53145 3.26661 180 200 230
2.30405 -2.32262 0.18356 180 200 230
3.18061 1.01202 1.58256 180 200 230
-3.37956 -1.30264 6.65052 180 200 230
-2.35546 -2.73258 6.50193 180 200 230
3.29228 -1.48924 6.76784 180 200 230
-1.91770 -2.82730 2.99718 180 200 230
2.94545 2.22696 8.07007 180 200 230
2.15015 2.83559 5.49712 180 200 230
-2.17553 -2.49167 1.20952 180 200 230
0.71221 3.24557 1.37697 180 200 230
3.24562 -1.56969 6.37072 180 200 230
2.93702 -1.59817 1.65277 180 200 230
3.33113 -1.11354 4.72596 180 200 230
-1.00127 3.61955 8.93035 180 200 230
-0.67211 -3.18995 0.03839 180 200 230
-1.69202 -2.78125 0.16067 180 200 230
3.66124 0.83298 8.94144 180 200 230
-0.34758 3.54267 5.41532 180 200 230
0.89000 3.19538 1.21742 180 200 230
-2.54786 2.68573 8.13174 180 200 230
3.53398 -1.07375 7.98762 180 200 230
1.99162 -2.90688 4.98483 180 200 230
-0.96105 3.43449 5.74470 180 200 230
-3.34014 -0.63785 2.59009 180 200 230
1.16365 3.06587 0.48750 180 200 230
-0.60941 3.50035 5.50398 180 200 230
3.12070 1.35052 2.79057 180 200 230
-2.24013 -2.79997 6.11287 180 200 230
-2.02715 -3.06170 7.61020 180 200 230
1.72309 -2.77250 0.17550 180 200 230
2.45667 -2.56549 5.51422 180 200 230
1.80828 2.85175 2.20001 180 200 230
-0.16137 -3.68813 7.93216 180 200 230
2.24290 2.53467 2.40895 180 200 230
-2.50310 2.54385 5.64692 180 200 230
-3.52288 -0.34500 5.13910 180 200 230
3.28442 1.05509 3.72179 180 200 230
1.98540 2.99223 6.23570 180 200 230
-0.47870 3.58682 6.65582 180 200 230
2.46558 2.54564 5.25849 180 200 230
3.33450 -1.46550 6.93891 180 200 230
-0.89241 3.63463 8.86054 180 200 230
-3.47683 -0.02560 3.93113 180 200 230
3.51182 -0.07649 4.79148 180 200 230
-2.97290 -1.32308 0.12089 180 200 230
-3.10178 1.92780 7.26441 180 200 230
3.17843 -1.50072 4.84208 180 200 230
0.59638 3.41684 3.82847 180 200 230
1.40862 2.96925 0.90555 180 200 230
-3.60478 -0.81443 8.06680 180 200 230
-3.10697 1.52689 3.71052 180 200 230
1.04663 -3.44164 6.27892 180 200 230
3.21932 0.87006 1.43000 180 200 230
-2.76485 -2.52300 8.67563 180 200 230
-0.81806 -3.24353 1.70465 180 200 230
3.30937 -0.59008 1.90274 180 200 230
2.25108 2.93099 7.80420 180 200 230
0.08759 3.70995 8.26155 180 200 230
3.06369 -1.38463 2.02129 180 200 230
-2.38468 -2.55961 4.38857 180 200 230
3.52618 0.85944 6.72262 180 200 230
3.26509 1.72468 7.97043 180 200 230
0.76095 -3.36058 3.56539 180 200 230
-3.21381 -1.45047 4.81264 180 200 230
-3.32411 -1.44879 6.79446 180 200 230
2.64283 -2.48599 6.70211 180 200 230
0.20397 3.64292 7.15148 180 200 230
1.89553 3.00483 5.28472 180 200 230
-2.49289 -2.16475 1.00556 180 200 230
2.73593 -2.49192 8.18873 180 200 230
-0.35314 3.67407 7.86097 180 200 230
-1.52673 -3.31417 7.28247 180 200 230
1.90182 2.70165 0.95999 180 200 230
1.58609 2.96887 1.94820 180 200 230
2.94826 -2.09959 6.81124 180 200 230
2.40805 2.20406 0.22374 180 200 230
3.70260 0.57084 8.82492 180 200 230
0.53795 -3.40474 3.54783 180 200 230
-2.34598 2.74646 6.59980 180 200 230
-2.94374 2.23466 8.04897 180 200 230
1.06372 -3.28379 3.70763 180 200 230
1.45651 3.09199 3.01540 180 200 230
-2.08739 -2.88549 5.62934 180 200 230
-1.37834 3.26772 5.38357 180 200 230
2.74812 2.11150 3.83938 180 200 230
-1.36519 -3.29563 5.56720 180 200 230
-1.55616 3.38037 8.45491 180 200 230
2.34057 -2.60152 4.36897 180 200 230
2.93640 -1.63755 1.87634 180 200 230
2.00781 -2.79843 3.54854 180 200 230
-1.51801 3.10596 3.70255 180 200 230
0.27937 3.30594 1.25735 180 200 230
2.60210 -2.07661 1.55827 180 200 230
-3.44531 1.04933 6.29607 180 200 230
-0.89818 -3.30272 3.20295 180 200 230
1.73903 -3.30128 8.61994 180 200 230
-0.58344 3.31998 2.31563 180 200 230
2.42107 2.24784 0.95103 180 200 230
-2.56625 -2.56070 6.89710 180 200 230
-3.11945 -1.98495 7.99301 180 200 230
-0.42968 3.36719 2.63627 180 200 230
-2.89059 -1.70231 1.92710 180 200 230
0.84144 -3.24690 1.77330 180 200 230
-2.06819 2.84620 4.85790 180 200 230
0.16857 3.48961 4.37631 180 200 230
-0.52963 -3.34415 2.46279 180 200 230
0.73231 -3.19389 0.43606 180 200 230
3.36132 -0.99285 4.49385 180 200 230
2.24105 2.98815 8.65729 180 200 230
2.74927 -2.29589 6.01530 180 200 230
0.33275 -3.49692 4.61982 180 200 230
-0.98356 -3.15472 1.06345 180 200 230
-1.30413 3.11773 2.39777 180 200 230
3.37134 0.47318 2.79052 180 200 230
-3.63971 -0.17280 6.99427 180 200 230
-0.82150 3.59347 7.95663 180 200 230
-0.91817 3.59280 8.16843 180 200 230
3.35714 -1.65411 8.87027 180 200 230
2.14126 3.06587 8.85184 180 200 230
3.41923 -1.49925 8.60373 180 200 230
-3.28350 -0.07855 0.69225 180 200 230
1.75632 -2.83480 1.32000 180 200 230
-0.71412 3.33349 2.88014 180 200 230
-2.35630 -2.63644 5.13357 180 200 230
-3.10251 -1.15208 0.93208 180 200 230
3.26852 -1.68702 7.69197 180 200 230
1.53538 3.22585 5.69976 180 200 230
0.99125 3.37779 5.04022 180 200 230
3.16559 -1.05138 1.58101 180 200 230
2.76423 1.95482 2.40508 180 200 230
-2.21418 -2.50141 1.53339 180 200 230
3.42056 1.36834 7.74435 180 200 230
3.14625 1.65299 5.41197 180 200 230
-2.97414 -2.08047 6.73686 180 200 230
-3.23207 -1.08096 2.80200 180 200 230
-3.07829 -1.52068 3.49455 180 200 230
-3.42092 0.57156 3.80013 180 200 230
-0.17430 -3.62792 6.95332 180 200 230
3.63939 -0.17877 7.05980 180 200 230
-0.54197 3.31643 1.97124 180 200 230
-1.65754 3.33350 8.50711 180 200 230
-1.46593 2.96636 1.15827 180 200 230
0.30741 -3.67871 8.12225 180 200 230
-1.90545 2.69260 0.96538 180 200 230
-1.50756 -3.04033 2.50992 180 200 230
-3.46032 1.22404 7.69826 180 200 230
-2.60330 -2.09383 1.71481 180 200 230
1.65171 -3.04898 3.87966 180 200 230
-3.46513 -0.30688 4.20906 180 200 230
-3.33577 0.52461 2.33085 180 200 230
-0.38458 3.59213 6.52050 180 200 230
-3.66301 -0.36727 7.73936 180 200 230
-0.28716 3.67457 7.93837 180 200 230
1.90158 -2.85288 3.20119 180 200 230
-2.70092 2.26706 4.93674 180 200 230
2.32394 2.44710 2.36038 180 200 230
0.21294 3.37360 2.32633 180 200 230
-3.25377 -0.71833 1.54278 180 200 230
3.21936 -1.86894 8.49423 180 200 230
-1.15607 3.51577 8.05225 180 200 230
-0.32891 3.62886 7.10321 180 200 230
-2.93247 1.95117 4.81861 180 200 230
3.43642 -0.70592 4.57592 180 200 230
1.98720 -2.91541 4.92673 180 200 230
2.08032 2.85078 4.98783 180 200 230
-2.62956 -2.28191 4.07001 180 200 230
0.86381 -3.20784 1.26326 180 200 230
0.37362 -3.28749 1.20601 180 200 230
-3.71455 0.26076 8.59792 180 200 230
-0.39855 -3.47612 4.49905 180 200 230
-3.22528 -1.86897 8.60580 180 200 230
1.00285 3.18453 1.56442 180 200 230
3.31513 1.21837 5.14736 180 200 230
-2.29920 2.46387 1.97920 180 200 230
3.13010 1.28362 2.40455 180 200 230
-2.58090 2.00160 0.29058 180 200 230
1.57418 -2.91181 1.14198 180 200 230
2.06946 -3.07436 8.29815 180 200 230
3.34008 0.72622 3.03757 180 200 230
3.22793 1.50746 5.62385 180 200 230
-1.68435 -3.05777 4.34568 180 200 230
-3.46718 0.00003 3.75998 180 200 230
2.08292 2.84273 4.94614 180 200 230
1.14487 -3.14710 1.78749 180 200 230
0.78334 3.66599 8.90398 180 200 230
3.23055 1.72740 7.45618 180 200 230
-0.01124 -3.63009 6.79335 180 200 230
-2.71270 -2.19086 4.37979 180 200 230
-2.62008 2.04708 1.46378 180 200 230
-1.30766 -3.47554 8.33024 180 200 230
2.90996 -1.81150 3.22026 180 200 230
3.19764 0.69753 0.48387 180 200 230
-2.38422 -2.46588 3.22950 180 200 230
0.72595 3.58102 7.25072 180 200 230
-3.51907 0.57693 5.75284 180 200 230
-3.22309 1.66832 6.87369 180 200 230
-2.81478 2.32919 7.24363 180 200 230
1.22884 3.12411 2.01976 180 200 230
1.20544 -3.51002 8.35688 180 200 230
-2.53000 2.39021 4.10121 180 200 230
2.71588 -2.32856 5.89637 180 200 230
-1.98589 2.57125 0.02251 180 200 230
1.99958 -3.16342 8.94452 180 200 230
-3.26127 -0.93564 2.66225 180 200 230
-2.47082 2.16113 0.59851 180 200 230
-0.99636 -3.35326 4.28414 180 200 230
0.75824 -3.23387 1.23735 180 200 230
-3.30472 0.36083 1.45859 180 200 230
-3.19213 1.61587 5.83687 180 200 230
-3.05098 -1.61342 3.69209 180 200 230
-3.19428 -1.89352 8.34034 180 200 230
-3.04708 1.54103 3.01580 180 200 230
0.17471 -3.62585 6.65877 180 200 230
-2.81487 2.05266 4.31064 180 200 230
-3.43398 1.04467 6.08036 180 200 230
-2.80454 -2.18442 5.54943 180 200 230
3.48707 -0.28880 4.41551 180 200 230
-0.25013 3.71969 8.57912 180 200 230
0.38877 3.41377 3.23204 180 200 230
1.48433 3.00060 1.69311 180 200 230
-1.33440 -3.33621 6.23974 180 200 230
-3.50475 1.16084 7.69302 180 200 230
-2.50458 2.10918 0.38871 180 200 230
0.99025 3.33714 4.20688 180 200 230
2.86809 -2.33834 8.09072 180 200 230
-3.40520 1.27029 6.86279 180 200 230
-2.92309 -2.34767 8.93099 180 200 230
2.68155 2.29112 4.94175 180 200 230
2.79714 2.25459 6.08057 180 200 230
3.11219 1.40179 2.86150 180 200 230
-2.50175 2.75474 8.55809 180 200 230
-3.40216 0.58526 3.44838 180 200 230
0.12383 3.63364 6.76599 180 200 230
-2.03056 2.80678 3.78470 180 200 230
3.53707 0.13920 5.21304 180 200 230
-2.14607 2.91173 6.60362 180 200 230
2.57244 2.39060 4.74075 180 200 230
2.56382 2.67525 8.21501 180 200 230
3.45613 0.09788 3.93247 180 200 230
-1.18644 -3.38739 5.96685 180 200 230
3.12003 -1.43755 3.22883 180 200 230
-2.49510 -2.38907 3.83103 180 200 230
2.86613 1.97963 4.11977 180 200 230
3.31000 -0.21557 1.20691 180 200 230
3.25930 -0.50394 0.88241 180 200 230
-3.52259 0.71256 6.14647 180 200 230
2.78636 2.24292 6.04200 180 200 230
-0.65616 -3.52870 6.10642 180 200 230
3.16592 -0.78181 0.19125 180 200 230
0.61368 -3.36624 3.08369 180 200 230
-2.37922 -2.35550 1.88719 180 200 230
-2.79805 -2.33949 7.10989 180 200 230
3.65422 -0.51028 7.81867 180 200 230
3.03154 1.49979 2.34383 180 200 230
2.11854 2.89888 6.14982 180 200 230
1.62024 -2.91194 1.23992 180 200 230
2.07604 2.68035 2.60895 180 200 230
-2.47243 2.22723 1.32858 180 200 230
-0.66862 3.33407 2.68623 180 200 230
0.14844 3.60200 6.20957 180 200 230
3.66150 0.59696 8.24239 180 200 230
-3.07333 -1.35873 1.93087 180 200 230
-2.87383 2.05395 5.03700 180 200 230
-3.41505 -1.14747 6.44356 180 200 230
-1.25050 3.50737 8.60362 180 200 230
3.32377 -1.28081 5.64100 180 200 230
-2.84625 -1.84027 2.42215 180 200 230
3.46653 -0.86208 5.77701 180 200 230
-2.00868 2.76449 3.02799 180 200 230
3.74531 0.05388 8.79880 180 200 230
0.67312 -3.38229 3.75393 180 200 230
1.67920 -3.17730 6.30410 180 200 230
3.03144 1.17175 0.22539 180 200 230
-2.44426 -2.45562 3.75655 180 200 230
-1.95765 -3.12881 7.94265 180 200 230
2.17401 2.82956 5.64214 180 200 230
-3.29249 -1.12784 4.15529 180 200 230
0.15913 3.72169 8.45943 180 200 230
3.66095 0.37978 7.76215 180 200 230
2.29310 -2.53889 3.04371 180 200 230
-3.52757 0.18424 5.05910 180 200 230
0.69359 -3.43622 4.56900 180 200 230
-0.60724 -3.53082 5.83590 180 200 230
3.41440 -0.13511 3.15377 180 200 230
-3.12509 1.28404 2.32089 180 200 230
-3.33221 1.63112 8.26236 180 200 230
-0.73624 3.64085 8.35747 180 200 230
-2.59563 -2.60043 7.67094 180 200 230
-3.72293 0.32568 8.81682 180 200 230
-0.48387 -3.60435 6.82239 180 200 230
-2.25706 2.85341 6.99340 180 200 230
2.48423 2.67373 6.97472 180 200 230
2.27320 -2.66376 4.48603 180 200 230
1.64163 -3.07491 4.26844 180 200 230
-2.00364 2.72164 2.28362 180 200 230
-1.31088 -3.33240 5.94743 180 200 230
-3.40504 0.16266 2.73964 180 200 230
0.23284 -3.37212 2.44788 180 200 230
-2.73145 2.25583 5.42804 180 200 230
-3.37901 -0.76956 3.84707 180 200 230
3.15003 1.19745 2.08387 180 200 230
1.66553 3.26422 7.43669 180 200 230
0.73115 -3.61451 7.81826 180 200 230
-2.45838 2.26348 1.60328 180 200 230
3.16799 0.71033 0.07313 180 200 230
1.69569 2.97879 3.17181 180 200 230
-3.11050 1.93045 7.27674 180 200 230
-0.73591 -3.60060 7.63522 180 200 230
-2.16986 2.50897 1.32607 180 200 230
-0.11013 -3.63984 7.07712 180 200 230
2.08146 -2.57942 1.11074 180 200 230
-1.87619 2.91026 3.66526 180 200 230
1.16398 -3.55382 8.98886 180 200 230
2.34338 2.39942 1.83768 180 200 230
-2.86689 1.68859 1.47396 180 200 230
2.84044 1.99796 3.96349 180 200 230
3.37830 1.15731 5.72564 180 200 230
3.41602 1.46622 8.43406 180 200 230
2.96206 2.29023 8.83853 180 200 230
1.68917 -2.82673 0.67081 180 200 230
-3.19832 -0.90044 1.32261 180 200 230
3.44705 -1.18289 7.21907 180 200 230
-3.30327 -0.80404 2.56635 180 200 230
-2.55459 -2.67659 8.02547 180 200 230
1.43737 3.29223 6.11103 180 200 230
-3.19933 -0.83391 1.07436 180 200 230
-2.76198 2.42569 7.57800 180 200 230
3.04737 -1.40056 1.68447 180 200 230
3.17515 -1.39964 3.96998 180 200 230
1.12414 3.35183 5.12723 180 200 230
-2.55232 -2.40074 4.66768 180 200 230
-2.32441 -2.74505 6.31037 180 200 230
-3.30616 -1.37031 6.01694 180 200 230
2.66062 2.63830 8.93308 180 200 230
-2.12584 -3.08683 8.99524 180 200 230
1.06817 -3.35294 4.80799 180 200 230
-1.85673 2.72376 0.91578 180 200 230
-3.60481 -0.33051 6.67385 180 200 230
2.78046 2.49285 8.80396 180 200 230
3.09901 -1.44194 3.00793 180 200 230
2.68887 2.21131 4.31176 180 200 230
0.89769 3.35390 3.98153 180 200 230
-0.98256 3.12537 0.49634 180 200 230
1.64785 -3.19477 6.18842 180 200 230
-1.04548 -3.26336 3.33035 180 200 230
3.64919 0.16094 7.19026 180 200 230
1.48764 3.35424 7.57484 180 200 230
0.00348 -3.66671 7.48119 180 200 230
-2.84555 1.96445 3.90844 180 200 230
3.36637 0.55953 3.03800 180 200 230
3.53608 -0.81571 6.85615 180 200 230
2.13004 2.98003 7.31015 180 200 230
-3.49961 -0.23048 4.58183 180 200 230
0.03915 3.70019 8.09536 180 200 230
-0.26128 -3.31168 1.37882 180 200 230
0.61634 -3.63574 7.97672 180 200 230
-2.63765 1.98766 0.92401 180 200 230
-1.81440 -2.79841 1.46936 180 200 230
2.96672 -1.90705 4.96351 180 200 230
1.30485 -3.02528 0.65032 180 200 230
-2.81778 1.66887 0.50979 180 200 230
-3.03384 1.16875 0.00498 180 200 230
2.62869 -2.26293 4.08667 180 200 230
3.55970 0.78097 7.07946 180 200 230
3.24245 0.46795 0.33629 180 200 230
0.98128 3.44169 6.01316 180 200 230
1.72013 -3.24276 7.49731 180 200 230
1.91193 2.74648 1.60586 180 200 230
-0.73095 3.24335 1.40673 180 200 230
-2.53947 -2.67275 7.82029 180 200 230
1.47531 3.36523 7.49709 180 200 230
-1.15617 3.33470 5.00907 180 200 230
-3.58959 0.75719 7.46358 180 200 230
0.45119 3.25963 0.89271 180 200 230
3.45494 -0.16481 3.70588 180 200 230
1.87729 3.10473 6.76020 180 200 230
1.98515 -2.73459 2.44461 180 200 230
-3.56394 0.67754 6.88674 180 200 230
2.41958 2.54832 4.69784 180 200 230
2.66973 2.45968 6.86867 180 200 230
-3.49680 -0.00650 4.34233 180 200 230
-2.08543 2.74077 3.46324 180 200 230
0.32516 3.35050 2.08720 180 200 230
3.24830 -0.85714 1.98601 180 200 230
-3.53788 0.82871 6.87912 180 200 230
2.99105 -1.43487 1.14116 180 200 230
1.69695 2.82867 0.82737 180 200 230
1.35655 3.05371 1.68454 180 200 230
-2.75790 -1.90042 1.67517 180 200 230
-0.45710 3.64123 7.49720 180 200 230
1.37531 3.17476 3.74262 180 200 230
3.10237 2.09942 8.91919 180 200 230
2.95095 1.53338 1.31497 180 200 230
0.07118 -3.57482 6.02464 180 200 230
-0.69938 3.41355 4.19849 180 200 230
3.43150 -0.46817 3.69134 180 200 230
1.50631 3.37112 7.94236 180 200 230
-2.28138 2.96235 8.79467 180 200 230
-2.60576 2.60875 7.92360 180 200 230
-3.35441 -0.00322 1.83492 180 200 230
2.31385 -2.44435 2.10232 180 200 230
1.82424 -3.09481 6.04604 180 200 230
3.39114 0.21242 2.73806 180 200 230
-3.04890 1.95497 6.73377 180 200 230
1.66453 -3.12299 5.25415 180 200 230
3.54337 0.00440 5.11537 180 200 230
-3.58654 -0.76956 7.54415 180 200 230
-0.21478 3.60326 6.52318 180 200 230
-2.77722 1.69544 0.25762 180 200 230
-2.87026 1.57079 0.47768 180 200 230
-2.76931 2.24001 5.56558 180 200 230
2.72754 -2.20069 4.53629 180 200 230
-3.29553 -0.76852 2.46984 180 200 230
2.85052 -1.97020 3.92617 180 200 230
-0.53069 -3.60571 6.93434 180 200 230
-2.18493 2.96322 7.52673 180 200 230
-3.54216 0.14333 5.20743 180 200 230
-2.66329 2.20725 3.62250 180 200 230
1.61191 -2.99529 2.56685 180 200 230
1.34921 3.26294 4.85635 180 200 230
3.14491 -1.32792 2.97509 180 200 230
-3.09438 -1.71191 5.23355 180 200 230
-2.75222 -2.32851 6.22641 180 200 230
-3.26231 -0.34568 0.63726 180 200 230
-3.05703 -1.08969 0.01063 180 200 230
-1.66021 -2.91812 2.02277 180 200 230
-2.07891 -3.06048 8.10804 180 200 230
0.79771 3.48100 5.96095 180 200 230
-2.89677 -1.65085 1.64400 180 200 230
-2.25803 2.92519 8.07201 180 200 230
-2.27305 -2.64555 4.39055 180 200 230
-3.34528 -1.03685 4.44522 180 200 230
1.59059 3.36261 8.45636 180 200 230
-0.31459 -3.26966 0.57359 180 200 230
-3.24417 0.89817 2.04954 180 200 230
-3.36656 -1.12767 5.42591 180 200 230
-1.56890 -2.96957 1.86471 180 200 230
-2.06290 -2.94984 6.25197 180 200 230
-0.02263 -3.36164 2.03958 180 200 230
0.88427 3.17366 0.95376 180 200 230
2.58535 2.14951 1.97275 180 200 230
-1.68436 -3.02677 3.96338 180 200 230
0.29421 3.33243 1.68287 180 200 230
2.49741 2.19077 1.29120 180 200 230
2.49645 2.70022 7.81636 180 200 230
-1.31453 3.15670 3.02700 180 200 230
3.43515 -0.17742 3.39785 180 200 230
1.80525 2.73923 0.53321 180 200 230
-1.03222 3.27915 3.36681 180 200 230
2.97496 -1.61767 2.51281 180 200 230
3.47219 -0.81498 5.64452 180 200 230
0.44472 3.32574 1.95813 180 200 230
2.69866 -2.51980 8.05596 180 200 230
2.39091 2.85043 8.40640 180 200 230
0.23957 -3.29931 0.95946 180 200 230
3.29930 0.27026 1.03171 180 200 230
-2.75683 1.83281 1.10736 180 200 230
0.05958 3.55787 5.72547 180 200 230
-0.94679 -3.18466 1.17004 180 200 230
3.65204 0.36969 7.74895 180 200 230
-3.54838 0.79546 6.90315 180 200 230
-1.20738 -3.47151 7.46845 180 200 230
3.37204 1.01896 4.89399 180 200 230
2.99733 -2.25340 8.97200 180 200 230
-2.10687 2.50811 0.42650 180 200 230
1.75647 2.98138 3.76779 180 200 230
0.52694 3.39102 3.05903 180 200 230
-1.97256 3.15601 8.56747 180 200 230
1.12894 3.35749 5.34704 180 200 230
-3.64873 -0.24288 7.35197 180 200 230
-2.24729 -2.48324 1.62785 180 200 230
-3.41497 1.51795 8.82045 180 200 230
-3.14787 1.55362 4.64818 180 200 230
0.69471 -3.44169 4.60338 180 200 230
-1.17851 3.54976 8.75477 180 200 230
-2.47635 -2.40787 3.58031 180 200 230
2.70954 -2.15899 3.73339 180 200 230
0.63243 3.49572 5.41673 180 200 230
-2.41864 -2.26842 1.22836 180 200 230
3.23818 -1.09796 3.03337 180 200 230
-3.29218 -0.62363 1.84368 180 200 230
3.28284 -0.47990 0.99193 180 200 230
-1.35729 3.42523 7.86624 180 200 230
-3.26940 -1.39761 5.45729 180 200 230
-1.28348 3.18105 3.37921 180 200 230
3.46279 0.08094 3.83519 180 200 230
3.47267 -0.05874 4.04281 180 200 230
0.22332 3.57110 5.84452 180 200 230
3.66618 -0.62557 8.38184 180 200 230
-2.13201 -3.05523 8.43257 180 200 230
2.84947 -1.96454 3.67842 180 200 230
3.34997 -0.70027 3.10873 180 200 230
-3.16844 -1.43850 4.21977 180 200 230
3.53850 -0.00686 5.26768 180 200 230
0.37941 -3.47066 4.31673 180 200 230
-3.54791 -0.53488 6.06989 180 200 230
-1.98926 -2.92487 5.14691 180 200 230
1.17172 3.20840 3.03015 180 200 230
3.43003 0.23815 3.25969 180 200 230
-0.14672 3.43735 3.56146 180 200 230
-3.02617 1.31020 0.91036 180 200 230
0.45814 3.30120 1.58828 180 200 230
-3.60338 -0.31861 6.63270 180 200 230
-1.89121 -2.89667 3.65660 180 200 230
-1.87589 -2.79012 2.04376 180 200 230
2.78065 -2.19168 5.22062 180 200 230
3.55630 -0.76404 6.91412 180 200 230
2.61689 -2.14570 2.44406 180 200 230
-2.67269 -2.51536 7.52890 180 200 230
1.01993 3.57461 8.38820 180 200 230
3.32969 -1.23549 5.52918 180 200 230
1.63257 3.19717 6.15952 180 200 230
1.90404 2.67073 0.50728 180 200 230
-1.53680 3.39968 8.54045 180 200 230
-3.09767 -1.54431 3.68749 180 200 230
-1.55468 -3.38481 8.35713 180 200 230
3.53813 0.29620 5.36543 180 200 230
0.56935 -3.20017 0.04486 180 200 230
1.48436 2.91410 0.37239 180 200 230
-1.03577 3.44486 6.25993 180 200 230
-1.54825 3.18125 5.22072 180 200 230
-1.61729 2.83764 0.25649 180 200 230
0.23633 -3.62275 6.80940 180 200 230
3.55357 0.93491 7.74671 180 200 230
1.15827 3.31610 4.62804 180 200 230
3.44844 0.48679 4.35287 180 200 230
0.57517 -3.20056 0.05308 180 200 230
3.63572 -0.37315 7.18309 180 200 230
-1.84422 -2.88784 3.12192 180 200 230
-3.11486 -1.98057 7.97391 180 200 230
2.89432 -1.88651 3.50994 180 200 230
-0.11014 3.53731 5.24217 180 200 230
3.09179 1.37180 2.56460 180 200 230
-3.33106 -0.20894 1.53617 180 200 230
-0.23616 3.62688 7.08247 180 200 230
-3.33889 1.05984 4.63013 180 200 230
-3.39794 0.95717 4.98705 180 200 230
-1.56398 3.38796 8.70899 180 200 230
-3.72208 0.32061 8.69321 180 200 230
-2.68226 2.51400 7.77662 180 200 230
2.54257 2.18706 1.79071 180 200 230
2.37451 -2.63519 5.50168 180 200 230
-1.11495 -3.52726 7.96819 180 200 230
3.32803 0.88373 3.52345 180 200 230
2.47324 2.20227 0.97145 180 200 230
3.00455 2.08396 7.39319 180 200 230
3.24863 1.32757 4.49605 180 200 230
3.29544 1.28222 5.23622 180 200 230
2.05693 3.11482 8.85034 180 200 230
2.05504 -2.90965 5.61573 180 200 230
1.64135 -3.06573 3.98307 180 200 230
0.71280 -3.37292 3.48214 180 200 230
-2.60966 -2.29219 3.91626 180 200 230
-0.54991 -3.27129 1.13630 180 200 230
-0.26386 -3.63931 7.25353 180 200 230
2.82327 -2.35622 7.62256 180 200 230
-0.37645 -3.37925 2.69439 180 200 230
-0.28944 -3.39380 2.87409 180 200 230
1.23047 -3.48069 7.93597 180 200 230
-3.06020 -1.13126 0.23188 180 200 230
0.81177 3.43146 4.84350 180 200 230
3.00752 1.76699 4.33372 180 200 230
-3.14395 1.75309 6.34500 180 200 230
2.79535 1.81580 1.56296 180 200 230
1.74875 3.14828 6.15345 180 200 230
3.40512 0.51391 3.54425 180 200 230
-1.10886 3.39774 5.71703 180 200 230
3.20850 -0.61210 0.38762 180 200 230
-2.52967 2.40769 4.31585 180 200 230
0.20139 3.51554 4.85987 180 200 230
-2.76833 1.92105 2.04135 180 200 230
-1.05555 3.15803 1.33767 180 200 230
-1.54206 -2.97438 1.79906 180 200 230
-2.27533 -2.56349 3.24564 180 200 230
3.26110 0.56584 0.93046 180 200 230
-3.71274 -0.26459 8.55620 180 200 230
3.36104 0.77793 3.80242 180 200 230
-1.60881 -3.27686 7.37632 180 200 230
3.43069 -1.46395 8.78521 180 200 230
2.75482 -1.80988 0.77718 180 200 230
0.98747 3.45653 6.00708 180 200 230
-0.16997 -3.67539 7.91162 180 200 230
0.95462 -3.44138 5.85449 180 200 230
2.28688 -2.61483 4.02010 180 200 230
-0.20988 3.47576 4.03828 180 200 230
-3.11077 0.99274 0.34713 180 200 230
0.62849 3.47267 4.97020 180 200 230
3.70213 0.56990 8.94581 180 200 230
-2.02554 -3.14840 8.65152 180 200 230
-2.97365 1.36603 0.39022 180 200 230
0.04273 3.61162 6.48162 180 200 230
1.95327 -2.79397 2.85510 180 200 230
-3.70102 0.10047 8.18024 180 200 230
3.27710 -0.11004 0.43538 180 200 230
0.99936 -3.57719 8.45950 180 200 230
2.49449 -2.68288 7.62126 180 200 230
0.48379 -3.27639 1.12805 180 200 230
2.58480 2.02915 0.57676 180 200 230
3.36712 1.45781 7.59712 180 200 230
2.87033 -1.69559 1.49061 180 200 230
2.27443 2.68676 4.97336 180 200 230
-2.88122 2.34640 8.28821 180 200 230
-2.73323 -2.25855 5.26294 180 200 230
0.81981 3.35878 3.73112 180 200 230
0.53858 3.44033 4.16492 180 200 230
-3.20341 0.68986 0.60897 180 200 230
-2.39285 2.85957 8.73738 180 200 230
-1.51910 -3.05581 2.93725 180 200 230
2.98680 1.52365 1.80730 180 200 230
-3.39487 0.24018 2.70955 180 200 230
1.70952 3.31690 8.70017 180 200 230
-2.58865 -2.05328 0.90661 180 200 230
2.75269 2.46437 7.87559 180 200 230
1.16672 3.41695 6.49960 180 200 230
1.21949 -3.46291 7.55665 180 200 230
0.34784 3.72148 8.79729 180 200 230
-0.29834 -3.66284 7.66085 180 200 230
-0.53780 3.68530 8.52268 180 200 230
0.31245 3.31144 1.21715 180 200 230
-1.11190 3.48495 7.26200 180 200 230
2.59157 -2.40525 5.06900 180 200 230
-2.81705 2.12437 5.04990 180 200 230
0.14494 3.69520 8.14578 180 200 230
-3.64013 -0.85313 8.76263 180 200 230
-2.72190 2.38025 6.47301 180 200 230
0.87687 -3.39767 4.50668 180 200 230
3.46860 -0.20848 4.26860 180 200 230
-3.41580 -0.57570 3.63113 180 200 230
-3.28434 1.02739 3.40548 180 200 230
-1.90874 2.88459 3.67867 180 200 230
3.24324 -0.54844 0.86402 180 200 230
-3.27212 0.34495 0.74585 180 200 230
1.59551 3.28274 7.12463 180 200 230
3.41123 -0.66816 4.17486 180 200 230
3.59180 -0.90103 8.41602 180 200 230
-3.27924 1.40135 5.65993 180 200 230
-1.89099 2.66611 0.33996 180 200 230
-1.41419 -3.02687 1.50695 180 200 230
1.59790 -2.95368 1.96201 180 200 230
-3.73807 0.03448 8.79590 180 200 230
-1.63818 2.94411 2.08248 180 200 230
-1.11763 3.33989 4.80151 180 200 230
-1.72046 3.29436 8.46194 180 200 230
2.76077 2.52906 8.80788 180 200 230
0.60316 -3.31789 2.24784 180 200 230
2.58939 2.00749 0.47414 180 200 230
-2.67719 1.98875 1.47009 180 200 230
1.67279 -2.83084 0.61038 180 200 230
-2.76423 1.90135 1.86150 180 200 230
-0.98186 3.39857 5.27340 180 200 230
3.50576 -1.18177 8.26104 180 200 230
2.46930 2.51768 4.99380 180 200 230
2.68026 -2.36734 5.78132 180 200 230
3.10689 1.27725 1.92477 180 200 230
-3.13037 1.89055 7.30352 180 200 230
-2.41362 -2.62659 5.70921 180 200 230
-2.52498 2.68753 7.84885 180 200 230
-3.63347 -0.80275 8.56918 180 200 230
0.97933 3.29360 3.27979 180 200 230
-2.99679 -1.38804 0.87119 180 200 230
2.23409 2.51995 2.15035 180 200 230
0.99387 -3.33502 4.09990 180 200 230
-3.21281 -1.86723 8.54275 180 200 230
-3.42639 0.39066 3.55842 180 200 230
3.42813 1.22610 7.04626 180 200 230
-3.53533 0.00501 5.02249 180 200 230
-3.08262 -1.30120 1.74584 180 200 230
-0.33639 3.40611 3.02993 180 200 230
-1.57428 -3.21812 6.02119 180 200 230
3.17395 1.66180 6.19426 180 200 230
0.89192 3.35869 4.07216 180 200 230
-0.26353 -3.36154 2.17559 180 200 230
2.17776 2.88998 6.62209 180 200 230
0.09341 3.33922 1.61444 180 200 230
-2.16907 -3.01946 8.46605 180 200 230
-0.44378 -3.31849 1.79381 180 200 230
3.13038 1.04961 1.03133 180 200 230
2.44848 2.49788 4.63994 180 200 230
-3.31842 1.16844 4.83580 180 200 230
-2.92951 -1.93211 4.73422 180 200 230
-3.33676 0.99719 4.08908 180 200 230
-2.25165 -2.98210 8.95704 180 200 230
0.13189 -3.50104 4.53715 180 200 230
3.33365 -1.09374 4.46163 180 200 230
-2.03679 2.80782 3.95430 180 200 230
1.70615 2.80808 0.64415 180 200 230
-0.31437 3.54319 5.48943 180 200 230
2.01396 2.70580 2.16917 180 200 230
-2.81427 2.20441 5.88411 180 200 230
2.27818 -2.34891 0.49092 180 200 230
-2.14466 3.06955 8.84329 180 200 230
2.06858 2.80331 4.38218 180 200 230
-3.66825 -0.52519 8.12687 180 200 230
3.49028 -0.17682 4.44085 180 200 230
1.24311 3.03784 0.58185 180 200 230
0.63836 -3.60742 7.48984 180 200 230
1.59640 -3.21463 5.97666 180 200 230
-2.96920 2.11933 7.14110 180 200 230
-2.53716 -2.36913 4.01245 180 200 230
-3.25737 1.47388 5.88698 180 200 230
-0.28486 3.67052 7.78136 180 200 230
-3.20620 1.60535 5.82568 180 200 230
2.82968 1.93060 3.27829 180 200 230
-0.96033 -3.46381 6.10278 180 200 230
1.71660 -3.16033 6.18471 180 200 230
-1.31953 3.49869 8.66769 180 200 230
-3.15073 -1.39829 3.49067 180 200 230
0.38855 3.44956 3.98434 180 200 230
2.55213 2.63228 7.40266 180 200 230
-1.81441 -3.00810 4.71215 180 200 230
2.41496 2.70847 6.74949 180 200 230
0.69771 -3.42556 4.29738 180 200 230
-0.45846 3.33312 2.05261 180 200 230
1.51359 -3.29612 6.82478 180 200 230
-2.24759 2.43896 1.25786 180 200 230
-2.28049 2.46414 1.89395 180 200 230
0.01284 -3.56720 5.78920 180 200 230
-3.62085 -0.23388 6.84269 180 200 230
1.12043 3.52176 8.10977 180 200 230
2.00325 -2.74240 2.58474 180 200 230
-1.77377 2.78908 1.06372 180 200 230
2.97334 2.24054 8.63013 180 200 230
-2.87391 1.67532 1.47835 180 200 230
-2.99643 -1.50221 1.88562 180 200 230
-2.62197 -2.16590 2.75875 180 200 230
1.80584 -3.02707 4.92374 180 200 230
-3.56979 -0.95028 8.00850 180 200 230
0.59827 3.58886 6.95759 180 200 230
-0.26464 3.60379 6.50219 180 200 230
2.69711 1.98141 1.67375 180 200 230
-0.30275 -3.41429 3.37025 180 200 230
2.74691 2.15687 4.46666 180 200 230
-2.62171 -2.05513 1.41171 180 200 230
-2.78446 -1.94254 2.59265 180 200 230
0.75591 -3.33220 2.91552 180 200 230
2.95282 1.49590 1.22129 180 200 230
1.02968 3.37807 5.11005 180 200 230
3.04121 -1.94176 6.47509 180 200 230
-2.95535 -1.44175 0.67387 180 200 230
-3.37673 0.91943 4.49081 180 200 230
-0.05328 -3.64890 7.14496 180 200 230
2.97022 -2.08665 6.84887 180 200 230
-0.29962 3.65728 7.42794 180 200 230
2.84355 -2.02595 4.19367 180 200 230
2.83890 2.30959 7.47577 180 200 230
3.34423 -0.47203 2.28867 180 200 230
1.75528 2.96171 3.39816 180 200 230
-0.34081 3.32914 1.68486 180 200 230
2.86724 1.99084 4.36805 180 200 230
1.14358 -3.26125 3.68390 180 200 230
3.35281 -0.33326 2.29075 180 200 230
-1.05660 3.47515 6.88173 180 200 230
-1.55865 3.03016 2.96708 180 200 230
-0.61500 3.34011 2.58677 180 200 230
1.86579 2.73906 1.25547 180 200 230
0.81099 -3.38324 4.10885 180 200 230
3.16560 1.26994 2.86612 180 200 230
3.37313 -0.69249 3.47582 180 200 230
3.02600 -1.48678 2.24448 180 200 230
2.67536 2.46340 6.98035 180 200 230
-3.65921 -0.68669 8.40912 180 200 230
3.50223 -0.15741 4.64206 180 200 230
2.15143 -2.86097 5.93143 180 200 230
-0.80077 -3.59665 7.87502 180 200 230
3.71722 0.52811 8.98989 180 200 230
3.24144 1.48514 5.67145 180 200 230
1.00877 -3.55400 8.06792 180 200 230
-2.64503 2.59744 8.22789 180 200 230
-1.78992 -3.18119 7.22492 180 200 230
-0.23748 -3.48826 4.30842 180 200 230
-2.90734 1.54675 0.78136 180 200 230
2.01895 2.54887 0.15338 180 200 230
-2.64990 2.28652 4.45537 180 200 230
2.42301 -2.54642 4.60895 180 200 230
-1.69160 3.02790 3.82301 180 200 230
3.26672 1.35671 5.26983 180 200 230
3.41764 -0.89741 5.12713 180 200 230
-1.54966 -3.32988 7.61331 180 200 230
-3.19950 -0.83988 1.04383 180 200 230
1.60738 -2.96307 2.14313 180 200 230
-3.09632 1.93346 7.23835 180 200 230
3.65768 -0.34307 7.70975 180 200 230
2.34746 -2.92736 8.95625 180 200 230
-0.70281 3.61696 7.92419 180 200 230
-2.54657 2.67629 8.06895 180 200 230
-0.54907 3.36493 2.97161 180 200 230
-1.86744 -2.91585 3.77129 180 200 230
-2.17297 -2.60434 2.54306 180 200 230
-3.53035 -0.50258 5.60743 180 200 230
3.63212 -0.79176 8.48421 180 200 230
-3.37248 0.59350 3.25043 180 200 230
0.74342 -3.45596 5.17029 180 200 230
-1.85871 -2.85281 2.80465 180 200 230
-3.31944 -0.38094 1.62318 180 200 230
3.22873 0.87446 1.86263 180 200 230
-1.80277 -2.74427 0.55882 180 200 230
-2.32529 -2.90599 8.57296 180 200 230
2.44634 2.44247 3.78273 180 200 230
1.04631 -3.52565 7.59160 180 200 230
-3.51045 0.73862 6.26848 180 200 230
-1.50634 2.99599 1.83140 180 200 230
1.49896 -2.99005 1.67652 180 200 230
-2.02454 3.04562 7.40201 180 200 230
-2.44211 -2.34733 2.51187 180 200 230
-2.74151 -2.50767 8.26728 180 200 230
3.15251 1.08612 1.34152 180 200 230
-3.18665 1.67870 6.23587 180 200 230
0.62496 3.61824 7.42264 180 200 230
1.05029 3.20305 2.23758 180 200 230
-1.90478 -2.80135 2.61892 180 200 230
3.72355 0.26740 8.70131 180 200 230
3.32966 -0.65516 2.51046 180 200 230
-2.74274 2.11672 4.02908 180 200 230
-1.04759 3.30858 4.05202 180 200 230
2.96116 -1.62853 2.40336 180 200 230
-3.63287 0.30493 7.08951 180 200 230
-2.74293 -2.39762 7.05546 180 200 230
-1.14922 -3.24642 3.55876 180 200 230
2.53809 -2.65521 7.60050 180 200 230
2.30203 2.44346 2.03029 180 200 230
2.83174 1.59529 0.04184 180 200 230
3.53516 -0.13977 5.29654 180 200 230
3.74065 0.20901 8.95028 180 200 230
-0.84824 -3.15470 0.37358 180 200 230
-2.57727 -2.16133 1.98220 180 200 230
-3.32816 -1.14068 4.83009 180 200 230
0.81677 -3.56678 7.38422 180 200 230
3.30273 -0.15632 0.85626 180 200 230
3.30921 1.00408 3.71280 180 200 230
-2.72863 -2.39134 6.84101 180 200 230
-0.71315 -3.36664 3.49677 180 200 230
-1.15137 3.13979 1.80282 180 200 230
2.62176 -2.09067 1.86509 180 200 230
-3.33955 0.92505 3.84769 180 200 230
1.78592 2.99736 4.47599 180 200 230
2.24353 -2.91467 7.82946 180 200 230
3.34906 -1.25528 5.92502 180 200 230
2.91658 2.10547 6.34755 180 200 230
0.03952 -3.74206 8.85693 180 200 230
0.75569 3.38219 3.86405 180 200 230
3.45669 0.14609 3.78690 180 200 230
-0.24768 3.70854 8.35286 180 200 230
2.06820 -2.66943 2.33661 180 200 230
2.28760 2.80750 6.69097 180 200 230
2.47285 2.65559 6.90621 180 200 230
-0.22716 -3.29584 0.94016 180 200 230
-2.90601 1.93884 4.37465 180 200 230
1.99493 2.69157 1.91298 180 200 230
0.41955 3.32116 1.76998 180 200 230
0.96547 -3.35447 4.33496 180 200 230
-2.43280 -2.38045 2.74095 180 200 230
0.25079 -3.64656 7.26451 180 200 230
3.02597 2.13446 8.21957 180 200 230
-3.53449 0.95252 7.32178 180 200 230
0.98960 -3.24530 2.52386 180 200 230
-0.33591 3.37411 2.59945 180 200 230
1.64276 2.95243 2.41921 180 200 230
-2.44453 2.24454 1.29469 180 200 230
-1.85911 3.21789 8.52665 180 200 230
1.36499 3.18020 3.77491 180 200 230
3.23441 -0.96298 2.13834 180 200 230
-3.66409 0.39058 7.69911 180 200 230
-2.68687 -2.16861 3.74930 180 200 230
2.37012 2.25691 0.33916 180 200 230
-2.57033 -2.12732 1.54905 180 200 230
-3.35247 -1.21465 5.89911 180 200 230
3.31723 -1.51213 7.15117 180 200 230
-2.86238 1.75860 2.01004 180 200 230
0.74380 -3.64212 8.30218 180 200 230
-1.22721 3.46453 7.73679 180 200 230
-3.23775 -1.75200 7.71399 180 200 230
3.02124 -1.49258 2.16648 180 200 230
-2.31112 -2.31319 0.48818 180 200 230
-0.89038 -3.57567 7.87717 180 200 230
2.43203 -2.40213 2.89198 180 200 230
3.18241 -1.61084 5.71921 180 200 230
0.94360 3.51638 6.95242 180 200 230
1.10902 3.13206 1.23028 180 200 230
-3.46232 -1.13644 7.13335 180 200 230
3.71331 -0.10464 8.48186 180 200 230
-3.60836 0.22355 6.67875 180 200 230
-1.69709 3.04584 4.13023 180 200 230
-3.59202 -0.85667 7.95598 180 200 230
3.23020 1.38330 4.90700 180 200 230
1.60435 3.25968 6.82067 180 200 230
2.16917 2.94341 7.47552 180 200 230
3.57137 0.63292 6.86089 180 200 230
-0.59094 -3.35016 2.72642 180 200 230
-1.51854 2.95846 1.13054 180 200 230
1.65548 2.94679 2.26593 180 200 230
-3.49757 -0.26960 4.68645 180 200 230
-1.56362 3.14437 4.70786 180 200 230
-2.78124 2.21338 5.39786 180 200 230
-1.38606 3.17385 3.71130 180 200 230
3.64682 0.09130 7.18557 180 200 230
-1.40119 -3.43324 8.26657 180 200 230
2.59197 2.16327 2.34459 180 200 230
0.69907 3.56030 6.74909 180 200 230
1.31920 3.35141 6.23819 180 200 230
-1.71768 3.06184 4.86799 180 200 230
1.79043 2.82903 1.79972 180 200 230
-2.08684 2.99110 7.25780 180 200 230
0.15791 3.72899 8.66840 180 200 230
3.34781 1.35515 6.62186 180 200 230
2.54570 -2.69175 8.30683 180 200 230
-1.28253 3.52197 8.86671 180 200 230
2.83636 1.93495 3.31813 180 200 230
-3.54422 -0.48232 5.88942 180 200 230
2.50015 2.44655 4.42595 180 200 230
0.54201 -3.70921 8.88732 180 200 230
3.05425 1.24443 0.90237 180 200 230
-3.37783 0.76315 3.86904 180 200 230
3.46207 -1.27534 7.94641 180 200 230
1.84303 2.86298 2.69091 180 200 230
1.09780 3.48025 7.19330 180 200 230
-2.78397 -2.03512 3.59941 180 200 230
3.71265 -0.47248 8.83150 180 200 230
-2.79153 2.43513 8.01395 180 200 230
-2.02702 -2.74059 2.85100 180 200 230
2.09634 2.97552 7.04128 180 200 230
-2.16704 -2.66683 3.17803 180 200 230
-0.05968 3.56771 5.60786 180 200 230
-2.72056 -2.34696 6.06721 180 200 230
3.11267 1.93882 7.55323 180 200 230
-3.22011 -0.50937 0.23667 180 200 230
0.26541 3.34680 2.09679 180 200 230
-1.50518 -3.28990 6.53484 180 200 230
-0.05184 -3.54046 5.22819 180 200 230
2.02275 -2.85353 4.62154 180 200 230
3.28184 -0.15693 0.53235 180 200 230
-3.31946 0.86665 3.28354 180 200 230
-1.76340 -3.23618 7.85723 180 200 230
3.23723 0.37642 0.29908 180 200 230
2.86221 -1.94287 3.72372 180 200 230
-2.78399 -2.47762 8.53752 180 200 230
-2.88493 1.55440 0.49110 180 200 230
-3.32449 1.45571 6.86384 180 200 230
0.17069 -3.39470 2.44501 180 200 230
1.84335 -3.18645 7.87039 180 200 230
1.29029 -3.38862 6.83236 180 200 230
-3.69163 -0.24588 8.03280 180 200 230
-2.31711 2.43212 2.05694 180 200 230
3.31503 -1.18081 4.94111 180 200 230
-2.42832 -2.72662 7.11936 180 200 230
-3.25629 -0.91623 2.33464 180 200 230
-2.75073 -1.95446 2.19514 180 200 230
-2.23739 -2.37858 0.26282 180 200 230
-0.85703 -3.62726 8.65082 180 200 230
-3.41114 -1.18431 6.51860 180 200 230
2.53389 -2.52260 5.86597 180 200 230
2.31060 -2.80327 6.81393 180 200 230
-3.29720 1.25165 4.94355 180 200 230
1.71054 3.04478 4.44615 180 200 230
-3.09083 -1.61558 4.20560 180 200 230
-2.59096 -2.45583 5.90938 180 200 230
-3.31903 -0.49110 1.92186 180 200 230
2.85302 -2.34283 8.05337 180 200 230
3.04982 2.01766 7.39999 180 200 230
-0.80197 3.34798 3.29473 180 200 230
2.35457 -2.64416 5.36270 180 200 230
3.08324 -1.23391 1.35150 180 200 230
-3.34184 1.67836 8.76717 180 200 230
1.30545 3.46425 8.17944 180 200 230
-3.25843 1.78256 8.34068 180 200 230
-3.30201 0.93313 3.13501 180 200 230
-3.31786 -0.41003 1.61678 180 200 230
-0.51209 3.32050 2.01789 180 200 230
-1.26431 3.04542 0.86595 180 200 230
-1.85412 -2.75004 1.15264 180 200 230
-2.37373 -2.27998 0.68689 180 200 230
-1.96491 -3.18854 8.91445 180 200 230
-2.36057 2.29374 0.71334 180 200 230
-1.71735 2.84413 1.27073 180 200 230
-2.18461 2.94652 7.53302 180 200 230
3.38016 -1.07072 5.37694 180 200 230
-2.88507 2.23078 7.07753 180 200 230
-2.80920 -2.21123 5.82491 180 200 230
-3.64633 -0.52697 8.00348 180 200 230
2.54595 -2.50715 5.89178 180 200 230
-2.39365 2.57750 4.85895 180 200 230
-3.30759 1.45248 6.54241 180 200 230
1.92070 -2.91224 4.18613 180 200 230
1.82960 2.92169 3.26226 180 200 230
-2.88727 -1.94354 4.37013 180 200 230
-2.70232 1.96573 1.62234 180 200 230
3.63963 -0.32579 7.26899 180 200 230
-0.60563 -3.33198 2.47454 180 200 230
3.32702 0.22100 1.46946 180 200 230
1.80208 -2.86047 2.34084 180 200 230
-1.06523 -3.51593 7.66019 180 200 230
-3.17527 -1.27941 3.11735 180 200 230
0.31366 3.58961 6.30903 180 200 230
2.17858 2.97165 7.78274 180 200 230
-2.27792 -2.37737 0.74868 180 200 230
-3.37996 1.33969 6.99663 180 200 230
2.21040 -2.61720 2.90885 180 200 230
-0.26146 3.35625 2.06309 180 200 230
-2.34137 -2.74209 6.33392 180 200 230
0.02693 3.70503 8.23813 180 200 230
-2.23127 -2.57351 2.79270 180 200 230
3.38174 1.06004 5.27540 180 200 230
-2.63736 2.13457 2.74530 180 200 230
1.64923 3.12366 5.14617 180 200 230
-2.80443 -2.20182 5.74537 180 200 230
-1.44945 3.25214 5.64352 180 200 230
0.48081 -3.53209 5.76033 180 200 230
2.49758 2.19062 1.29489 180 200 230
-3.38822 -1.24909 6.37430 180 200 230
-2.99059 -1.99629 6.21022 180 200 230
3.55833 0.49740 6.27922 180 200 230
3.20090 0.73633 0.71385 180 200 230
-1.24537 3.24998 4.18156 180 200 230
-2.67579 -2.18755 3.83895 180 200 230
3.20739 -0.76726 0.83440 180 200 230
2.84013 1.82208 2.11658 180 200 230
-1.00838 -3.32702 4.12844 180 200 230
-1.27794 -3.39592 6.80469 180 200 230
-1.63476 -2.95048 2.25436 180 200 230
-3.64769 -0.37136 7.55459 180 200 230
3.45617 -0.73102 5.07026 180 200 230
-3.63294 -0.04052 6.95680 180 200 230
1.83902 -2.96754 4.41388 180 200 230
-0.27509 3.48961 4.65372 180 200 230
1.23633 -3.34743 5.72624 180 200 230
3.72068 -0.08077 8.39192 180 200 230
2.96322 -1.87827 4.58677 180 200 230
-1.17656 3.32882 4.91684 180 200 230
2.02014 -2.92653 5.56979 180 200 230
2.99874 2.04503 6.75765 180 200 230
-1.44046 -2.95007 0.69260 180 200 230
-1.92617 2.94656 4.80098 180 200 230
-1.90433 -2.94604 4.49458 180 200 230
-3.16514 1.94647 8.33878 180 200 230
3.50832 0.19934 4.60173 180 200 230
0.40964 3.46597 4.37564 180 200 230
3.60009 0.98211 8.68177 180 200 230
-3.12257 1.53533 4.21551 180 200 230
1.79423 -2.82445 1.72767 180 200 230
-0.25363 -3.35655 2.06586 180 200 230
0.79905 -3.20282 0.91542 180 200 230
1.14233 -3.04043 0.00564 180 200 230
-2.40767 2.50208 4.04673 180 200 230
-3.63983 -0.13787 7.03288 180 200 230
-3.61758 -0.19228 6.72275 180 200 230
2.47062 2.12920 0.31109 180 200 230
-2.88326 -2.04382 5.28619 180 200 230
-0.62011 -3.27080 1.47689 180 200 230
-2.84839 -2.38571 8.50360 180 200 230
-0.08452 -3.33366 1.60050 180 200 230
2.61894 2.42524 5.78743 180 200 230
0.24498 -3.41165 3.08092 180 200 230
0.92960 3.45254 5.91898 180 200 230
2.48582 -2.42940 3.86726 180 200 230
0.11558 3.62797 6.95022 180 200 230
-3.37369 0.16988 2.19431 180 200 230
-3.69311 0.29611 8.20400 180 200 230
-0.41425 3.48118 4.66257 180 200 230
-2.34849 2.77754 6.91894 180 200 230
1.44763 3.37998 7.72583 180 200 230
-3.38795 -1.59687 8.99038 180 200 230
2.88551 -1.75510 2.13121 180 200 230
-1.37769 3.09745 2.71814 180 200 230
-3.37660 -0.17120 2.37897 180 200 230
2.19128 -2.58597 2.49459 180 200 230
-3.39958 1.04587 5.39595 180 200 230
1.83009 -3.26737 8.94568 180 200 230
-3.54752 1.24228 8.91755 180 200 230
-3.28040 1.29302 4.90019 180 200 230
1.96255 2.97709 5.89714 180 200 230
2.60025 2.59956 7.81372 180 200 230
-2.84369 -2.39791 8.43420 180 200 230
1.56553 -2.96426 1.94391 180 200 230
2.32493 2.65073 4.91606 180 200 230
3.09891 -1.96406 7.58104 180 200 230
-2.15089 2.63756 2.86874 180 200 230
-3.09786 1.57214 4.11810 180 200 230
2.95323 -2.30705 8.87887 180 200 230
2.96812 -2.26383 8.87484 180 200 230
-3.66597 -0.57730 8.20634 180 200 230
-0.61262 3.60846 7.28489 180 200 230
1.59690 2.99051 2.55289 180 200 230
-0.46114 3.38008 3.03163 180 200 230
0.67611 -3.46994 5.08340 180 200 230
-1.59751 3.15531 5.20391 180 200 230
-1.19605 -3.29365 4.71031 180 200 230
1.21044 3.37549 5.87520 180 200 230
-3.42698 0.46570 3.83233 180 200 230
-2.16857 2.90320 6.85952 180 200 230
-3.42544 -0.07776 3.14808 180 200 230
-3.09781 -1.45642 3.12175 180 200 230
3.31983 -0.18929 1.21997 180 200 230
2.70743 -1.96979 1.80143 180 200 230
-1.22693 -3.46704 7.73258 180 200 230
1.98081 2.86575 4.17633 180 200 230
2.94447 -1.64222 2.16832 180 200 230
2.83974 -2.27254 6.94719 180 200 230
2.67810 -2.31059 5.14318 180 200 230
-3.23388 0.42885 0.20465 180 200 230
1.63142 2.99901 2.98998 180 200 230
0.09262 -3.34683 1.69088 180 200 230
-2.74010 2.31020 6.04473 180 200 230
-1.90282 2.81632 2.60735 180 200 230
-2.54659 2.08573 0.62575 180 200 230
-3.05300 -1.18819 0.53023 180 200 230
-1.78432 3.08223 5.38931 180 200 230
-1.20090 -3.02872 0.21037 180 200 230
-2.20255 -2.94213 7.71787 180 200 230
-3.33015 -0.18563 1.48710 180 200 230
3.36090 1.18556 5.60991 180 200 230
3.20849 -1.35167 4.16198 180 200 230
-2.96169 1.83557 4.14515 180 200 230
-3.12517 1.02731 0.69172 180 200 230
-3.52806 1.00022 7.32170 180 200 230
-2.44700 2.77460 8.09560 180 200 230
-1.48372 -2.89342 0.10692 180 200 230
3.32926 0.29188 1.70636 180 200 230
2.59673 -2.64587 8.18778 180 200 230
2.82845 2.12197 5.10313 180 200 230
3.33084 -0.00599 1.43653 180 200 230
-2.32469 -2.41653 1.93379 180 200 230
3.28654 1.45288 6.08045 180 200 230
-3.35328 -1.38742 6.64693 180 200 230
-1.73979 3.10398 5.54685 180 200 230
3.57563 -1.08666 8.60479 180 200 230
0.12064 -3.50821 4.60696 180 200 230
-3.41561 -0.15064 2.84071 180 200 230
-3.16472 1.49461 4.45566 180 200 230
3.43774 -0.08925 3.38786 180 200 230
-1.67326 -2.92857 2.13587 180 200 230
-3.25997 -0.28605 0.44393 180 200 230
-2.75383 2.05564 3.31945 180 200 230
-1.63474 3.22926 6.53030 180 200 230
-0.90236 -3.13679 0.17821 180 200 230
-2.96132 -1.82458 4.11214 180 200 230
2.07169 -2.92092 5.94028 180 200 230
-3.36723 -1.17799 5.64375 180 200 230
-3.17059 -1.80402 7.09682 180 200 230
-3.62723 0.51957 7.38894 180 200 230
0.28634 -3.60329 6.53316 180 200 230
-2.84103 1.68037 0.98823 180 200 230
2.08749 -2.80076 4.43607 180 200 230
-1.65795 3.15310 5.58195 180 200 230
-1.19360 -3.16629 2.33333 180 200 230
2.56300 -2.04093 0.41079 180 200 230
0.40230 -3.34074 2.12858 180 200 230
-1.91565 2.91198 4.25433 180 200 230
-0.93728 -3.33049 3.88339 180 200 230
0.89091 3.21570 1.68834 180 200 230
3.42534 1.31071 7.50859 180 200 230
0.95687 -3.59684 8.37248 180 200 230
1.19671 -3.13663 1.91999 180 200 230
3.68790 0.53506 8.40527 180 200 230
3.08504 -1.04986 0.17290 180 200 230
-3.50241 1.23862 8.36671 180 200 230
3.08242 -2.08712 8.59526 180 200 230
0.77321 -3.16157 0.11679 180 200 230
2.94692 -2.12263 6.97944 180 200 230
1.86503 -3.22835 8.74966 180 200 230
3.65069 -0.60186 8.20522 180 200 230
-2.57331 -2.70947 8.75349 180 200 230
0.50271 3.49427 5.11087 180 200 230
-2.52870 2.10364 0.75281 180 200 230
0.04347 -3.68102 7.72610 180 200 230
1.96305 2.96686 5.67466 180 200 230
3.22518 -1.52156 5.68223 180 200 230
0.96271 3.33548 3.91303 180 200 230
2.52501 -2.49427 5.30193 180 200 230
-3.31683 0.34038 1.46993 180 200 230
1.95497 -3.05416 6.77749 180 200 230
3.17483 -0.85150 0.72280 180 200 230
-3.19661 1.70160 6.69068 180 200 230
-1.21392 -3.48154 7.71881 180 200 230
0.50968 3.45918 4.41280 180 200 230
1.10215 -3.33593 4.74873 180 200 230
1.45336 -3.09229 2.95146 180 200 230
-1.04784 3.58601 8.74295 180 200 230
3.58283 0.54765 6.71967 180 200 230
-3.12518 1.44179 3.47331 180 200 230
1.60940 2.92751 1.67055 180 200 230
1.40753 -3.06323 2.09059 180 200 230
-0.24253 3.47268 4.33634 180 200 230
3.49476 -1.29071 8.51571 180 200 230
3.56477 -0.63811 6.72875 180 200 230
2.81899 -1.81804 2.05081 180 200 230
-2.98161 -2.15525 7.81009 180 200 230
-0.37675 3.42681 3.55748 180 200 230
1.29579 -3.44502 7.74273 180 200 230
-1.01260 -3.22615 2.29731 180 200 230
3.53495 -0.51062 5.71668 180 200 230
-2.65872 2.58452 8.38162 180 200 230
3.15955 1.22275 2.44825 180 200 230
3.60730 -0.03658 6.36912 180 200 230
1.97214 -3.18385 8.89328 180 200 230
0.59380 3.27928 1.44174 180 200 230
-0.50148 -3.24914 0.85117 180 200 230
3.58977 0.01557 6.20566 180 200 230
-3.21077 -1.22038 3.20465 180 200 230
-2.13988 2.49472 0.68657 180 200 230
-2.57701 2.37967 4.43782 180 200 230
0.12486 3.62474 6.89933 180 200 230
-0.52983 3.36643 2.70070 180 200 230
-3.28472 0.96172 3.16210 180 200 230
0.04291 3.68134 7.69095 180 200 230
-3.43953 0.73622 4.84052 180 200 230
-3.25077 -1.71721 7.66573 180 200 230
-0.84310 -3.38153 4.17723 180 200 230
-1.64619 -3.34143 8.60400 180 200 230
0.18048 3.58279 5.99979 180 200 230
3.21064 0.80695 1.11282 180 200 230
1.83532 -3.20913 8.02773 180 200 230
2.42603 -2.50937 4.56480 180 200 230
3.29451 -0.43957 1.35716 180 200 230
3.23115 -0.83586 1.46131 180 200 230
-2.40391 -2.68609 6.32198 180 200 230
2.58235 -2.02207 0.45712 180 200 230
-3.22122 1.09139 2.71475 180 200 230
0.77468 -3.24150 1.33906 180 200 230
3.34467 -0.96410 4.12924 180 200 230
0.99273 -3.31729 3.88710 180 200 230
-3.04192 1.77929 4.85636 180 200 230
-2.44681 2.36340 2.65003 180 200 230
-0.84397 3.15958 0.30958 180 200 230
-2.39104 2.64224 5.67927 180 200 230
1.47885 -3.11339 3.51642 180 200 230
-1.07730 -3.42513 6.00437 180 200 230
0.00251 3.31038 1.04379 180 200 230
-0.77785 -3.15558 0.13379 180 200 230
-2.45359 2.32168 2.35916 180 200 230
-3.25679 -1.23702 4.26940 180 200 230
-2.36883 2.51085 3.70252 180 200 230
-3.61621 -0.49450 7.38786 180 200 230
-0.43749 -3.42910 3.55363 180 200 230
-0.41632 -3.49498 4.93344 180 200 230
0.07101 -3.55053 5.49473 180 200 230
-2.51922 2.05653 0.21175 180 200 230
-1.28589 -3.27756 4.79598 180 200 230
0.24309 3.42158 3.25186 180 200 230
-3.43287 0.49014 3.94993 180 200 230
-2.86202 -1.64697 0.96416 180 200 230
-1.41840 -3.36332 7.15019 180 200 230
3.16619 -1.95406 8.51458 180 200 230
-1.09714 3.06138 0.21599 180 200 230
2.00217 -2.93475 5.56444 180 200 230
-1.36063 3.36688 6.98662 180 200 230
-3.22196 -1.08978 2.69814 180 200 230
1.72205 -3.22295 7.19097 180 200 230
-0.60138 -3.53079 5.83730 180 200 230
2.41511 -2.81447 8.40277 180 200 230
1.48444 -3.43739 8.84008 180 200 230
-0.53880 3.22495 0.40917 180 200 230
3.49250 -0.15510 4.16345 180 200 230
3.26549 -1.36468 5.08054 180 200 230
-3.02058 1.41733 1.40493 180 200 230
3.28049 1.00266 3.17310 180 200 230
-1.23561 3.53650 8.89605 180 200 230
1.67806 -2.79112 0.15721 180 200 230
3.31757 -1.05792 4.23288 180 200 230
1.80263 -3.19890 7.66532 180 200 230
-2.72755 2.06826 3.05918 180 200 230
3.28769 1.21962 4.47846 180 200 230
-3.71517 -0.41212 8.81543 180 200 230
-2.49111 2.44821 4.43477 180 200 230
2.37183 2.31215 1.25587 180 200 230
2.58007 2.02356 0.49910 180 200 230
2.13479 3.05939 8.53959 180 200 230
0.93070 3.26649 2.52159 180 200 230
0.08368 -3.51683 4.69660 180 200 230
-2.43004 2.23350 0.87249 180 200 230
-3.20215 1.33964 3.97137 180 200 230
-3.03459 -2.15795 8.40995 180 200 230
3.39521 -0.86871 4.68248 180 200 230
0.15174 -3.73122 8.75722 180 200 230
-2.06882 -2.69190 2.45664 180 200 230
-0.13583 -3.50319 4.70160 180 200 230
-0.70633 -3.61534 7.80957 180 200 230
-1.27827 -3.24336 4.19407 180 200 230
-3.39671 0.07669 2.64888 180 200 230
-3.36716 -1.50373 7.77456 180 200 230
-3.36036 0.82931 3.66375 180 200 230
-2.78600 2.16221 4.93558 180 200 230
-0.48742 3.71412 8.80215 180 200 230
-2.05327 2.63975 1.78062 180 200 230
-3.06979 1.47933 2.85180 180 200 230
-2.87928 -1.56831 0.29970 180 200 230
-3.46425 0.00272 3.68140 180 200 230
2.60828 2.10173 1.90944 180 200 230
-1.92715 3.03781 6.25654 180 200 230
-2.38429 2.34880 1.73175 180 200 230
-0.96169 -3.46619 6.21068 180 200 230
-1.68947 2.94508 2.49990 180 200 230
3.44083 0.17214 3.34662 180 200 230
2.96210 1.73516 3.28881 180 200 230
-3.62036 0.06829 6.57692 180 200 230
1.31741 3.23764 4.35896 180 200 230
-3.43698 0.11617 3.40286 180 200 230
-3.28015 -1.65074 7.75094 180 200 230
3.24376 -1.44166 5.30287 180 200 230
-1.88192 -2.79099 2.03688 180 200 230
3.63478 0.71804 8.15538 180 200 230
-2.50719 2.33285 3.23207 180 200 230
0.88470 -3.15916 0.37604 180 200 230
-0.23257 3.49926 4.61197 180 200 230
2.94930 -1.50337 1.18948 180 200 230
-3.31364 -0.61079 2.26771 180 200 230
3.03752 1.99385 6.84102 180 200 230
0.17384 3.31864 1.25365 180 200 230
3.04089 -2.03050 7.35850 180 200 230
3.71739 -0.19967 8.46780 180 200 230
2.32405 -2.70332 5.60954 180 200 230
-1.55223 3.26257 6.52148 180 200 230
0.42591 -3.58516 6.54985 180 200 230
0.65131 3.69447 8.93929 180 200 230
-2.56842 2.27811 3.22136 180 200 230
-1.08827 -3.15707 1.55756 180 200 230
3.44743 -0.68233 4.83257 180 200 230
-3.26515 1.31183 4.95866 180 200 230
-3.34366 0.08749 1.69967 180 200 230
0.66515 3.50700 5.66762 180 200 230
-2.67794 1.86398 0.13645 180 200 230
3.43126 1.43439 8.38949 180 200 230
2.13582 -2.62898 2.51059 180 200 230
3.23216 0.47731 0.38240 180 200 230
-1.34173 -3.02334 1.03995 180 200 230
-0.49096 3.34097 2.28398 180 200 230
-3.36158 0.50843 2.59683 180 200 230
-0.64322 3.20124 0.31728 180 200 230
-2.74759 1.99438 2.64779 180 200 230
-3.21835 -0.97413 1.84051 180 200 230
-2.18770 -2.67490 3.56088 180 200 230
3.20700 -1.26307 3.62134 180 200 230
-1.69630 2.98696 3.19793 180 200 230
-2.94221 -1.73647 3.09670 180 200 230
2.68716 -1.90826 0.86345 180 200 230
-0.81581 3.15828 0.24387 180 200 230
2.22060 -2.51719 1.92723 180 200 230
3.50916 -0.95869 6.92376 180 200 230
2.15399 -3.06507 8.92273 180 200 230
-3.36695 -1.58076 8.39676 180 200 230
-0.61165 -3.45530 4.69849 180 200 230
-3.50169 0.41856 4.94545 180 200 230
-2.79747 -1.95969 2.97343 180 200 230
3.58938 -0.58067 7.07399 180 200 230
-0.02563 3.64089 6.99402 180 200 230
0.97133 -3.54648 7.67893 180 200 230
-3.69451 -0.14477 8.11665 180 200 230
1.54058 3.11362 4.06850 180 200 230
-2.25586 -2.85362 7.01261 180 200 230
0.96345 -3.52813 7.35374 180 200 230
-3.10656 -1.43228 2.91647 180 200 230
1.94615 -3.17884 8.40242 180 200 230
-2.18702 2.45356 0.90811 180 200 230
3.21271 -1.93370 8.95171 180 200 230
-2.17402 -2.92681 7.04005 180 200 230
1.08145 -3.11646 0.89719 180 200 230
-0.51676 3.55324 6.04751 180 200 230
-3.09069 1.08803 0.32989 180 200 230
3.06387 -1.95474 7.04153 180 200 230
3.47043 1.14924 7.29182 180 200 230
-2.93928 2.02514 5.57272 180 200 230
0.69612 -3.60991 7.78707 180 200 230
-0.12828 -3.29922 0.94118 180 200 230
2.02229 -2.72459 2.61598 180 200 230
-0.23122 -3.46339 3.88502 180 200 230
3.09923 -1.06998 0.40975 180 200 230
-3.48360 0.03810 4.19387 180 200 230
-2.40774 -2.38634 2.51640 180 200 230
1.98536 -2.81713 3.69060 180 200 230
-1.03970 -3.31945 3.98413 180 200 230
2.95822 2.20824 7.97944 180 200 230
-2.27473 2.51584 2.56408 180 200 230
-3.50450 -1.20209 8.10119 180 200 230
0.10292 -3.47126 3.99235 180 200 230
-3.29937 -0.92644 3.09505 180 200 230
0.60509 -3.46068 4.68289 180 200 230
1.81441 -2.95628 3.91766 180 200 230
-0.32149 3.37201 2.44341 180 200 230
-2.61282 -2.33575 4.68487 180 200 230
-3.11789 -1.16944 1.45330 180 200 230
0.48857 3.40481 3.31668 180 200 230
-3.52994 0.22480 5.24863 180 200 230
-3.30194 -1.04012 3.87852 180 200 230
1.50382 -3.33954 7.50454 180 200 230
-3.28497 0.82170 2.43740 180 200 230
3.26947 1.82199 8.74521 180 200 230
-3.63926 0.29111 7.16662 180 200 230
1.95476 -3.16969 8.72783 180 200 230
-3.31453 -1.59175 7.62619 180 200 230
-1.39357 3.01714 1.36159 180 200 230
3.09896 -1.67913 4.89746 180 200 230
1.86577 2.76972 1.62496 180 200 230
-1.69991 3.24116 7.45568 180 200 230
-3.27691 1.36616 5.41160 180 200 230
-0.25558 -3.37703 2.50013 180 200 230
1.90789 -3.19178 8.40593 180 200 230
3.08567 1.18953 1.10621 180 200 230
0.92285 -3.41242 5.23154 180 200 230
-0.66672 -3.55923 6.61439 180 200 230
2.59289 -2.02034 0.56732 180 200 230
2.88614 -2.08466 5.53279 180 200 230
0.62981 -3.60524 7.43562 180 200 230
1.20447 3.05350 0.65108 180 200 230
-1.37174 3.23260 4.77051 180 200 230
3.12299 -1.32080 2.45428 180 200 230
-2.92443 -2.07386 6.10678 180 200 230
-3.21980 -0.80003 1.13892 180 200 230
3.21355 -1.88121 8.46897 180 200 230
2.60782 -2.63422 8.10951 180 200 230
-0.47266 -3.32048 1.77528 180 200 230
2.52769 -2.30722 3.05335 180 200 230
2.67625 2.32484 5.44279 180 200 230
0.17148 -3.61502 6.58848 180 200 230
3.39998 -0.74564 4.14358 180 200 230
3.17474 1.00902 1.49581 180 200 230
0.55831 3.26502 1.00053 180 200 230
1.02262 -3.60697 8.99807 180 200 230
-3.45633 -0.43768 4.25857 180 200 230
3.16171 1.91349 7.92033 180 200 230
-0.39387 3.47585 4.50221 180 200 230
-1.66506 3.31615 8.34478 180 200 230
-1.42122 2.96862 0.84481 180 200 230
2.37715 -2.29862 1.09509 180 200 230
-1.94943 -3.16049 8.40650 180 200 230
-0.35281 -3.71179 8.55732 180 200 230
3.39779 0.29041 2.97499 180 200 230
-3.07734 1.50729 3.34716 180 200 230
-1.44120 3.17483 4.23211 180 200 230
2.06965 -2.77735 3.90352 180 200 230
3.21092 -0.95764 1.81386 180 200 230
-3.28672 1.71806 8.14053 180 200 230
3.33564 -0.57006 2.40565 180 200 230
3.60267 0.32592 6.47672 180 200 230
-1.50486 2.92074 0.64733 180 200 230
0.51105 -3.23572 0.37411 180 200 230
-2.28500 2.75858 6.02596 180 200 230
3.01411 -1.63337 3.19838 180 200 230
0.70490 3.51089 6.04126 180 200 230
0.93286 -3.16141 0.90452 180 200 230
1.11325 3.55518 8.57749 180 200 230
1.18242 3.42579 6.85376 180 200 230
-3.48015 1.23445 7.95247 180 200 230
3.12440 -1.12617 1.30817 180 200 230
-2.93808 -1.74893 3.02483 180 200 230
-2.27178 -2.57791 3.46771 180 200 230
3.52431 0.21579 4.99314 180 200 230
3.20081 1.18919 2.80939 180 200 230
3.00323 1.34317 0.58432 180 200 230
1.46294 -3.12713 3.47171 180 200 230
0.27928 3.37296 2.41722 180 200 230
-1.63984 3.03513 3.62807 180 200 230
-2.58710 -2.13895 1.87869 180 200 230
-2.92651 -1.70488 2.48564 180 200 230
-3.01466 1.89912 5.79056 180 200 230
3.45551 0.09339 3.64812 180 200 230
-3.25925 1.06800 3.25697 180 200 230
-0.24557 -3.50988 4.96456 180 200 230
0.33705 3.62380 7.05577 180 200 230
-0.89161 -3.32961 3.56363 180 200 230
3.53627 0.33770 5.44135 180 200 230
3.12769 -2.04025 8.71550 180 200 230
3.35436 -1.08898 4.85714 180 200 230
3.70079 0.05724 8.23836 180 200 230
-3.52418 0.95653 7.24405 180 200 230
-2.80829 1.68900 0.56662 180 200 230
1.89912 -2.91570 4.02043 180 200 230
-3.48635 -0.91201 6.41659 180 200 230
-2.86275 -2.40994 8.88838 180 200 230
1.02706 3.33895 4.28545 180 200 230
2.92612 1.53907 0.89213 180 200 230
-1.25732 -3.31674 5.21433 180 200 230
-2.40269 -2.27556 1.21455 180 200 230
1.79740 -3.15907 6.87932 180 200 230
1.96943 -2.91036 4.72931 180 200 230
-2.45974 -2.65374 6.63542 180 200 230
-3.58223 -0.88055 7.89355 180 200 230
3.06924 -1.84105 5.80732 180 200 230
1.13004 -3.38615 5.66166 180 200 230
2.68973 -2.44978 6.90566 180 200 230
3.67552 -0.09607 7.66333 180 200 230
-3.04031 2.10819 7.89031 180 200 230
-0.67398 -3.19729 0.35214 180 200 230
-1.33876 -3.26495 5.16339 180 200 230
1.54294 2.98829 2.05996 180 200 230
-2.40962 -2.78739 7.81651 180 200 230
-3.22855 1.56685 5.97857 180 200 230
-3.30095 1.05799 3.94037 180 200 230
1.42467 3.03441 1.79547 180 200 230
-0.11303 -3.41845 3.19889 180 200 230
-1.16132 -3.42287 6.46380 180 200 230
-3.28969 -0.67674 1.94825 180 200 230
1.82451 2.74808 0.90019 180 200 230
-3.47385 -1.29684 8.05220 180 200 230
2.94597 2.14415 6.98913 180 200 230
-1.78420 2.83612 1.90573 180 200 230
-2.36616 2.44605 2.76773 180 200 230
2.78869 -2.50803 8.76422 180 200 230
-3.12335 1.83229 6.50200 180 200 230
-2.90678 -2.06950 5.64475 180 200 230
2.40252 -2.40920 2.90980 180 200 230
-3.04918 1.53535 2.83036 180 200 230
2.43371 -2.18109 0.38201 180 200 230
2.37394 2.74308 6.67899 180 200 230
-2.15978 2.45466 0.41718 180 200 230
2.69532 1.82500 0.04692 180 200 230
-3.35644 -1.35164 6.68835 180 200 230
3.59090 -0.98765 8.56927 180 200 230
-2.00764 -3.03352 6.92249 180 200 230
-2.44978 -2.48311 4.40577 180 200 230
-0.61844 3.45894 4.53445 180 200 230
3.15158 -1.45634 4.08486 180 200 230
-3.36046 0.60752 3.06649 180 200 230
-0.37562 3.50277 4.85497 180 200 230
3.47047 -0.26874 4.03903 180 200 230
-3.14910 1.65159 5.53580 180 200 230
-2.55590 2.67090 8.13901 180 200 230
3.65312 0.81564 8.95832 180 200 230
1.43131 2.95899 0.75858 180 200 230
1.25461 -3.21644 3.61659 180 200 230
-3.32578 0.36304 1.72602 180 200 230
3.29929 -0.96135 3.31861 180 200 230
2.94124 1.71177 2.72281 180 200 230
-2.49729 -2.22811 1.66766 180 200 230
-0.68171 -3.57172 6.98837 180 200 230
-2.53596 -2.41715 4.62739 180 200 230
-3.64767 -0.69292 8.31818 180 200 230
-2.87976 -1.54330 0.31506 180 200 230
-1.21872 -3.05286 0.64554 180 200 230
2.25759 -2.61776 3.78633 180 200 230
-1.70179 2.82286 0.77279 180 200 230
-3.27453 0.84835 2.49365 180 200 230
-2.45807 -2.82047 8.88267 180 200 230
-1.32167 3.09596 1.99109 180 200 230
1.44921 3.01957 1.89001 180 200 230
3.47078 -0.74909 5.31788 180 200 230
1.19149 3.29189 4.64293 180 200 230
0.38340 3.52008 5.37897 180 200 230
-2.52659 -2.33368 3.54449 180 200 230
3.24382 1.71408 7.52874 180 200 230
3.25158 0.70641 1.32789 180 200 230
3.20181 1.36205 4.01402 180 200 230
2.57919 2.52351 6.34132 180 200 230
-3.33292 1.58895 7.88372 180 200 230
1.64278 -3.02137 3.47881 180 200 230
-1.93281 2.96381 5.26600 180 200 230
-2.95565 1.44724 0.66611 180 200 230
-2.70511 -1.97191 1.62773 180 200 230
-1.05612 3.10730 0.66660 180 200 230
-3.30624 1.49188 6.67377 180 200 230
-2.56277 2.22212 2.72888 180 200 230
-1.97613 3.03391 6.63803 180 200 230
-2.50990 2.11941 0.64008 180 200 230
3.67529 0.25715 7.83541 180 200 230
2.77401 -2.40684 7.60401 180 200 230
3.25997 -0.46716 0.85590 180 200 230
2.12038 -2.48277 0.22968 180 200 230
3.27834 0.11833 0.54303 180 200 230
0.02051 -3.68567 7.75883 180 200 230
-3.03145 -1.49930 2.23179 180 200 230
2.93278 1.97097 5.09235 180 200 230
3.16382 -1.41993 3.99511 180 200 230
0.59815 -3.59827 7.26030 180 200 230
2.14727 2.77891 4.56030 180 200 230
3.42770 -0.78789 4.66601 180 200 230
2.63114 2.67107 8.90806 180 200 230
-3.19605 0.93551 1.43743 180 200 230
1.98867 3.08951 7.56238 180 200 230
1.92725 2.65933 0.49908 180 200 230
3.42341 -0.70210 4.45971 180 200 230
-3.32361 -1.61846 8.03835 180 200 230
-0.20654 3.57889 6.12695 180 200 230
0.59432 -3.55006 6.30191 180 200 230
2.40540 -2.39802 2.49836 180 200 230
3.01828 -1.71898 3.92497 180 200 230
3.14172 -1.40703 3.45118 180 200 230
2.90705 -1.96013 4.85346 180 200 230
-2.24051 -2.67162 4.32069 180 200 230
-1.87816 2.86053 3.08692 180 200 230
3.04334 -1.53701 2.88951 180 200 230
2.42914 2.35390 2.38281 180 200 230
1.68097 3.00380 3.43711 180 200 230
-3.04364 1.34381 1.43581 180 200 230
-0.77467 3.60756 7.91699 180 200 230
-2.65858 -2.36570 5.57073 180 200 230
2.74758 -1.85964 1.28283 180 200 230
-3.60779 0.20352 6.37696 180 200 230
-3.46728 -1.22057 7.70817 180 200 230
-2.97943 1.56237 2.25929 180 200 230
-0.87967 -3.22105 1.44140 180 200 230
2.62135 1.92191 0.08370 180 200 230
3.12817 0.98585 0.45594 180 200 230
-2.29274 -2.81940 6.97265 180 200 230
-3.65724 -0.81456 8.89212 180 200 230
-2.73469 1.79985 0.43340 180 200 230
-1.83079 3.14090 6.84926 180 200 230
3.11477 1.05130 0.69247 180 200 230
-1.50083 -3.21857 5.48243 180 200 230
-3.20198 1.72205 6.91888 180 200 230
-3.23489 1.15848 3.38377 180 200 230
2.54548 -2.01462 0.10642 180 200 230
-0.27771 -3.54220 5.50950 180 200 230
0.71752 3.69114 8.92562 180 200 230
-1.85984 -2.81845 2.44629 180 200 230
2.25953 2.47554 1.80858 180 200 230
1.14119 3.11222 1.18911 180 200 230
-0.79192 -3.45596 5.15410 180 200 230
2.49695 2.52505 5.52076 180 200 230
-0.68874 3.58675 7.23189 180 200 230
2.91561 -2.17310 6.89274 180 200 230
-0.27129 -3.68865 8.09128 180 200 230
3.30130 -1.56719 7.34849 180 200 230
2.49071 -2.28551 2.34942 180 200 230
-1.35447 3.26536 5.16024 180 200 230
-2.29343 -2.51655 2.81497 180 200 230
-2.47931 2.36677 3.11327 180 200 230
-1.21376 -3.51654 8.42578 180 200 230
-2.08841 2.93385 6.27268 180 200 230
3.73964 0.03095 8.78613 180 200 230
2.88460 1.93237 3.90990 180 200 230
0.46523 -3.50329 4.99534 180 200 230
3.02458 1.76331 4.54482 180 200 230
-2.68599 -1.93664 1.03055 180 200 230
2.11078 -2.62525 2.25124 180 200 230
-0.19623 -3.50594 4.90874 180 200 230
-2.81972 1.70513 0.64890 180 200 230
0.95572 3.59122 8.42190 180 200 230
2.93206 -1.55156 1.18819 180 200 230
-3.06156 -1.35694 1.88875 180 200 230
-3.00974 2.03382 6.99939 180 200 230
3.08205 -1.17441 0.93229 180 200 230
0.80812 3.61721 8.15689 180 200 230
-3.38189 1.28321 6.65530 180 200 230
2.54891 2.07237 0.66145 180 200 230
2.54722 2.54339 6.36009 180 200 230
-2.87743 2.12960 5.83098 180 200 230
-1.13200 -3.45881 6.92975 180 200 230
-1.94307 3.10933 7.54123 180 200 230
-1.34096 -3.36203 6.59097 180 200 230
1.20666 -3.33907 5.42951 180 200 230
2.45539 -2.37711 3.04620 180 200 230
3.46431 0.99986 6.40732 180 200 230
0.55458 -3.69165 8.63741 180 200 230
2.13657 2.83236 5.44162 180 200 230
-1.14737 -3.40430 6.11888 180 200 230
-2.41544 2.51893 4.09286 180 200 230
-0.95280 -3.50824 6.91930 180 200 230
0.84485 3.65266 8.98039 180 200 230
-2.04409 -2.63491 1.53444 180 200 230
2.36791 2.38326 1.92981 180 200 230
1.70094 3.08231 5.01401 180 200 230
-2.63930 -2.31104 4.49262 180 200 230
-1.84065 3.03476 5.29949 180 200 230
-0.93727 -3.13603 0.47390 180 200 230
-1.37135 -3.17773 3.79525 180 200 230
-2.56079 -2.45470 5.40123 180 200 230
-0.43329 -3.52612 5.42063 180 200 230
0.97763 -3.45103 6.05745 180 200 230
3.07218 -1.91134 6.60735 180 200 230
3.12604 1.73177 5.91895 180 200 230
-3.28589 -1.58547 7.21456 180 200 230
-0.02749 -3.57621 5.77043 180 200 230
0.72692 3.44914 4.99648 180 200 230
-0.30331 3.53530 5.60749 180 200 230
-0.35143 3.28454 0.97275 180 200 230
-3.06020 -1.49519 2.58951 180 200 230
-2.35170 2.62826 4.90577 180 200 230
-1.85513 -3.18668 7.92469 180 200 230
-2.76797 -2.29689 6.24794 180 200 230
-1.81944 -2.75517 0.86961 180 200 230
-0.05163 3.54550 5.48400 180 200 230
0.36634 -3.34300 2.11130 180 200 230
-1.86453 -3.10958 6.72737 180 200 230
2.50581 2.69034 7.53415 180 200 230
1.09428 3.38032 5.49410 180 200 230
-1.12125 3.38094 5.47499 180 200 230
3.15095 -1.33913 3.19472 180 200 230
-1.59925 3.07398 4.17707 180 200 230
3.66101 0.45967 7.84849 180 200 230
2.27967 2.81368 6.63429 180 200 230
3.45071 0.70719 4.83739 180 200 230
-2.82361 1.97548 3.46613 180 200 230
0.95703 -3.13515 0.48622 180 200 230
-3.16489 1.01876 1.37010 180 200 230
1.77776 -2.84082 1.84193 180 200 230
3.29051 1.01296 3.51357 180 200 230
-3.65470 0.70377 8.52928 180 200 230
0.80854 -3.40784 4.70726 180 200 230
-1.53429 -2.99826 2.23384 180 200 230
1.99017 -2.63940 1.01618 180 200 230
-0.50968 3.37790 3.19250 180 200 230
-3.65292 -0.01953 7.43453 180 200 230
-1.52924 -3.09097 3.60453 180 200 230
1.78458 3.17441 7.06124 180 200 230
1.46864 -3.34718 7.32195 180 200 230
-1.24206 3.05437 1.06509 180 200 230
2.97422 1.97537 5.62811 180 200 230
0.36676 -3.70559 8.65593 180 200 230
-0.96373 -3.31858 3.77602 180 200 230
2.43560 -2.18344 0.49205 180 200 230
2.89738 -2.33398 8.35228 180 200 230
-0.65916 3.63819 8.01550 180 200 230
-2.21890 -2.72944 4.85910 180 200 230
3.53211 -0.01946 5.12801 180 200 230
0.13084 3.36043 2.01742 180 200 230
-3.60555 0.62048 7.46630 180 200 230
2.96566 -1.87772 4.64784 180 200 230
2.60417 1.97014 0.32759 180 200 230
3.24179 -1.56924 6.28248 180 200 230
-3.71893 0.27728 8.58275 180 200 230
2.86917 -2.28268 7.54944 180 200 230
-2.44803 -2.33888 2.62824 180 200 230
-1.55291 -2.88609 0.51465 180 200 230
0.53465 -3.67615 8.49748 180 200 230
3.39474 1.52345 8.46922 180 200 230
-2.44796 -2.53464 4.95091 180 200 230
3.17555 -1.64483 5.92561 180 200 230
3.35220 -0.94829 4.32423 180 200 230
3.40599 -0.68703 3.93575 180 200 230
-2.01588 -2.62713 1.14662 180 200 230
-2.21784 -2.46171 0.92971 180 200 230
-3.19154 -1.09193 2.21381 180 200 230
-2.86710 -2.29856 7.61345 180 200 230
-2.53566 -2.15515 1.39677 180 200 230
3.25258 0.88779 2.15736 180 200 230
3.00105 1.87481 5.09512 180 200 230
-2.46460 -2.29747 2.04892 180 200 230
-1.30662 3.06067 1.56151 180 200 230
-1.12550 3.36119 5.22614 180 200 230
1.19865 3.22973 3.46491 180 200 230
1.12645 -3.38917 5.78307 180 200 230
3.62437 -0.82621 8.25798 180 200 230
-2.31981 -2.40163 1.44512 180 200 230
3.49764 -1.24881 8.26863 180 200 230
2.75931 -2.46725 8.17604 180 200 230
0.73327 3.58929 7.54907 180 200 230
2.03821 2.94018 5.82808 180 200 230
0.85453 3.47150 5.72965 180 200 230
2.93532 2.02762 5.89868 180 200 230
-3.12984 -1.79512 6.34777 180 200 230
-0.66360 3.18928 0.15960 180 200 230
3.17806 -1.93609 8.64756 180 200 230
-2.68904 -2.32332 5.42424 180 200 230
-2.32043 2.81893 7.13840 180 200 230
3.42938 -0.33199 3.54917 180 200 230
3.11180 -0.94247 0.12033 180 200 230
0.62989 -3.46554 4.74736 180 200 230
0.90860 -3.38949 4.72521 180 200 230
3.44768 -0.49576 4.09198 180 200 230
-2.76146 -2.01844 3.20527 180 200 230
2.46706 -2.31615 2.37314 180 200 230
3.23620 1.39627 4.90719 180 200 230
-3.25335 -1.14968 3.53052 180 200 230
-3.74293 -0.05918 8.74654 180 200 230
3.24443 0.78375 1.65294 180 200 230
2.92250 1.77710 3.02018 180 200 230
3.36585 0.46478 2.78334 180 200 230
-0.96209 3.38968 5.04849 180 200 230
3.30938 1.15660 4.65421 180 200 230
-3.17251 1.66296 5.93785 180 200 230
1.43465 -3.44844 8.57824 180 200 230
-2.57393 -2.23581 2.70153 180 200 230
-1.65963 -3.19688 6.36806 180 200 230
3.20121 0.64213 0.24211 180 200 230
1.80955 -2.87024 2.48989 180 200 230
2.12115 2.77722 4.33376 180 200 230
-1.06078 3.08872 0.29969 180 200 230
-3.54766 -0.37574 5.70813 180 200 230
3.25387 -1.53132 6.24147 180 200 230
3.62860 -0.04220 6.83798 180 200 230
0.71637 -3.44171 4.80922 180 200 230
-0.46137 -3.52976 5.58687 180 200 230
-3.40254 -0.59786 3.72059 180 200 230
-1.65167 -2.81812 0.39879 180 200 230
2.03675 2.60623 0.96063 180 200 230
-0.43171 3.56190 6.03679 180 200 230
3.73982 -0.36199 8.96213 180 200 230
3.23364 -0.41645 0.15287 180 200 230
-1.56479 3.17029 5.17546 180 200 230
0.20399 3.62308 6.87520 180 200 230
0.47080 3.63817 7.52886 180 200 230
-3.51818 0.33559 5.06487 180 200 230
0.58529 3.51865 5.72806 180 200 230
-2.14246 -2.89102 6.40292 180 200 230
3.28071 1.66693 7.80494 180 200 230
2.63639 2.01012 1.17349 180 200 230
-0.62639 3.66596 8.37685 180 200 230
0.55875 -3.20827 0.25204 180 200 230
-1.63272 3.29137 7.60969 180 200 230
-3.23698 0.60029 0.73906 180 200 230
-1.85515 -2.79052 1.85705 180 200 230
0.77913 -3.15437 0.03789 180 200 230
-1.22133 3.25633 4.16735 180 200 230
-0.40868 -3.40155 3.15556 180 200 230
-0.75130 3.25831 1.58701 180 200 230
-2.14854 -2.75078 4.21957 180 200 230
-3.29106 1.04925 3.77823 180 200 230
3.25912 -1.61884 7.01934 180 200 230
3.66552 -0.41416 8.09685 180 200 230
0.54126 -3.54365 6.01556 180 200 230
2.86198 -1.68132 1.19348 180 200 230
2.23288 2.58149 2.79576 180 200 230
-2.09023 -3.05351 8.26840 180 200 230
1.04934 3.12028 0.85411 180 200 230
-0.58397 3.41328 3.81869 180 200 230
-3.67686 -0.53092 8.51575 180 200 230
-0.18760 -3.72304 8.58426 180 200 230
-0.61773 -3.41199 3.85810 180 200 230
2.44523 -2.62170 6.14614 180 200 230
-3.24882 -1.26921 4.27097 180 200 230
3.24552 -1.61934 6.89662 180 200 230
2.49462 -2.12010 0.30492 180 200 230
1.94002 -2.70374 1.38086 180 200 230
0.45712 3.53277 5.67768 180 200 230
-3.30121 -0.66092 2.21249 180 200 230
-0.31030 -3.57929 6.13389 180 200 230
3.40198 -0.51469 3.31011 180 200 230
3.68299 0.27001 8.04122 180 200 230
-1.70594 3.24092 7.46443 180 200 230
-1.91970 2.92846 4.59639 180 200 230
-0.87519 3.54377 7.06414 180 200 230
1.39082 -3.08424 2.57197 180 200 230
3.37256 0.98146 4.60860 180 200 230
-2.12795 2.59093 1.88383 180 200 230
-0.87839 -3.57790 7.82117 180 200 230
-3.05342 2.02667 7.49713 180 200 230
2.28816 2.91431 8.17292 180 200 230
-2.82959 -2.36648 7.96304 180 200 230
-3.69874 -0.52902 8.65946 180 200 230
3.35424 -0.38442 2.17245 180 200 230
-0.03438 -3.71298 8.42515 180 200 230
3.53421 -0.30775 5.29641 180 200 230
1.35031 3.19461 3.96096 180 200 230
0.25761 -3.52977 5.20017 180 200 230
-3.25780 -1.09572 3.23094 180 200 230
-0.79316 -3.30461 2.73310 180 200 230
-3.31202 0.68477 2.29366 180 200 230
0.77172 3.20476 0.79341 180 200 230
3.36245 0.99378 4.62972 180 200 230
1.94836 -3.14438 8.05042 180 200 230
1.41565 -3.28220 5.81822 180 200 230
1.83509 2.99628 4.84885 180 200 230
-2.12373 -2.74433 4.01636 180 200 230
-0.26840 -3.47555 4.34042 180 200 230
-3.14161 -1.18994 1.99446 180 200 230
-1.50585 3.35029 7.49553 180 200 230
2.46151 -2.28414 1.89203 180 200 230
-2.25704 -2.81510 6.57651 180 200 230
-0.67623 -3.57145 6.95291 180 200 230
-2.04670 -2.89721 5.32902 180 200 230
-0.66192 -3.62932 7.83838 180 200 230
2.08267 2.68730 2.75621 180 200 230
3.26050 -1.72387 7.99849 180 200 230
-0.80794 3.52996 6.68745 180 200 230
1.89253 -3.13005 7.28762 180 200 230
2.81514 -2.22979 6.12101 180 200 230
-2.13613 -2.98817 7.69694 180 200 230
-3.06169 -2.17489 8.94152 180 200 230
2.68560 2.19481 3.93972 180 200 230
-3.37289 1.42895 7.41831 180 200 230
-2.76950 -2.33975 6.81943 180 200 230
3.03910 1.71754 4.23569 180 200 230
2.84334 2.39655 8.38340 180 200 230
3.45453 -0.14157 3.70545 180 200 230
-1.74664 3.07411 5.24582 180 200 230
-1.94225 2.68275 1.01767 180 200 230
-0.03241 3.37300 2.14861 180 200 230
-2.23680 -2.92214 7.64803 180 200 230
-3.40777 0.58205 3.72491 180 200 230
0.86836 -3.34442 3.70244 180 200 230
-3.36854 -0.26500 2.33748 180 200 230
3.49963 0.34004 4.58452 180 200 230
-3.63394 0.39686 7.34881 180 200 230
3.47492 1.25567 8.11389 180 200 230
1.52443 -2.91063 0.67577 180 200 230
2.67759 2.32078 5.32880 180 200 230
0.72127 3.42370 4.36568 180 200 230
-3.44669 0.88576 5.67861 180 200 230
1.17493 3.27536 4.18557 180 200 230
-3.35446 -0.84378 3.74393 180 200 230
-3.39499 0.85582 4.40722 180 200 230
3.39621 -1.04428 5.39219 180 200 230
2.98902 1.85432 4.66889 180 200 230
-3.09814 -1.62129 4.40985 180 200 230
-0.67734 -3.59982 7.45212 180 200 230
2.52661 2.61142 6.82828 180 200 230
-2.23938 -2.58761 3.22050 180 200 230
2.39884 -2.74732 7.30400 180 200 230
0.86172 -3.58380 7.75899 180 200 230
3.06000 -1.32028 1.46919 180 200 230
-0.65324 -3.49419 5.39818 180 200 230
-2.66999 2.09841 2.70313 180 200 230
3.18827 -1.74101 6.77193 180 200 230
0.52118 3.33905 2.27014 180 200 230
-3.10765 -1.80382 6.18093 180 200 230
0.33255 -3.36925 2.42253 180 200 230
2.44350 -2.52844 4.76037 180 200 230
3.22161 -1.86336 8.56748 180 200 230
2.96750 1.75436 3.58596 180 200 230
-0.55346 -3.65150 7.94791 180 200 230
1.06413 3.58728 8.89036 180 200 230
0.67024 -3.62231 7.94084 180 200 230
-1.01822 -3.18058 1.58604 180 200 230
1.53394 3.33301 7.46751 180 200 230
1.62733 -2.83931 0.31048 180 200 230
-3.35877 0.82226 3.69514 180 200 230
-3.55394 -1.00487 7.90506 180 200 230
3.54869 -0.64456 6.33255 180 200 230
-1.95180 -2.93605 4.95372 180 200 230
-2.92268 -1.81798 3.64629 180 200 230
3.64683 0.38552 7.40411 180 200 230
1.13168 3.42536 6.51478 180 200 230
3.43901 0.57941 4.37655 180 200 230
-1.84657 3.19932 8.09105 180 200 230
-1.89341 2.80466 2.18713 180 200 230
-3.28217 -0.63317 1.62869 180 200 230
-1.32060 -3.32132 5.93001 180 200 230
1.60353 3.37160 8.76453 180 200 230
-2.71409 -2.01534 2.34931 180 200 230
2.93433 -1.68653 2.37165 180 200 230
1.32063 3.05221 1.33671 180 200 230
-1.98946 -3.09554 7.81865 180 200 230
3.23392 0.95254 2.15455 180 200 230
-3.44050 -0.68206 4.68921 180 200 230
-0.19931 -3.74567 8.92299 180 200 230
3.18260 0.69130 0.11754 180 200 230
-1.77297 3.05614 5.16578 180 200 230
2.53373 -2.44129 4.77054 180 200 230
0.56180 3.61759 7.36259 180 200 230
-0.58238 -3.38386 3.34784 180 200 230
-2.64045 -2.24766 3.85024 180 200 230
1.72506 2.86277 1.60550 180 200 230
-0.18921 -3.62810 6.78622 180 200 230
-3.57776 -0.73110 7.16646 180 200 230
2.53226 2.14974 1.30998 180 200 230
3.27400 -1.07810 3.69718 180 200 230
-3.69590 0.18682 8.09427 180 200 230
-0.10053 -3.25161 0.02614 180 200 230
0.68676 3.33740 2.82733 180 200 230
2.29218 2.67301 5.15355 180 200 230
-0.18718 -3.42345 3.15297 180 200 230
-1.56074 -3.00797 2.58011 180 200 230
-0.52698 3.45237 4.30055 180 200 230
-0.07833 -3.35389 1.73322 180 200 230
-3.52067 -0.11047 4.92597 180 200 230
-2.09766 2.94135 6.48944 180 200 230
0.81471 -3.45158 5.33285 180 200 230
-2.45253 -2.21151 0.89544 180 200 230
-3.67336 -0.16787 7.68010 180 200 230
0.48326 -3.30517 1.67219 180 200 230
-3.49087 -1.01011 6.99488 180 200 230
3.19276 -1.29824 3.39569 180 200 230
1.51339 -3.32081 7.14972 180 200 230
-2.11425 2.61577 1.96599 180 200 230
-3.26992 0.73266 1.78193 180 200 230
3.38685 -0.93036 4.63353 180 200 230
2.58101 -1.99673 0.31861 180 200 230
1.21704 3.14208 2.14433 180 200 230
-0.55087 3.57930 6.64032 180 200 230
-2.42342 2.76909 7.61955 180 200 230
2.40823 -2.26578 0.77708 180 200 230
3.31880 -1.62800 8.00196 180 200 230
1.17915 -3.45533 7.27734 180 200 230
-0.59229 3.63477 7.89666 180 200 230
2.73258 -2.34680 6.41764 180 200 230
3.51450 0.73660 6.20523 180 200 230
-3.10242 1.63508 4.88618 180 200 230
-2.57358 2.48994 6.01771 180 200 230
-3.62493 -0.81600 8.31687 180 200 230
-3.06712 -1.22866 0.96629 180 200 230
0.52557 3.37382 2.98443 180 200 230
0.92407 3.14785 0.69854 180 200 230
1.23163 -3.52015 8.53447 180 200 230
3.09235 1.60503 4.16708 180 200 230
-3.59204 0.15162 6.21546 180 200 230
1.31354 3.42058 7.65256 180 200 230
-1.58462 3.39140 8.92450 180 200 230
-0.56968 3.28917 1.54746 180 200 230
-0.94182 -3.53168 7.29436 180 200 230
-3.55776 1.00893 8.04758 180 200 230
-1.00252 3.12265 0.47162 180 200 230
1.77778 -3.16969 6.90171 180 200 230
2.95126 1.76533 3.34243 180 200 230
0.36717 -3.55916 5.98092 180 200 230
0.03721 3.50961 4.78684 180 200 230
2.94957 -1.66967 2.46541 180 200 230
3.32339 0.11613 1.29606 180 200 230
-3.10708 -1.15544 1.12257 180 200 230
-2.37739 -2.29706 0.99297 180 200 230
-3.16188 -1.66905 5.88568 180 200 230
1.36453 -3.15242 3.31216 180 200 230
2.56453 2.18097 2.06319 180 200 230
-3.10983 1.82452 6.36009 180 200 230
2.36833 -2.72972 6.31546 180 200 230
2.69720 -2.26766 5.01141 180 200 230
-3.73543 0.03886 8.45052 180 200 230
-3.21904 -1.22718 3.62369 180 200 230
0.32071 -3.66051 7.60677 180 200 230
0.60751 -3.22757 0.72413 180 200 230
2.76741 -2.34616 6.77792 180 200 230
2.08522 -3.11620 8.90262 180 200 230
-3.15890 1.88365 7.69888 180 200 230
-2.09302 -2.87143 5.37140 180 200 230
-3.54968 0.37530 5.78855 180 200 230
2.52635 2.31222 3.33001 180 200 230
1.56732 -3.24141 6.25155 180 200 230
-2.92208 -2.17289 7.04294 180 200 230
3.50068 1.33551 8.98525 180 200 230
-1.55363 -3.13974 4.59293 180 200 230
-0.67827 3.21408 0.59108 180 200 230
3.22120 1.49766 5.51548 180 200 230
-2.59922 -2.05805 1.14236 180 200 230
-0.37763 -3.36403 2.32576 180 200 230
-3.41252 -0.37207 3.10370 180 200 230
3.62703 0.12877 6.70113 180 200 230
-2.96518 -1.55529 1.75515 180 200 230
3.33647 0.13863 1.58498 180 200 230
2.92851 -1.45966 0.43431 180 200 230
-0.40022 3.66627 7.92681 180 200 230
2.48677 -2.61480 6.37414 180 200 230
3.26044 0.24855 0.38599 180 200 230
2.67626 1.87379 0.27348 180 200 230
-3.36985 1.06206 5.18533 180 200 230
0.18409 -3.40059 2.67677 180 200 230
3.32620 -1.25539 5.52304 180 200 230
-3.45104 -0.46011 4.07039 180 200 230
-2.28269 2.92530 8.35292 180 200 230
3.26540 0.93878 2.72623 180 200 230
-3.11670 -1.80926 6.24838 180 200 230
-2.38861 2.24182 0.52176 180 200 230
3.13128 -2.01117 8.62864 180 200 230
-3.70653 0.46684 8.83846 180 200 230
0.35181 -3.61338 6.77120 180 200 230
2.02258 -2.85070 4.34723 180 200 230
2.74160 1.94691 2.09495 180 200 230
-3.40852 1.32861 7.40650 180 200 230
2.84886 -2.24680 6.74761 180 200 230
-3.00096 1.54203 2.11272 180 200 230
-3.19626 -1.38683 4.22105 180 200 230
2.44038 -2.49923 4.32551 180 200 230
0.40085 3.65052 7.52551 180 200 230
2.84678 -2.22020 6.28929 180 200 230
-2.85157 2.15426 5.93325 180 200 230
-2.98519 -1.97525 5.99169 180 200 230
-1.59642 2.99056 2.56538 180 200 230
-3.39853 -0.58476 3.49792 180 200 230
3.11754 0.99751 0.44098 180 200 230
3.34814 1.45537 7.18584 180 200 230
-2.98881 1.77461 4.05610 180 200 230
-1.76954 2.99418 4.10361 180 200 230
-2.52428 -2.24787 2.33157 180 200 230
3.27098 0.79421 1.99550 180 200 230
1.75442 3.08342 5.44431 180 200 230
0.84699 3.26405 2.21219 180 200 230
-3.05182 1.19741 0.61939 180 200 230
0.07241 3.64030 7.01790 180 200 230
2.23518 2.62248 3.54170 180 200 230
-2.82498 -1.98738 3.57576 180 200 230
-0.13375 -3.47190 4.04091 180 200 230
-1.44808 -3.36184 7.42820 180 200 230
-0.55957 3.37104 3.03119 180 200 230
2.22334 -2.88705 6.93547 180 200 230
-2.83427 -2.39990 8.49069 180 200 230
-2.69420 -2.36524 6.08868 180 200 230
0.80379 3.38061 4.04419 180 200 230
0.17740 3.62288 6.84728 180 200 230
-3.44647 0.55141 4.28128 180 200 230
0.26495 3.45555 3.88760 180 200 230
-1.33629 -3.25950 4.88700 180 200 230
-1.22912 3.18870 3.00238 180 200 230
1.91038 2.69711 1.00188 180 200 230
2.00510 2.81947 3.89180 180 200 230
2.31234 2.37800 1.18834 180 200 230
-3.21053 1.27697 3.85184 180 200 230
3.53320 0.06750 5.16975 180 200 230
-3.58891 -0.97872 8.41531 180 200 230
-0.97888 3.12569 0.34970 180 200 230
-3.38781 -1.15940 5.74095 180 200 230
3.20265 -1.37576 4.28007 180 200 230
2.21503 -2.38724 0.19629 180 200 230
-3.00152 -1.56347 2.37052 180 200 230
-2.89193 1.63582 1.13682 180 200 230
-1.07506 -3.19642 2.06437 180 200 230
3.00184 -1.57398 2.60358 180 200 230
-3.45119 0.22699 3.76826 180 200 230
2.86289 2.06105 4.92043 180 200 230
0.32848 -3.23851 0.00934 180 200 230
3.33174 0.21969 1.54823 180 200 230
0.30289 -3.28382 0.90008 180 200 230
3.04497 1.79864 5.10471 180 200 230
2.68658 2.12798 3.10673 180 200 230
0.69827 -3.45853 5.09376 180 200 230
-1.25146 -3.13329 2.11149 180 200 230
-3.02388 -1.23927 0.23409 180 200 230
1.59576 -3.35906 8.50588 180 200 230
1.96996 -2.66297 1.04025 180 200 230
-3.20400 0.87625 1.21667 180 200 230
3.33132 -0.07749 1.40330 180 200 230
-2.34558 2.92475 8.84210 180 200 230
1.68876 3.14198 5.70808 180 200 230
2.02197 -2.93632 5.64286 180 200 230
-3.21788 1.88752 8.88890 180 200 230
2.32811 -2.34280 0.85068 180 200 230
3.47012 1.40342 8.78518 180 200 230
2.57841 2.16191 1.94465 180 200 230
3.45156 0.89252 5.75610 180 200 230
-2.78421 -2.07710 3.93870 180 200 230
1.70012 -3.00849 3.60971 180 200 230
-3.04119 2.13280 8.42013 180 200 230
2.80771 1.79908 1.42862 180 200 230
-2.62668 2.67771 8.97525 180 200 230
-1.98745 2.80733 3.56639 180 200 230
-2.22453 -2.81169 5.98209 180 200 230
-2.15212 -3.04795 8.73009 180 200 230
2.61049 1.97348 0.55611 180 200 230
-3.25804 1.78641 8.34882 180 200 230
-2.21451 -2.76468 5.26637 180 200 230
-0.20125 3.61082 6.46911 180 200 230
-2.77863 1.83573 1.42845 180 200 230
-2.66650 -2.31226 4.95931 180 200 230
-2.94765 2.06141 6.19928 180 200 230
3.42668 0.67291 4.26622 180 200 230
0.56979 3.27884 1.48360 180 200 230
0.55139 -3.33460 2.32002 180 200 230
0.03460 3.68056 7.76565 180 200 230
1.35034 -2.98011 0.33297 180 200 230
-3.53504 0.74580 6.50839 180 200 230
-3.69255 0.63439 8.99505 180 200 230
0.41809 -3.22535 0.07258 180 200 230
-2.48438 2.23807 1.54016 180 200 230
0.25934 3.57687 6.20541 180 200 230
2.59579 2.01435 0.57839 180 200 230
-1.67730 -3.13967 5.46114 180 200 230
-3.53835 0.67630 6.29109 180 200 230
1.29907 -3.31714 5.44637 180 200 230
-3.32458 0.90558 3.43817 180 200 230
-3.10327 1.84025 6.40727 180 200 230
-1.07363 3.38722 5.50153 180 200 230
1.05039 3.19365 1.97890 180 200 230
1.71569 -3.10064 5.22458 180 200 230
3.05289 2.08067 8.00062 180 200 230
2.93024 -2.06966 6.14105 180 200 230
3.43906 0.58706 4.40710 180 200 230
-3.38633 -0.47657 3.03796 180 200 230
3.07014 1.17841 0.82701 180 200 230
0.62456 -3.31854 2.32494 180 200 230
0.77714 3.14941 0.10900 180 200 230
-3.43098 -1.50839 8.88733 180 200 230
2.91914 -1.69076 2.11770 180 200 230
-2.16682 -2.95336 7.42660 180 200 230
1.45772 3.01479 1.61183 180 200 230
0.98467 -3.26057 2.68666 180 200 230
-3.23835 1.24746 3.92243 180 200 230
3.40794 0.28280 3.06403 180 200 230
-3.64032 0.30342 7.28444 180 200 230
1.42823 -3.44899 8.64353 180 200 230
-3.33897 1.57229 7.94426 180 200 230
0.17649 -3.32973 1.46990 180 200 230
-1.00601 -3.50592 7.09720 180 200 230
-3.20636 0.88990 1.41685 180 200 230
-1.65068 3.32794 8.26813 180 200 230
-0.51650 -3.47855 4.82087 180 200 230
-2.32854 2.51366 3.17419 180 200 230
1.60197 2.91775 1.50291 180 200 230
-1.40186 2.93765 0.11442 180 200 230
2.42581 -2.37038 2.35515 180 200 230
-0.77162 3.62393 8.27411 180 200 230
0.34500 3.64004 7.27484 180 200 230
2.49676 2.77597 8.74591 180 200 230
3.09684 1.11884 0.96921 180 200 230
3.51930 -0.51911 5.48250 180 200 230
-3.29294 -0.77476 2.44159 180 200 230
-0.45049 -3.50301 5.04475 180 200 230
0.49240 -3.38754 3.02733 180 200 230
-2.03853 2.72158 2.68572 180 200 230
1.07293 -3.38104 5.31989 180 200 230
3.24551 -0.80112 1.75082 180 200 230
-0.18093 -3.49233 4.38261 180 200 230
-0.85307 -3.47934 6.00022 180 200 230
-3.01294 1.36647 1.23001 180 200 230
2.02013 -3.12560 8.41422 180 200 230
2.98355 1.86299 4.71157 180 200 230
-0.00730 -3.67220 7.46621 180 200 230
-2.32650 2.74160 6.02675 180 200 230
-3.30975 -1.45637 6.51818 180 200 230
2.82992 -2.25368 6.57168 180 200 230
-2.92069 -2.26609 7.94225 180 200 230
3.51480 0.56986 5.67250 180 200 230
-0.58032 -3.33809 2.63759 180 200 230
2.97795 -1.42368 0.95679 180 200 230
-2.23933 -2.77764 5.60689 180 200 230
2.11466 -2.51024 0.63980 180 200 230
1.53997 -3.00853 2.29359 180 200 230
2.11467 -2.51435 0.58530 180 200 230
-1.97009 2.93444 5.09780 180 200 230
-3.28507 0.53802 1.53429 180 200 230
2.05981 -2.91003 5.64390 180 200 230
3.08584 -1.94751 7.21991 180 200 230
2.21834 2.92924 7.48637 180 200 230
1.42559 3.10683 2.92665 180 200 230
-2.01834 2.89768 5.09857 180 200 230
0.45140 -3.52019 5.22317 180 200 230
2.47252 -2.47311 4.41655 180 200 230
-3.13203 -1.72801 6.03843 180 200 230
2.54503 2.19499 2.00200 180 200 230
-1.24197 3.53674 8.82496 180 200 230
2.05451 -2.58026 0.94325 180 200 230
-2.11079 3.00114 7.54990 180 200 230
2.83376 2.13621 5.50002 180 200 230
-1.08401 3.19436 2.32726 180 200 230
1.26449 -3.39753 6.82898 180 200 230
-3.28629 0.13471 0.81350 180 200 230
1.72203 3.20704 7.07791 180 200 230
-1.36593 3.28990 5.46274 180 200 230
3.16918 -0.95145 1.06376 180 200 230
-2.99976 1.36677 0.76536 180 200 230
-3.39517 1.30493 6.87323 180 200 230
1.94422 2.78750 2.77379 180 200 230
-1.24150 3.47894 8.06387 180 200 230
1.43946 -3.34448 6.97070 180 200 230
0.81249 -3.51044 6.41549 180 200 230
-3.12477 1.34060 2.64054 180 200 230
2.84147 -2.24286 6.50871 180 200 230
-2.71478 2.54105 8.56343 180 200 230
2.17001 -2.48239 0.88089 180 200 230
3.35308 0.67388 3.08023 180 200 230
-1.93388 2.76157 2.23208 180 200 230
2.11707 -2.72689 3.69499 180 200 230
2.95037 -2.10670 6.79987 180 200 230
0.14107 -3.49312 4.42886 180 200 230
-1.71036 -3.10493 5.29226 180 200 230
1.36809 -3.13415 2.96925 180 200 230
-0.87623 -3.20755 1.35376 180 200 230
-0.09006 3.39508 2.53208 180 200 230
-3.59846 0.77504 7.81100 180 200 230
-1.89082 -3.00884 5.57366 180 200 230
-2.93477 -1.80612 3.55562 180 200 230
2.74160 -2.41406 7.21139 180 200 230
-3.24451 0.53805 0.62120 180 200 230
1.48261 3.04998 2.41070 180 200 230
0.74446 3.28990 2.18919 180 200 230
2.12661 -3.08496 8.87674 180 200 230
3.61165 0.19810 6.48397 180 200 230
2.42501 -2.61081 5.70940 180 200 230
3.05531 1.11275 0.04835 180 200 230
-2.61235 2.11566 1.75915 180 200 230
1.11010 -3.40370 5.86554 180 200 230
-2.88571 1.89256 3.57120 180 200 230
1.63293 -3.34129 8.36068 180 200 230
2.93424 2.14028 6.99424 180 200 230
-3.47020 -0.25211 4.18657 180 200 230
-3.15010 -1.79610 6.86235 180 200 230
2.89515 -2.36858 8.79296 180 200 230
2.90137 1.93524 4.30936 180 200 230
-1.89149 3.03925 5.92725 180 200 230
-2.00089 -3.12454 8.31338 180 200 230
3.34635 -0.42424 2.36298 180 200 230
2.14286 -3.01766 8.04002 180 200 230
1.87662 -2.70632 0.93840 180 200 230
-3.55772 -0.38559 5.97958 180 200 230
-3.34759 -1.43116 7.15087 180 200 230
2.24544 -2.76411 5.68134 180 200 230
2.39516 -2.56264 4.62036 180 200 230
1.15261 -3.38212 5.70497 180 200 230
1.38776 -3.01920 1.45239 180 200 230
2.44492 -2.30666 2.05350 180 200 230
2.55504 2.21805 2.56042 180 200 230
-0.94089 3.42753 5.53244 180 200 230
3.44106 -0.52036 4.13676 180 200 230
-3.24991 -0.93923 2.32318 180 200 230
1.64239 3.29801 8.00890 180 200 230
-3.44758 -0.06620 3.51821 180 200 230
-2.11754 -2.75787 4.17443 180 200 230
1.63172 -3.04827 3.84495 180 200 230
1.27451 -3.09470 1.73762 180 200 230
3.45357 1.10396 6.70654 180 200 230
-3.33519 1.00257 4.19613 180 200 230
3.22615 0.41928 0.15766 180 200 230
2.84831 -2.41245 8.69706 180 200 230
1.68370 3.24905 7.43446 180 200 230
-2.56295 -2.55892 6.63635 180 200 230
-3.33609 -1.58571 7.89097 180 200 230
-2.61554 -2.63300 8.21231 180 200 230
-3.15836 -1.32960 3.18439 180 200 230
-0.76576 -3.48632 5.64856 180 200 230
-2.49805 -2.53314 5.63014 180 200 230
2.86709 1.82710 2.53530 180 200 230
-2.25139 2.49722 2.11335 180 200 230
-3.16020 -0.95253 1.09436 180 200 230
-1.63575 3.20053 6.07448 180 200 230
0.23629 -3.63511 7.13412 180 200 230
-1.50509 3.31131 6.96118 180 200 230
1.61845 -3.00249 2.98936 180 200 230
2.03667 2.68557 1.95606 180 200 230
0.42478 -3.46889 4.24221 180 200 230
1.43713 3.23506 5.07894 180 200 230
-3.65512 -0.65012 8.31685 180 200 230
-1.58470 3.33905 7.93992 180 200 230
-2.41262 -2.81887 8.29118 180 200 230
0.85485 3.58454 7.72995 180 200 230
1.05024 -3.58053 8.70194 180 200 230
-3.13216 -1.56097 4.34960 180 200 230
3.15592 -0.86820 0.45846 180 200 230
-0.78340 -3.19841 0.80448 180 200 230
-2.69502 -2.15621 3.66783 180 200 230
1.61593 -2.97652 2.44638 180 200 230
0.63208 3.27793 1.62467 180 200 230
-2.50649 -2.76304 8.60563 180 200 230
-2.58754 2.12956 1.86449 180 200 230
-0.14567 -3.73210 8.65770 180 200 230
3.60127 0.55808 6.95981 180 200 230
-3.21605 1.57022 5.91335 180 200 230
-2.08865 -2.94039 6.22075 180 200 230
-3.32512 0.83952 3.12875 180 200 230
0.27120 3.58162 5.96101 180 200 230
-3.26505 0.74386 1.78234 180 200 230
2.17734 -3.00699 8.47514 180 200 230
0.91215 3.28066 2.85558 180 200 230
-2.27070 2.50582 2.42333 180 200 230
3.60129 -0.21895 6.52879 180 200 230
3.05202 -1.86192 6.05030 180 200 230
3.41048 0.73915 4.22151 180 200 230
-3.50053 -0.67533 5.83903 180 200 230
3.06131 1.33419 1.52570 180 200 230
3.20095 -1.65880 6.19719 180 200 230
-3.16269 1.21682 2.56676 180 200 230
-2.95944 1.66502 2.58709 180 200 230
-0.47904 3.29960 1.55144 180 200 230
-3.11288 -1.43669 3.13714 180 200 230
2.09479 2.70054 3.12734 180 200 230
1.05524 -3.32175 4.24786 180 200 230
-3.35145 0.18528 1.81706 180 200 230
-3.06401 -1.35949 1.84171 180 200 230
1.90195 -2.96376 5.03455 180 200 230
1.31761 3.05265 1.23572 180 200 230
1.62860 3.20542 6.33445 180 200 230
-3.27249 1.77766 8.52748 180 200 230
0.78210 -3.38597 3.99973 180 200 230
3.45636 1.33206 8.16408 180 200 230
0.92831 -3.18256 0.94457 180 200 230
-3.27668 -0.01558 0.41468 180 200 230
-3.34770 -1.36854 6.61751 180 200 230
-3.34597 -1.43263 6.96164 180 200 230
3.45046 1.27091 7.66850 180 200 230
0.00472 3.28067 0.54811 180 200 230
0.12132 -3.64360 7.09919 180 200 230
-2.93440 1.80409 3.54240 180 200 230
-3.16690 -1.26578 2.86960 180 200 230
3.14099 -1.13376 1.65377 180 200 230
3.58178 1.07171 8.96705 180 200 230
-3.12673 1.02288 0.61351 180 200 230
-2.35905 2.80557 7.53104 180 200 230
2.80749 2.21896 5.90056 180 200 230
3.44881 -1.10159 6.73694 180 200 230
3.50401 -0.86550 6.53356 180 200 230
-1.38594 3.40705 7.80047 180 200 230
3.16612 -1.10145 1.75478 180 200 230
3.17718 0.71382 0.00766 180 200 230
3.53225 -0.42604 5.53890 180 200 230
1.76460 -2.94428 3.33481 180 200 230
0.73509 3.22481 1.18820 180 200 230
-2.71799 -1.96294 1.77690 180 200 230
1.02220 -3.26429 3.13178 180 200 230
-1.38432 2.97579 0.67712 180 200 230
-1.99034 2.60791 0.54904 180 200 230
-2.55634 -2.68726 8.29099 180 200 230
2.05218 2.71877 2.95101 180 200 230
2.75113 2.52588 8.85096 180 200 230
0.00457 3.73501 8.69992 180 200 230
-0.18237 -3.31760 1.36608 180 200 230
-2.41915 2.68903 6.56117 180 200 230
-3.55576 -0.16451 5.55902 180 200 230
1.21254 3.39812 6.34910 180 200 230
1.13431 3.09598 0.92523 180 200 230
-1.96207 -2.71672 1.79983 180 200 230
2.55952 2.07378 0.73797 180 200 230
-1.75590 -3.09379 5.58869 180 200 230
-3.04299 2.19042 8.88696 180 200 230
-1.70211 -3.15556 6.18648 180 200 230
-2.65705 2.44135 6.52525 180 200 230
2.11936 -3.07462 8.87086 180 200 230
3.37624 1.22887 6.23903 180 200 230
2.56284 -2.03223 0.38821 180 200 230
-0.43185 3.66622 7.87322 180 200 230
3.31783 0.90860 3.43384 180 200 230
-3.00278 -1.24168 0.04244 180 200 230
0.56231 3.45939 4.72585 180 200 230
-3.59306 0.94174 8.46917 180 200 230
1.09346 -3.20593 2.44303 180 200 230
0.90566 -3.39020 4.58403 180 200 230
-2.69749 -1.96984 1.66084 180 200 230
3.25525 -0.45553 0.55619 180 200 230
-3.20342 0.74249 0.77579 180 200 230
3.50817 0.88639 6.66667 180 200 230
1.55673 -3.33947 7.84849 180 200 230
0.59807 3.27982 1.37236 180 200 230
1.52100 3.04347 2.73070 180 200 230
3.02601 1.42416 1.86119 180 200 230
-1.53700 2.88534 0.25945 180 200 230
-1.63221 3.14653 5.13785 180 200 230
-1.17386 3.40959 6.43051 180 200 230
-2.98146 -1.97709 5.97461 180 200 230
0.03350 -3.45679 3.64719 180 200 230
3.27839 -1.35152 5.15188 180 200 230
2.74414 1.84107 0.90480 180 200 230
1.94731 2.69381 1.47737 180 200 230
-3.14439 -1.99113 8.42441 180 200 230
2.96888 2.10433 6.96591 180 200 230
-2.55194 2.69152 8.34812 180 200 230
-2.63595 -2.62116 8.29609 180 200 230
0.68379 -3.51902 5.98756 180 200 230
0.75269 3.64604 8.39412 180 200 230
-1.70601 -3.01227 3.90857 180 200 230
-1.98028 -2.58197 0.03493 180 200 230
2.08405 -2.53159 0.60360 180 200 230
-1.29048 3.04771 1.05166 180 200 230
0.00191 -3.30832 0.91660 180 200 230
0.04306 -3.42677 3.31528 180 200 230
0.24430 3.59277 6.44259 180 200 230
-2.64666 -2.52186 7.21766 180 200 230
-1.61005 -3.16788 5.46524 180 200 230
-0.50969 3.29457 1.40217 180 200 230
-3.46138 1.08155 6.84830 180 200 230
-3.16003 1.34917 3.34330 180 200 230
0.47986 -3.22492 0.12561 180 200 230
3.39875 0.01476 2.65906 180 200 230
-3.41439 -0.02202 3.12152 180 200 230
1.36664 3.12258 2.59950 180 200 230
-2.21096 -2.91950 7.40071 180 200 230
-1.53777 -3.28769 6.95269 180 200 230
-3.60660 -0.02553 6.39218 180 200 230
-3.21084 -0.86819 1.33199 180 200 230
-1.45645 3.36229 7.36575 180 200 230
-1.39515 3.31956 6.23125 180 200 230
-0.10283 -3.35063 1.85895 180 200 230
2.41769 2.63137 5.97674 180 200 230
0.47185 -3.47106 4.51219 180 200 230
-1.95038 -2.87041 4.11414 180 200 230
2.48003 -2.20104 1.07648 180 200 230
-0.22386 3.50724 4.82482 180 200 230
-3.30405 -0.12834 0.96051 180 200 230
3.23445 0.80861 1.57108 180 200 230
2.82926 -1.73361 1.27101 180 200 230
-1.68273 -3.32272 8.61362 180 200 230
-2.43856 -2.37430 2.69855 180 200 230
-0.37264 -3.41256 3.34717 180 200 230
-0.73258 3.34355 3.04237 180 200 230
-2.93914 -2.24630 8.13999 180 200 230
1.11310 -3.35942 5.22332 180 200 230
3.13068 1.99492 8.31748 180 200 230
3.29497 -0.87216 2.83808 180 200 230
2.57262 -2.07738 1.10288 180 200 230
3.44521 -0.81525 5.16299 180 200 230
1.22939 -3.20175 3.25839 180 200 230
-1.00564 3.51820 7.31483 180 200 230
-3.21885 -1.81077 7.97945 180 200 230
2.54759 2.39724 4.41365 180 200 230
0.09776 -3.73328 8.75910 180 200 230
2.00978 2.90361 5.13485 180 200 230
2.27411 -2.52064 2.56930 180 200 230
0.20760 3.49479 4.56160 180 200 230
1.74890 2.77166 0.36011 180 200 230
3.30071 1.57617 7.33301 180 200 230
-0.79258 -3.20063 0.97540 180 200 230
1.33028 3.13903 2.91979 180 200 230
1.14196 3.34690 5.24445 180 200 230
1.58486 2.86988 0.41476 180 200 230
-1.13206 3.09580 0.76356 180 200 230
3.36194 -1.30157 6.39721 180 200 230
-3.27825 0.27622 0.69152 180 200 230
-0.23883 3.48887 4.45447 180 200 230
1.64590 3.01138 3.19523 180 200 230
3.34941 0.39966 2.17021 180 200 230
-2.21766 2.51568 1.80176 180 200 230
2.80143 2.31937 6.98256 180 200 230
3.67066 0.62904 8.59189 180 200 230
2.65527 2.00618 1.34306 180 200 230
-1.56044 3.39768 8.66004 180 200 230
0.01933 -3.56133 5.50525 180 200 230
3.27374 1.46545 5.91922 180 200 230
-1.56548 -3.25612 6.51770 180 200 230
-2.61910 -2.47635 6.46734 180 200 230
2.69955 -2.47225 7.46930 180 200 230
1.41348 3.21014 4.51155 180 200 230
0.96545 -3.38108 4.95978 180 200 230
2.26443 -2.57288 3.05825 180 200 230
3.26628 -0.48615 1.01166 180 200 230
1.29457 -3.35885 6.12107 180 200 230
2.32842 2.29266 0.32488 180 200 230
3.21296 -1.10842 2.61297 180 200 230
1.31530 -3.03990 0.90562 180 200 230
0.78550 3.25607 1.82036 180 200 230
1.81636 3.08002 5.89397 180 200 230
3.28788 -1.38824 5.80371 180 200 230
1.93464 2.87379 3.94807 180 200 230
0.55868 -3.24886 0.86763 180 200 230
-2.87543 1.94730 4.05969 180 200 230
-0.56173 -3.38212 3.32480 180 200 230
3.03047 1.97301 6.60959 180 200 230
-0.55411 -3.50685 5.36588 180 200 230
-3.49044 -0.26172 4.58500 180 200 230
2.83775 -2.05145 4.54358 180 200 230
1.41218 3.46450 8.71591 180 200 230
2.80430 2.30087 6.92124 180 200 230
1.16595 3.31817 4.63285 180 200 230
3.07779 1.65633 4.47390 180 200 230
3.23987 -0.40618 0.25603 180 200 230
2.67240 2.60137 8.51498 180 200 230
1.04109 3.26341 3.01536 180 200 230
1.24075 -3.15194 2.43003 180 200 230
0.07639 3.74548 8.99523 180 200 230
0.62570 3.55783 6.59433 180 200 230
-1.53477 -2.89032 0.45744 180 200 230
-2.64866 1.95594 0.59625 180 200 230
1.66883 -2.80255 0.24676 180 200 230
-2.29884 -2.71809 5.54847 180 200 230
-0.78075 3.18891 0.68985 180 200 230
-3.03211 -2.14307 8.43844 180 200 230
2.48598 -2.76813 8.46791 180 200 230
-2.32594 2.65560 5.07269 180 200 230
-0.30272 -3.55248 5.69912 180 200 230
-2.93223 1.71346 2.76425 180 200 230
-3.16437 -0.87794 0.61681 180 200 230
-0.37144 -3.61411 6.75698 180 200 230
3.06431 1.22501 0.97860 180 200 230
-3.16890 0.92174 0.82321 180 200 230
2.80635 1.91270 2.94343 180 200 230
-0.50872 -3.21267 0.12092 180 200 230
-2.70105 -2.17250 4.06607 180 200 230
-1.68112 3.20278 6.49781 180 200 230
3.24805 1.68804 7.30994 180 200 230
3.17598 -1.59812 5.59034 180 200 230
-1.46130 3.37665 7.70117 180 200 230
-0.55062 3.42398 3.81518 180 200 230
2.96791 2.18508 7.71713 180 200 230
-3.10364 -1.63963 4.71871 180 200 230
-0.32963 3.34071 2.12382 180 200 230
2.04890 -3.10413 8.52943 180 200 230
-1.39340 -3.09989 2.60680 180 200 230
3.27357 0.08054 0.25282 180 200 230
-3.09434 -1.35464 2.30661 180 200 230
0.39163 3.41638 3.45236 180 200 230
3.42991 0.33221 3.31099 180 200 230
-2.57789 -2.40158 4.88145 180 200 230
1.03108 3.54190 8.01136 180 200 230
2.74865 -2.00663 2.76798 180 200 230
-3.15625 -1.56795 4.84642 180 200 230
0.86948 3.31581 3.20875 180 200 230
3.63834 -0.47991 7.48569 180 200 230
-3.18518 -0.95675 1.50853 180 200 230
1.67044 2.84379 0.99519 180 200 230
-3.48618 -0.37916 4.68760 180 200 230
3.47567 -0.90757 6.18524 180 200 230
-3.24835 1.67547 7.25989 180 200 230
-3.17237 1.60774 5.45985 180 200 230
-3.54676 0.88394 7.07214 180 200 230
-0.64892 3.38975 3.69010 180 200 230
1.71904 2.77708 0.31779 180 200 230
-2.90983 -1.57425 1.11485 180 200 230
2.57856 -2.02097 0.37382 180 200 230
-0.30697 -3.41443 3.10547 180 200 230
2.88367 1.99135 4.62015 180 200 230
-2.79931 2.01109 3.35663 180 200 230
3.53351 0.11762 5.20239 180 200 230
-1.24777 3.27471 4.48591 180 200 230
-1.74851 -3.15123 6.23782 180 200 230
-0.89652 3.47050 6.14235 180 200 230
1.84257 -2.88104 3.00541 180 200 230
-3.38331 0.48403 3.26529 180 200 230
-1.72901 -3.10649 5.42009 180 200 230
2.64697 -2.36737 5.52065 180 200 230
-1.40051 -3.11799 2.97439 180 200 230
2.73828 -2.06064 3.11822 180 200 230
1.28803 -3.37239 6.37878 180 200 230
-3.27243 -1.46679 5.97001 180 200 230
-0.97154 3.17697 1.29461 180 200 230
-1.03593 3.31961 4.12910 180 200 230
2.62118 -2.61030 8.09265 180 200 230
3.07863 1.08406 0.35114 180 200 230
3.43435 -1.32402 7.77227 180 200 230
-1.55251 2.95189 1.56083 180 200 230
-0.24514 -3.50002 4.72577 180 200 230
-1.66854 3.03371 3.97806 180 200 230
3.11021 -0.93971 0.09845 180 200 230
3.59799 0.83931 8.28643 180 200 230
-2.10667 2.77596 4.25465 180 200 230
2.50993 -2.75973 8.61465 180 200 230
-0.51008 3.34888 2.71690 180 200 230
-0.59114 3.64057 7.86715 180 200 230
2.98667 -2.20593 8.34493 180 200 230
1.71251 -3.08823 5.16898 180 200 230
2.64114 2.06925 1.93262 180 200 230
-3.15744 -1.74047 6.30187 180 200 230
0.58707 3.47921 5.09894 180 200 230
0.80930 3.63543 8.53241 180 200 230
-2.60471 -2.30814 4.11288 180 200 230
2.41226 2.37813 2.54730 180 200 230
-3.26883 0.62827 1.32503 180 200 230
-0.13197 3.60622 6.41907 180 200 230
2.27017 -2.96796 8.78224 180 200 230
-3.08680 -1.10025 0.27342 180 200 230
0.78985 3.54498 6.78306 180 200 230
3.31861 -1.65260 8.38387 180 200 230
1.45391 -2.94917 0.72048 180 200 230
-0.31861 3.30579 1.05755 180 200 230
3.49126 -0.87187 6.36112 180 200 230
-0.39844 3.56005 5.97510 180 200 230
-0.87179 3.17550 0.66299 180 200 230
-2.77145 2.41371 7.59434 180 200 230
1.79786 3.03154 4.87022 180 200 230
-1.43022 -3.42337 8.21570 180 200 230
-3.45569 -1.30176 7.96722 180 200 230
2.88241 -2.25146 7.40647 180 200 230
0.20164 3.51323 4.80295 180 200 230
1.62442 2.96499 2.39091 180 200 230
-2.21356 2.72336 4.71426 180 200 230
2.01121 2.63047 0.96866 180 200 230
3.38209 -1.19007 6.07085 180 200 230
-0.67635 -3.26046 1.28397 180 200 230
1.00612 -3.36873 4.76066 180 200 230
-0.04030 -3.27811 0.52478 180 200 230
0.15328 3.39493 2.83481 180 200 230
2.14578 2.61570 2.20715 180 200 230
-3.22322 1.53077 5.72901 180 200 230
1.73285 -3.19858 7.18523 180 200 230
-1.59218 2.87409 0.55251 180 200 230
3.67258 0.22094 7.73046 180 200 230
-1.97055 -3.10771 7.82040 180 200 230
1.05987 3.26635 3.22804 180 200 230
-3.44593 -0.95050 6.07284 180 200 230
3.44135 0.32269 3.78032 180 200 230
-3.32535 -0.18510 1.47593 180 200 230
-2.76821 2.18628 4.91706 180 200 230
2.41681 -2.25779 0.83050 180 200 230
-0.65037 -3.63389 7.97140 180 200 230
3.62197 0.83421 8.36088 180 200 230
0.90436 -3.56666 7.48378 180 200 230
0.90678 -3.42188 5.21936 180 200 230
-1.83230 -3.02875 5.17535 180 200 230
3.37394 -1.60591 8.87092 180 200 230
1.11346 -3.20259 2.35478 180 200 230
0.63827 3.22452 0.73174 180 200 230
-2.60471 2.39881 5.21406 180 200 230
-2.01104 2.77077 3.10426 180 200 230
-3.41796 -0.10543 3.04494 180 200 230
3.11510 -0.93239 0.06875 180 200 230
-2.65988 -2.36283 5.51857 180 200 230
-1.30900 3.13571 2.50496 180 200 230
3.13665 -1.20742 1.79266 180 200 230
-1.00543 -3.11246 0.39062 180 200 230
-0.34681 3.42083 3.43102 180 200 230
3.07071 -2.04446 7.97579 180 200 230
-1.91942 2.85460 3.17611 180 200 230
-3.57911 -0.36583 6.24809 180 200 230
-3.60921 0.47386 6.92273 180 200 230
3.03873 -1.58138 3.09783 180 200 230
-0.36128 3.65905 7.48416 180 200 230
-1.80053 3.11982 6.36024 180 200 230
-1.88997 -2.98476 5.19042 180 200 230
2.46698 -2.13082 0.00910 180 200 230
2.45695 2.16292 0.33888 180 200 230
0.93475 3.62958 8.92310 180 200 230
3.46157 -1.17219 7.14529 180 200 230
0.63547 -3.66868 8.47335 180 200 230
-2.10702 3.05600 8.17386 180 200 230
-2.04183 2.54421 0.19774 180 200 230
-3.58929 0.69559 7.22801 180 200 230
-1.60650 -3.09499 4.22026 180 200 230
-3.38375 -1.36539 7.20861 180 200 230
0.53141 -3.20888 0.06511 180 200 230
3.20468 1.13484 2.72974 180 200 230
1.52719 -3.29688 6.87768 180 200 230
3.40975 1.30195 7.23851 180 200 230
2.61754 -2.42807 5.72609 180 200 230
3.28519 0.91549 2.85031 180 200 230
2.37076 2.45668 2.93447 180 200 230
1.58661 3.38188 8.72018 180 200 230
0.58571 3.42593 4.11259 180 200 230
-2.83870 2.01480 4.18413 180 200 230
-1.97339 -2.92276 5.12904 180 200 230
2.70395 -2.16339 3.84284 180 200 230
-3.48841 -0.54134 5.13187 180 200 230
-3.40334 -0.70457 4.05010 180 200 230
-1.54585 3.32268 7.52856 180 200 230
1.15748 -3.51121 8.23222 180 200 230
2.86630 2.38599 8.42667 180 200 230
-1.11713 3.35878 5.23516 180 200 230
2.85955 1.99583 4.13862 180 200 230
0.80499 3.51622 6.47701 180 200 230
-3.15049 -1.90615 7.62750 180 200 230
2.48410 2.51426 5.22372 180 200 230
2.91080 2.13213 6.43090 180 200 230
1.66457 -3.22121 6.86423 180 200 230
2.65695 2.44214 6.22393 180 200 230
-2.82377 -2.27843 6.83280 180 200 230
-2.01190 2.69682 1.98823 180 200 230
2.79210 -2.12762 4.64579 180 200 230
-0.93634 -3.42692 5.44801 180 200 230
3.02969 1.18701 0.02387 180 200 230
2.92148 -2.25240 7.77867 180 200 230
-3.05738 1.83680 5.64042 180 200 230
-0.99059 3.16837 1.23847 180 200 230
-1.70964 -3.24282 7.43921 180 200 230
-0.72455 -3.55196 6.57936 180 200 230
-1.19312 3.43189 6.93834 180 200 230
-2.05406 2.76616 3.68432 180 200 230
2.04065 3.05740 7.76429 180 200 230
-2.88114 -1.91710 3.88423 180 200 230
3.41057 -0.94665 5.29058 180 200 230
-2.81079 1.62380 0.00646 180 200 230
3.57931 -0.08534 5.94794 180 200 230
1.61352 3.23753 6.58957 180 200 230
1.01206 -3.39580 5.26005 180 200 230
3.15216 -1.52932 4.62981 180 200 230
-1.39080 -3.39106 7.38385 180 200 230
2.78424 2.28354 6.26811 180 200 230
-1.57484 3.01817 2.63536 180 200 230
3.20696 1.91474 8.65510 180 200 230
-2.89632 -2.15330 6.49464 180 200 230
3.75063 -0.04363 8.89825 180 200 230
-2.63904 2.64719 8.75809 180 200 230
1.93271 3.17378 8.31515 180 200 230
-0.42507 3.61272 6.91265 180 200 230
-3.21572 -1.53304 5.63538 180 200 230
-3.03309 -1.40317 1.64556 180 200 230
0.44635 3.50148 5.04853 180 200 230
0.01609 -3.63457 6.99976 180 200 230
2.98565 1.84286 4.84807 180 200 230
-2.63724 -2.57308 7.88418 180 200 230
-2.95537 1.48952 1.05328 180 200 230
2.40905 2.47582 3.58220 180 200 230
-2.33526 -2.62828 4.71381 180 200 230
-1.61480 -3.07545 4.05011 180 200 230
-3.07265 1.21610 1.04334 180 200 230
0.98923 -3.18046 1.46963 180 200 230
-3.66229 -0.21463 7.62219 180 200 230
-0.77758 3.40285 4.52076 180 200 230
3.13050 -0.93941 0.47077 180 200 230
3.06596 -1.12466 0.15924 180 200 230
2.89115 1.98137 4.42143 180 200 230
3.15120 -1.11037 1.57188 180 200 230
0.57545 -3.56331 6.47588 180 200 230
2.85789 2.26448 7.25863 180 200 230
-3.34507 -0.40818 2.17243 180 200 230
3.47220 0.77501 5.48247 180 200 230
-2.82967 -1.76739 1.47802 180 200 230
3.11665 -1.39104 2.87173 180 200 230
-2.50488 2.72829 8.05899 180 200 230
-3.53534 -0.19178 5.05461 180 200 230
0.51915 3.65768 8.03467 180 200 230
-3.27176 -0.86081 2.14311 180 200 230
1.10705 -3.22848 3.11629 180 200 230
0.75590 3.40768 4.39942 180 200 230
-3.30417 -1.15421 4.48138 180 200 230
-2.29276 2.96953 8.98009 180 200 230
-0.04426 -3.30985 1.09897 180 200 230
-1.09160 -3.51206 7.74497 180 200 230
-1.16909 -3.50711 7.84444 180 200 230
-2.54156 2.45357 5.13644 180 200 230
-2.78010 -2.00069 3.24482 180 200 230
-2.05358 -2.86742 4.83240 180 200 230
-1.43530 -3.09110 2.76891 180 200 230
-3.25886 -1.66709 7.29056 180 200 230
2.35027 -2.60568 4.64501 180 200 230
0.02799 3.70826 8.37455 180 200 230
3.35278 1.22631 5.75246 180 200 230
3.41157 -0.81897 4.78935 180 200 230
3.35391 1.34583 6.52764 180 200 230
2.88087 -2.01241 4.69563 180 200 230
-2.82477 -2.40599 8.19273 180 200 230
2.92048 -1.63578 1.76122 180 200 230
-3.43400 -1.48485 8.77555 180 200 230
1.57793 -3.29883 7.40377 180 200 230
-0.66190 -3.62940 7.81958 180 200 230
-3.46023 -0.55055 4.50670 180 200 230
-2.39739 2.77775 7.61857 180 200 230
3.41329 0.06132 2.90125 180 200 230
-0.02072 3.64259 6.96953 180 200 230
3.17363 -0.99236 1.34578 180 200 230
-0.54277 3.36372 2.90419 180 200 230
0.04053 -3.48240 4.17140 180 200 230
-3.41704 -0.18262 3.04463 180 200 230
-1.23930 3.21755 3.63820 180 200 230
3.65433 -0.20472 7.47186 180 200 230
3.24149 0.98551 2.43688 180 200 230
-3.16077 -1.79176 6.82510 180 200 230
-3.20419 0.79019 0.70953 180 200 230
3.22936 1.68465 7.00247 180 200 230
0.81546 3.55325 7.23012 180 200 230
-1.19086 -3.25896 3.77123 180 200 230
2.81601 2.28022 6.62681 180 200 230
1.16606 -3.51164 8.28391 180 200 230
-2.58043 -2.58240 7.30499 180 200 230
2.78126 2.04369 3.66939 180 200 230
-0.80359 3.41186 4.51840 180 200 230
2.36549 2.75831 7.12109 180 200 230
1.00278 -3.25222 2.77035 180 200 230
-3.58300 -0.75280 7.33179 180 200 230
3.40741 0.06059 3.09853 180 200 230
-3.52981 -0.97528 7.34995 180 200 230
-3.28149 0.35594 0.83509 180 200 230
-2.03503 -2.55908 0.42898 180 200 230
3.65381 0.81296 8.98079 180 200 230
3.59338 0.81332 7.89462 180 200 230
-2.15214 2.98703 8.00938 180 200 230
-1.40323 -3.45120 8.58959 180 200 230
-1.74161 -3.01181 4.10426 180 200 230
-0.59971 3.34147 2.71734 180 200 230
0.70336 3.24886 1.24668 180 200 230
-1.43184 -3.20471 4.67133 180 200 230
3.31895 0.57093 2.09518 180 200 230
-3.48367 -1.29847 8.45655 180 200 230
-2.89258 1.49454 0.03858 180 200 230
0.22834 3.32482 1.37146 180 200 230
-3.35064 -0.42966 2.34215 180 200 230
0.68807 3.28800 1.89736 180 200 230
-3.10148 -1.32647 2.14863 180 200 230
2.12764 2.88908 6.04605 180 200 230
-2.84541 1.91568 3.09214 180 200 230
-3.55455 -0.23319 5.68499 180 200 230
3.62325 0.73139 8.07190 180 200 230
-2.72956 -2.27889 5.57478 180 200 230
0.00715 -3.60824 6.38316 180 200 230
3.30964 -0.93738 3.44142 180 200 230
0.96704 3.18799 1.52846 180 200 230
0.87933 3.31182 3.02833 180 200 230
-1.26393 3.52243 8.69880 180 200 230
2.75970 -2.26079 5.74481 180 200 230
-2.82528 1.87224 2.63096 180 200 230
-1.11698 3.31028 4.21781 180 200 230
-0.20353 -3.66915 7.60374 180 200 230
3.49214 0.84977 6.15485 180 200 230
-3.37438 -1.06868 5.20264 180 200 230
-3.51268 1.13671 8.02860 180 200 230
-2.54207 -2.53754 6.19012 180 200 230
-0.42447 -3.55754 5.92889 180 200 230
-1.51992 2.98355 1.81138 180 200 230
-2.16606 -2.50147 1.02210 180 200 230
-3.69023 -0.56853 8.70655 180 200 230
2.36661 2.64955 5.54212 180 200 230
2.55860 -2.35099 3.89855 180 200 230
0.10254 -3.55452 5.45450 180 200 230
2.89475 -1.55245 0.59597 180 200 230
-0.67831 -3.60557 7.48880 180 200 230
0.10948 3.35390 2.06390 180 200 230
-3.31244 1.54536 7.33786 180 200 230
-2.66632 2.29561 4.96880 180 200 230
3.31062 0.75798 2.62183 180 200 230
-2.76515 1.74149 0.29198 180 200 230
-2.07016 3.02283 7.43482 180 200 230
3.34853 0.08257 1.68568 180 200 230
1.87410 -2.68004 0.50039 180 200 230
2.24527 2.85269 6.91746 180 200 230
-3.43532 -0.02055 3.29955 180 200 230
0.74677 -3.37292 3.65904 180 200 230
-2.67259 -2.05916 2.34792 180 200 230
1.79068 3.22601 7.80622 180 200 230
-2.51484 -2.30895 2.81370 180 200 230
0.16048 -3.35957 2.00284 180 200 230
2.08292 -2.69350 2.92467 180 200 230
-1.40418 3.05076 1.93688 180 200 230
3.34111 0.72309 3.00170 180 200 230
-2.56415 -2.06615 0.79847 180 200 230
0.50671 3.30235 1.51648 180 200 230
0.66874 -3.40161 3.91147 180 200 230
-1.57950 -3.35015 7.97923 180 200 230
0.47684 -3.24982 0.55245 180 200 230
3.29419 -0.68152 2.02614 180 200 230
-3.20007 -1.88025 8.22541 180 200 230
3.05611 -2.09626 8.06929 180 200 230
-2.26269 -2.80234 6.25118 180 200 230
1.40413 3.07084 2.28610 180 200 230
1.05653 -3.30041 3.93667 180 200 230
-1.16266 -3.14839 2.01291 180 200 230
3.27462 -0.45682 1.23400 180 200 230
0.14231 3.44648 3.57384 180 200 230
-1.76829 3.07202 5.33765 180 200 230
1.49234 -3.09576 3.39043 180 200 230
3.29388 1.37382 5.64740 180 200 230
-2.28067 -2.52866 2.80421 180 200 230
-3.35552 -0.76059 3.26066 180 200 230
1.78112 3.18380 7.21830 180 200 230
1.87488 3.17579 7.97025 180 200 230
1.26025 -3.17151 3.04250 180 200 230
3.53132 0.34378 5.29909 180 200 230
-0.06752 -3.40156 2.63630 180 200 230
-0.35603 -3.25622 0.51484 180 200 230
-2.13384 -2.92459 6.76116 180 200 230
-2.82174 1.80275 1.63416 180 200 230
3.40972 0.61323 3.99047 180 200 230
1.12105 -3.32352 4.54383 180 200 230
2.35474 2.37576 1.76160 180 200 230
-0.63487 3.24091 0.90928 180 200 230
3.24727 -1.12816 3.28074 180 200 230
-1.19405 3.53376 8.59787 180 200 230
-0.11508 3.56254 5.68586 180 200 230
3.40797 -0.57560 3.58640 180 200 230
2.80683 1.68222 0.37585 180 200 230
1.90351 3.02841 5.55333 180 200 230
-3.04672 1.24370 0.88793 180 200 230
0.82580 -3.42329 5.04176 180 200 230
2.71872 -2.41640 6.88292 180 200 230
0.12286 -3.46826 3.97077 180 200 230
3.37322 -0.50877 2.83315 180 200 230
3.25163 0.34547 0.45778 180 200 230
-2.38597 -2.22669 0.23965 180 200 230
2.58794 2.32078 4.02907 180 200 230
3.12214 -1.97140 8.01303 180 200 230
3.10462 -1.33638 2.31948 180 200 230
-1.15740 3.34424 5.32223 180 200 230
1.68948 -3.18079 6.29382 180 200 230
-2.24787 -2.40206 0.58624 180 200 230
2.68416 1.96278 1.46588 180 200 230
-2.72927 -2.05639 3.12761 180 200 230
3.55804 -0.53934 6.16910 180 200 230
-1.23931 3.24308 4.11119 180 200 230
3.62794 0.02600 6.72880 180 200 230
3.64883 -0.53588 7.87849 180 200 230
-3.11555 1.86949 6.93897 180 200 230
-3.40576 1.57832 8.93444 180 200 230
-0.84683 -3.53827 6.90384 180 200 230
-2.91786 -2.24533 7.74659 180 200 230
-1.17442 3.46666 7.57747 180 200 230
2.93338 2.13060 6.69467 180 200 230
1.70562 -3.22810 7.31438 180 200 230
-3.69803 0.38765 8.44915 180 200 230
-1.63665 -3.08988 4.43755 180 200 230
2.29500 -2.75633 5.88944 180 200 230
3.49333 0.39061 4.79455 180 200 230
2.33014 -2.83890 7.73729 180 200 230
0.03927 -3.48163 4.04087 180 200 230
3.46565 -1.20308 7.46813 180 200 230
0.37658 3.63955 7.29278 180 200 230
-1.64356 3.35907 8.67867 180 200 230
-1.78977 -2.87901 2.36434 180 200 230
3.22242 -1.62173 6.51531 180 200 230
3.62400 -0.16704 6.92666 180 200 230
-3.22621 1.86074 8.46237 180 200 230
-3.59301 -0.90401 8.21347 180 200 230
1.69683 3.11200 5.31720 180 200 230
-1.22144 -3.32535 5.36744 180 200 230
1.74375 -2.85076 1.59941 180 200 230
1.12559 -3.56692 8.78925 180 200 230
-1.91675 2.78853 2.42163 180 200 230
3.51653 -0.82641 6.64715 180 200 230
2.66220 2.51090 7.26198 180 200 230
-3.47825 0.13185 4.13050 180 200 230
-3.17118 -1.13263 2.01203 180 200 230
-3.25220 -0.75950 1.80424 180 200 230
0.18251 -3.67818 7.78359 180 200 230
-2.71055 -2.23112 4.75720 180 200 230
2.91856 1.53661 0.86720 180 200 230
1.54448 3.27425 6.57931 180 200 230
-3.31469 -0.68077 2.37636 180 200 230
-1.26047 -3.47012 7.95360 180 200 230
-3.39916 -0.30354 2.92722 180 200 230
-2.06064 2.63913 1.91034 180 200 230
3.12246 1.03921 0.81702 180 200 230
0.78692 -3.43118 4.76363 180 200 230
-3.48120 0.06138 4.21686 180 200 230
-3.53028 -0.87785 6.87734 180 200 230
-3.42907 0.67742 4.34171 180 200 230
-0.33064 3.41858 3.24226 180 200 230
-0.55913 3.34319 2.48324 180 200 230
3.12769 1.31863 2.63659 180 200 230
-0.97817 -3.58435 8.39122 180 200 230
-0.45770 3.30940 1.57851 180 200 230
-1.12168 3.56140 8.90120 180 200 230
3.42486 -0.13995 3.08680 180 200 230
-2.48252 2.16621 0.85066 180 200 230
-3.37320 -0.22706 2.36270 180 200 230
-2.48103 2.14684 0.56348 180 200 230
-0.91209 3.53472 7.21260 180 200 230
3.50624 0.12895 4.77346 180 200 230
2.09875 -2.70969 3.17972 180 200 230
-3.54082 0.60300 6.09871 180 200 230
-0.67010 -3.49970 5.82322 180 200 230
3.59069 -0.95431 8.49338 180 200 230
3.73576 0.06647 8.67355 180 200 230
-1.63422 -3.20932 6.26203 180 200 230
2.69336 2.48629 7.45182 180 200 230
-3.52193 0.95244 7.23344 180 200 230
2.00424 -2.87926 4.58219 180 200 230
3.24593 1.56485 6.47037 180 200 230
3.28418 -0.21463 0.75369 180 200 230
-3.17072 -1.76486 6.93618 180 200 230
-2.94824 2.28708 8.67868 180 200 230
3.26560 0.40234 0.81817 180 200 230
-3.14287 -1.90761 7.60883 180 200 230
-3.71884 0.11943 8.43454 180 200 230
0.72789 3.28712 2.15284 180 200 230
-3.52036 0.21155 4.88255 180 200 230
3.69943 0.29792 8.39153 180 200 230
3.73120 -0.01225 8.66508 180 200 230
-1.63550 2.88355 1.22679 180 200 230
-3.40999 0.42595 3.28993 180 200 230
0.78250 -3.52376 6.41474 180 200 230
-0.78183 -3.28184 2.10902 180 200 230
2.61594 -2.20429 3.06734 180 200 230
3.02953 -1.17038 0.22613 180 200 230
1.24164 3.08931 1.46964 180 200 230
-2.73921 2.25450 5.21716 180 200 230
-1.38528 -3.30419 6.02027 180 200 230
3.43082 0.99731 5.98399 180 200 230
-0.75209 -3.56896 7.11169 180 200 230
3.46739 0.10643 3.89520 180 200 230
2.90836 -1.74256 2.59348 180 200 230
-0.64709 -3.19222 0.15089 180 200 230
-3.07505 -1.34216 1.96980 180 200 230
-3.08138 1.47606 2.95307 180 200 230
3.33540 -0.25144 1.70245 180 200 230
-0.27553 -3.24333 0.19525 180 200 230
1.17431 -3.11998 1.50663 180 200 230
1.63625 -3.19222 6.13461 180 200 230
3.54649 0.49054 5.81289 180 200 230
3.50664 1.25462 8.45732 180 200 230
1.16478 3.46337 7.28280 180 200 230
-1.98743 -2.93303 5.26584 180 200 230
-2.36895 -2.33788 1.31810 180 200 230
-1.61030 3.15239 5.23314 180 200 230
3.23960 -0.55494 0.59377 180 200 230
2.90268 1.92258 4.03657 180 200 230
0.57671 -3.40278 3.66768 180 200 230
-3.45585 0.41724 4.00867 180 200 230
-2.97094 1.66174 2.65167 180 200 230
3.55528 0.57605 6.30720 180 200 230
-0.51066 -3.63714 7.65057 180 200 230
0.49215 -3.60814 7.02663 180 200 230
-1.49919 3.24088 5.79720 180 200 230
-3.50403 -0.37488 5.00402 180 200 230
-2.56503 -2.02713 0.30036 180 200 230
-2.43422 2.67028 6.63136 180 200 230
-2.63903 -2.34383 5.06314 180 200 230
-3.10470 1.36379 2.56784 180 200 230
2.46101 -2.36786 3.09602 180 200 230
-0.73178 -3.65049 8.45673 180 200 230
2.74300 2.28376 5.76729 180 200 230
1.07429 -3.33459 4.44354 180 200 230
-1.86412 3.04172 5.73694 180 200 230
3.18363 -1.36420 3.88147 180 200 230
-2.77899 -2.11041 4.39251 180 200 230
3.35197 0.58670 2.74916 180 200 230
-0.34127 -3.46224 4.11822 180 200 230
2.45495 2.63855 6.30498 180 200 230
2.34622 -2.28030 0.38584 180 200 230
3.47217 -1.16859 7.25511 180 200 230
-1.14698 -3.20201 2.68115 180 200 230
-3.51750 -0.73704 6.27892 180 200 230
-2.86399 -2.13807 5.92933 180 200 230
-3.23445 1.55053 6.01598 180 200 230
3.07797 1.78350 5.62413 180 200 230
3.36683 -1.61430 8.65541 180 200 230
-1.67881 3.09107 4.73512 180 200 230
-1.39551 3.34835 6.71247 180 200 230
1.29936 3.36332 6.47893 180 200 230
3.37558 -0.16114 2.24658 180 200 230
3.18169 -1.20079 2.68421 180 200 230
-2.02829 2.81275 3.97485 180 200 230
-0.21332 3.38874 2.63236 180 200 230
1.17419 -3.23784 3.45257 180 200 230
-3.05077 1.61260 3.67413 180 200 230
3.48914 -0.71598 5.58605 180 200 230
2.74433 -1.96199 2.09337 180 200 230
0.21736 -3.65589 7.33526 180 200 230
2.93749 1.86223 4.09723 180 200 230
-1.06999 -3.44934 6.48556 180 200 230
3.28033 -0.26326 0.78426 180 200 230
-2.44214 2.49511 4.39045 180 200 230
2.39647 -2.20638 0.27330 180 200 230
-3.01420 1.96260 6.22034 180 200 230
3.37791 -0.61529 3.24135 180 200 230
-2.12145 -3.06295 8.57239 180 200 230
2.80683 1.94646 3.06165 180 200 230
-3.51028 0.46485 5.23071 180 200 230
3.22820 1.04283 2.44327 180 200 230
-2.82411 2.18845 5.72948 180 200 230
3.01021 -1.77052 4.36396 180 200 230
0.38545 3.43244 3.48768 180 200 230
3.21005 -1.03036 1.94124 180 200 230
2.67645 1.94258 1.07123 180 200 230
-1.68967 -2.84938 1.15066 180 200 230
3.66612 -0.80291 8.99174 180 200 230
-1.96020 -2.85160 3.86860 180 200 230
2.62155 -1.92985 0.01846 180 200 230
3.72256 -0.21002 8.60341 180 200 230
-2.05040 -2.53779 0.19323 180 200 230
0.69766 -3.39425 3.92553 180 200 230
3.53913 0.72099 6.58378 180 200 230
-3.32078 1.63174 8.27933 180 200 230
-0.86221 3.51679 6.54314 180 200 230
1.57093 -3.12253 4.33286 180 200 230
-1.64435 -3.36070 8.78478 180 200 230
-2.46294 -2.15532 0.37977 180 200 230
3.39255 -1.55602 8.89044 180 200 230
3.11708 1.94720 7.72301 180 200 230
3.56024 -1.06251 8.40042 180 200 230
2.72410 1.99924 2.41961 180 200 230
-1.89927 2.71987 1.36530 180 200 230
-2.44931 -2.61725 6.11025 180 200 230
-1.91200 2.95195 4.80271 180 200 230
-1.44809 -3.20911 4.86814 180 200 230
0.59147 -3.67185 8.36355 180 200 230
1.69449 -3.15200 5.72887 180 200 230
1.46754 3.08560 2.94081 180 200 230
1.43133 3.14769 3.75698 180 200 230
3.15181 1.07499 1.27938 180 200 230
-3.33853 0.19211 1.83562 180 200 230
2.15298 2.52190 1.37385 180 200 230
-1.52742 3.32162 7.38743 180 200 230
1.94464 -3.04585 6.47343 180 200 230
3.34304 -1.11745 4.93229 180 200 230
1.50518 -3.09329 3.52275 180 200 230
3.58831 0.01462 6.15562 180 200 230
-3.32662 -1.51524 7.41001 180 200 230
1.84411 3.19379 7.99522 180 200 230
-2.51490 2.49141 5.08075 180 200 230
-3.29484 1.60339 7.46973 180 200 230
3.29937 -1.23630 4.76143 180 200 230
-2.32982 -2.60082 4.43169 180 200 230
-0.40840 3.66644 7.85986 180 200 230
-2.15392 -2.69876 3.63204 180 200 230
3.30392 -1.03086 3.71884 180 200 230
3.17853 1.23908 2.88412 180 200 230
1.41925 -3.22464 4.82790 180 200 230
0.72974 3.45782 5.06171 180 200 230
2.04880 2.93895 6.08523 180 200 230
2.79893 -2.06414 4.03330 180 200 230
3.36451 0.03910 2.07459 180 200 230
-0.20620 -3.67768 7.87226 180 200 230
2.93164 1.78964 3.26238 180 200 230
-2.74249 -2.51112 8.34934 180 200 230
-2.43444 -2.31204 1.97648 180 200 230
2.30175 -2.68556 5.19747 180 200 230
1.55079 -3.16021 4.98874 180 200 230
-1.45015 -3.36062 7.54546 180 200 230
-2.42997 2.26621 1.33072 180 200 230
1.86111 3.21137 8.23896 180 200 230
-2.31758 -2.65163 4.94218 180 200 230
-3.55809 0.06775 5.42846 180 200 230
3.10005 1.65244 4.75176 180 200 230
3.14176 -0.90075 0.34818 180 200 230
-1.38066 3.22273 4.63447 180 200 230
3.39353 0.04565 2.50067 180 200 230
2.79193 -1.98349 3.23242 180 200 230
-3.17024 -1.66712 5.98516 180 200 230
-0.37235 -3.48520 4.63999 180 200 230
1.89298 2.69943 0.89678 180 200 230
-2.71590 1.85558 0.70370 180 200 230
-2.05094 -2.64616 1.77263 180 200 230
-0.02034 3.35640 1.82146 180 200 230
-1.06890 -3.39832 5.62537 180 200 230
0.34398 3.32942 1.69861 180 200 230
0.93857 3.57407 7.99897 180 200 230
3.35908 0.24578 1.99852 180 200 230
-0.65659 3.23116 0.87679 180 200 230
0.07565 3.68929 7.94815 180 200 230
0.30709 -3.39517 2.79540 180 200 230
-3.14239 -1.47171 3.98752 180 200 230
1.63559 3.35596 8.65480 180 200 230
-3.39857 -1.55067 8.53042 180 200 230
0.55473 3.56675 6.56152 180 200 230
-2.94018 1.48643 0.66398 180 200 230
2.71174 -2.29526 5.49309 180 200 230
-0.72019 -3.68180 8.90782 180 200 230
-2.17070 -3.03155 8.55242 180 200 230
-0.65043 3.24504 1.01838 180 200 230
2.45010 2.43725 3.71963 180 200 230
0.06326 -3.41384 2.98233 180 200 230
-3.01841 -1.37179 1.24434 180 200 230
-2.58459 -2.51285 6.38568 180 200 230
3.35194 -0.52845 2.59665 180 200 230
-1.98766 2.79737 3.25210 180 200 230
1.03174 -3.12536 0.86972 180 200 230
-3.27007 -1.26998 4.64226 180 200 230
0.30893 3.32607 1.51308 180 200 230
3.28924 1.13513 4.04764 180 200 230
-2.48115 -2.21559 1.37319 180 200 230
-1.10267 3.57500 8.61051 180 200 230
-1.11665 -3.13111 1.38889 180 200 230
-1.07225 -3.35207 4.85671 180 200 230
-3.21693 0.92452 1.87941 180 200 230
-3.20322 -0.74559 0.73561 180 200 230
-2.35694 -2.40321 1.92854 180 200 230
-3.21398 0.64235 0.52860 180 200 230
2.37985 -2.30999 1.33625 180 200 230
3.11804 1.61185 4.60175 180 200 230
3.55698 -0.45348 6.00887 180 200 230
3.22820 0.68867 0.84026 180 200 230
0.90515 3.35804 4.12887 180 200 230
-0.91785 -3.42327 5.38599 180 200 230
2.90358 1.71619 2.22782 180 200 230
-0.26341 3.43722 3.50135 180 200 230
1.86563 2.70758 0.69217 180 200 230
-0.55677 -3.32205 2.09592 180 200 230
-3.06917 -1.66060 4.36149 180 200 230
3.44429 1.47710 8.91955 180 200 230
-3.63127 0.92909 8.96862 180 200 230
0.96335 3.61065 8.82880 180 200 230
3.39980 -0.69964 3.96619 180 200 230
2.56316 2.06455 0.77693 180 200 230
-2.79354 -1.97793 3.05616 180 200 230
-3.35797 0.38467 2.26009 180 200 230
-2.87554 -1.53607 0.13662 180 200 230
3.17045 -0.88894 0.91632 180 200 230
-1.88865 2.92372 4.23917 180 200 230
-0.02655 -3.42474 3.20453 180 200 230
-3.16133 1.08311 1.72290 180 200 230
-1.92099 -3.05926 6.57171 180 200 230
-2.28658 2.57211 3.36427 180 200 230
0.52769 3.64572 7.74381 180 200 230
2.91996 1.69277 2.29089 180 200 230
2.83360 2.10676 5.00407 180 200 230
3.24110 -0.84455 1.75822 180 200 230
0.83903 -3.40454 4.61832 180 200 230
0.10567 3.33514 1.45923 180 200 230
-3.27684 -0.60691 1.54583 180 200 230
-0.79438 -3.47507 5.66003 180 200 230
-2.03236 2.70550 2.50343 180 200 230
-3.10212 1.22849 1.64772 180 200 230
-0.73226 -3.63731 8.40783 180 200 230
0.46142 3.23542 0.41560 180 200 230
-3.49327 -0.58357 5.24265 180 200 230
0.87633 3.42094 5.09239 180 200 230
3.38027 0.06537 2.38062 180 200 230
-1.27710 -3.24127 4.23519 180 200 230
-0.87701 -3.18730 0.84380 180 200 230
3.61061 -0.09706 6.61691 180 200 230
1.41163 3.05024 2.11103 180 200 230
-0.21905 -3.34112 1.84548 180 200 230
3.23410 -1.09668 2.97621 180 200 230
-2.27960 -2.92289 8.17472 180 200 230
3.55924 -0.83936 7.26793 180 200 230
3.72757 -0.13025 8.55215 180 200 230
1.14205 -3.39650 6.01030 180 200 230
3.58724 -0.01610 6.10663 180 200 230
-2.46701 -2.49271 4.48054 180 200 230
-3.69096 0.06829 8.19958 180 200 230
3.05443 -1.73875 4.75806 180 200 230
1.67434 -3.00276 3.34556 180 200 230
2.76268 2.28877 5.90783 180 200 230
-1.14601 3.33199 5.07382 180 200 230
-0.22149 3.30660 1.19005 180 200 230
2.11792 -2.72115 3.69041 180 200 230
0.35785 3.38672 2.96237 180 200 230
-1.22469 3.46685 7.70096 180 200 230
-3.42809 -0.40659 3.56310 180 200 230
3.25979 1.68993 7.48371 180 200 230
3.37474 -0.83875 4.14135 180 200 230
-3.63074 0.20410 6.89645 180 200 230
1.21414 3.09116 1.29688 180 200 230
-0.48493 3.68568 8.36391 180 200 230
1.04288 -3.34623 4.48543 180 200 230
-2.25504 -2.52587 2.46612 180 200 230
-3.29969 0.74571 2.29525 180 200 230
-1.65985 2.94859 2.51548 180 200 230
2.79581 -2.01297 3.45234 180 200 230
0.51165 -3.58460 6.58364 180 200 230
-0.74255 -3.65641 8.57507 180 200 230
-3.38187 1.19359 6.16051 180 200 230
3.50662 -0.41704 5.08257 180 200 230
-0.86512 -3.37560 4.19728 180 200 230
-3.25650 1.69487 7.54094 180 200 230
3.56730 -0.90275 7.72505 180 200 230
2.70493 -2.07849 2.77403 180 200 230
-0.23450 -3.71434 8.60795 180 200 230
0.36826 -3.43533 3.71189 180 200 230
-3.23518 1.68370 7.29970 180 200 230
-3.73360 -0.17256 8.72054 180 200 230
1.29689 3.37096 6.46290 180 200 230
-2.76815 -1.89132 1.54446 180 200 230
-2.43340 2.59403 5.42881 180 200 230
-1.90509 2.71290 1.14002 180 200 230
3.46005 -1.16698 7.20485 180 200 230
1.73295 2.92117 2.66594 180 200 230
1.73649 -3.15991 6.38928 180 200 230
-0.72862 3.63692 8.24040 180 200 230
3.28231 0.59745 1.72940 180 200 230
3.34496 0.86922 3.69119 180 200 230
-3.23320 1.54189 5.96766 180 200 230
-3.33599 0.98146 3.93462 180 200 230
-1.42779 3.02182 1.67058 180 200 230
-1.59325 -2.84620 0.28131 180 200 230
-3.44869 0.31850 3.81631 180 200 230
3.20143 1.60880 5.98605 180 200 230
-2.04877 2.89298 5.32126 180 200 230
2.66703 1.98842 1.49558 180 200 230
3.21481 1.34146 4.21636 180 200 230
0.89098 3.32294 3.47782 180 200 230
-1.03693 -3.23104 2.59994 180 200 230
-1.20647 -3.41846 6.68602 180 200 230
2.19601 -2.60784 2.92816 180 200 230
0.14225 -3.52491 5.01991 180 200 230
-3.62465 -0.82207 8.35182 180 200 230
-1.35206 3.25767 5.01219 180 200 230
3.57744 0.13069 5.70172 180 200 230
-1.98164 -2.62681 0.70560 180 200 230
-0.82438 3.23495 1.70212 180 200 230
-0.00208 3.29972 0.97063 180 200 230
3.58853 -0.57240 6.99490 180 200 230
1.68106 3.26068 7.60760 180 200 230
3.28222 0.67831 1.77995 180 200 230
3.19200 -1.05068 2.08829 180 200 230
-1.17811 3.20850 3.05305 180 200 230
-2.79096 2.20961 5.47258 180 200 230
3.11524 1.73653 5.74473 180 200 230
-2.96902 2.04334 6.31516 180 200 230
3.64092 -0.64201 8.19933 180 200 230
-1.17253 -3.19495 2.79305 180 200 230
-3.53445 0.58659 6.07023 180 200 230
-1.25074 3.31176 5.19431 180 200 230
-2.26883 2.53971 2.89303 180 200 230
-2.84553 -2.39125 8.21718 180 200 230
-0.09206 3.29154 0.91870 180 200 230
2.09108 2.95346 6.53551 180 200 230
-1.20161 -3.42023 6.67382 180 200 230
2.53189 -2.71425 8.28487 180 200 230
2.86634 -2.04047 4.82708 180 200 230
1.86257 -2.87792 3.03785 180 200 230
-3.61324 -0.70338 7.53649 180 200 230
0.87942 -3.53262 7.04660 180 200 230
3.14077 -1.56675 4.66330 180 200 230
3.59818 0.53201 7.02114 180 200 230
-2.88200 1.77611 2.54147 180 200 230
1.01072 3.40891 5.45884 180 200 230
3.68703 -0.07487 7.85781 180 200 230
3.08049 -1.45984 3.00528 180 200 230
1.12813 -3.31635 4.51254 180 200 230
-1.05999 3.57465 8.58744 180 200 230
3.48750 -1.08244 7.28331 180 200 230
3.63138 0.67501 8.04455 180 200 230
1.31070 3.19492 3.62170 180 200 230
-2.78828 -2.51715 8.97019 180 200 230
0.88975 -3.21218 1.46037 180 200 230
2.62188 -2.35189 4.82858 180 200 230
-1.09045 3.31991 4.47440 180 200 230
-2.82615 2.31403 7.28516 180 200 230
-3.56170 1.03896 8.22781 180 200 230
3.56378 0.60984 6.70285 180 200 230
2.34522 -2.69512 5.78882 180 200 230
-1.82402 2.95780 4.00550 180 200 230
1.10099 3.33693 4.75315 180 200 230
-2.95840 1.89846 4.74386 180 200 230
-0.79985 -3.16163 0.19707 180 200 230
2.41560 -2.54288 4.68802 180 200 230
0.79347 3.58964 7.77944 180 200 230
1.68758 3.19277 6.51208 180 200 230
3.43398 -1.26605 7.26120 180 200 230
-3.28364 -1.08733 3.66932 180 200 230
-2.34167 2.63027 4.92017 180 200 230
1.02257 3.10195 0.32374 180 200 230
3.44634 -0.10293 3.60141 180 200 230
-0.67228 -3.42865 4.43054 180 200 230
0.67862 3.31737 2.42329 180 200 230
2.74873 1.77506 0.30172 180 200 230
1.13225 3.43198 6.34668 180 200 230
0.04925 3.47190 4.07530 180 200 230
2.65842 2.22996 3.89877 180 200 230
0.43156 3.35701 2.37460 180 200 230
2.61872 2.36127 4.99930 180 200 230
-2.49739 2.41310 4.10198 180 200 230
-3.48415 0.30297 4.42646 180 200 230
-3.42004 0.98698 5.38179 180 200 230
1.55381 -2.85990 0.06119 180 200 230
-0.09294 3.70158 8.22036 180 200 230
2.49420 -2.14128 0.68503 180 200 230
2.91494 -1.89847 4.21872 180 200 230
3.25329 -0.83967 1.97653 180 200 230
1.48079 3.19797 4.87346 180 200 230
0.09060 3.39288 2.65598 180 200 230
-2.61251 -2.57445 7.81453 180 200 230
2.18939 2.67692 3.72309 180 200 230
3.06998 1.83179 5.89423 180 200 230
3.02192 1.50872 2.36464 180 200 230
-2.55877 -2.01455 0.18800 180 200 230
1.16639 -3.26043 3.79404 180 200 230
-0.19670 3.51954 4.98732 180 200 230
3.19310 -1.41684 4.29605 180 200 230
0.97330 -3.60801 8.67990 180 200 230
3.19015 1.68808 6.49089 180 200 230
-3.12787 2.06017 8.96376 180 200 230
3.09952 1.41157 2.79310 180 200 230
3.14355 -1.85392 7.20420 180 200 230
-0.15949 -3.52416 5.15780 180 200 230
-1.38741 -3.29347 5.65542 180 200 230
-1.53759 -3.41694 8.88086 180 200 230
-0.78552 3.49540 6.02820 180 200 230
3.37558 -1.49768 8.14517 180 200 230
3.20116 -1.68781 6.65564 180 200 230
-0.21877 -3.30772 1.22207 180 200 230
-3.53819 0.69963 6.42610 180 200 230
3.33846 1.01823 4.52015 180 200 230
3.65102 0.65640 8.31455 180 200 230
2.36373 2.79001 7.35754 180 200 230
-2.72424 -1.87059 1.00080 180 200 230
0.98820 -3.16967 1.28393 180 200 230
3.11669 -1.04600 0.67083 180 200 230
1.58781 3.13385 4.59942 180 200 230
-0.52555 3.24840 0.77784 180 200 230
3.40740 1.20503 6.63781 180 200 230
3.51796 -0.24248 5.12928 180 200 230
0.70842 -3.60104 7.60720 180 200 230
-3.36546 0.40982 2.65215 180 200 230
-3.13353 -1.61066 4.83184 180 200 230
-3.06264 -1.26125 1.12781 180 200 230
-0.10138 3.69906 8.02340 180 200 230
1.32298 3.07794 1.67189 180 200 230
-0.96004 3.15762 0.98409 180 200 230
0.06003 3.35633 1.95485 180 200 230
-3.42827 -1.29613 7.35186 180 200 230
-1.18274 3.08872 1.01670 180 200 230
-0.47067 -3.53695 5.67938 180 200 230
-3.30860 -1.50491 6.83286 180 200 230
-3.56199 -0.73214 6.87540 180 200 230
3.19704 -1.01013 1.81389 180 200 230
-1.44571 2.95532 0.59387 180 200 230
-2.29888 -2.61650 4.19927 180 200 230
3.35985 0.00107 1.93055 180 200 230
-0.29594 -3.59388 6.42480 180 200 230
-3.44136 -0.05501 3.36036 180 200 230
0.89962 3.36178 4.20440 180 200 230
3.30199 0.03134 1.09025 180 200 230
-0.94756 -3.41676 5.26385 180 200 230
-1.74328 -2.85285 1.77162 180 200 230
-1.82030 -3.09601 6.24766 180 200 230
-3.04328 1.26158 0.68542 180 200 230
-2.39895 -2.87390 8.79694 180 200 230
-3.24266 -1.55923 6.29596 180 200 230
0.23225 3.32311 1.73648 180 200 230
-3.23760 -0.38357 0.13630 180 200 230
-3.41427 -0.31393 3.15637 180 200 230
1.48778 -2.98347 1.46268 180 200 230
-3.07807 1.36684 2.07980 180 200 230
-3.39572 1.44205 7.92255 180 200 230
3.54090 -0.34809 5.58041 180 200 230
2.63074 -2.05485 1.68629 180 200 230
0.17120 3.52943 5.16731 180 200 230
2.86268 -1.80933 2.42860 180 200 230
2.42095 2.85146 8.79970 180 200 230
1.97891 -2.60516 0.31642 180 200 230
1.47093 3.30320 6.71311 180 200 230
-3.24436 1.63762 7.06591 180 200 230
3.26733 -0.33120 0.64749 180 200 230
2.73491 1.91057 1.64303 180 200 230
1.84561 -2.91680 3.61318 180 200 230
-3.67940 0.12179 7.88363 180 200 230
2.70831 2.26907 4.99147 180 200 230
3.42305 -1.05327 6.03989 180 200 230
-3.48180 -1.11274 7.15157 180 200 230
2.68653 -2.50254 7.54031 180 200 230
2.37598 -2.55879 4.44755 180 200 230
3.50887 0.32356 4.73882 180 200 230
-0.33682 3.60162 6.58809 180 200 230
-1.76058 2.89658 2.49897 180 200 230
-3.59317 -0.79995 7.76646 180 200 230
2.93641 1.42406 0.20100 180 200 230
-2.57220 2.15618 1.86752 180 200 230
1.44246 -3.35424 7.30052 180 200 230
1.59055 3.03583 3.20989 180 200 230
-1.00368 -3.17544 1.43460 180 200 230
-3.24837 0.82688 1.78275 180 200 230
3.18484 1.51594 4.93585 180 200 230
1.62086 3.30197 7.69527 180 200 230
2.07755 2.54470 0.68096 180 200 230
-2.38285 -2.22971 0.29485 180 200 230
2.97393 1.81792 4.34737 180 200 230
1.65356 -3.34619 8.63080 180 200 230
1.18285 -3.18104 2.64465 180 200 230
3.26787 1.79819 8.65621 180 200 230
2.82278 -2.38958 8.04977 180 200 230
3.28777 -0.86266 2.68272 180 200 230
3.52776 0.98819 7.44444 180 200 230
3.42220 -1.10411 6.30784 180 200 230
-0.64719 3.45608 4.76648 180 200 230
-1.77018 -2.98301 3.96477 180 200 230
1.66650 3.26135 7.43204 180 200 230
1.50437 -3.33428 7.23857 180 200 230
1.98575 -3.04744 6.92628 180 200 230
3.71170 -0.50825 8.98551 180 200 230
3.49359 -0.16402 4.46736 180 200 230
3.25810 1.68226 7.35774 180 200 230
-2.01347 -3.08477 7.83485 180 200 230
-0.48516 3.32702 2.01616 180 200 230
2.30798 2.32480 0.40613 180 200 230
2.05615 2.78546 3.79950 180 200 230
3.39102 -1.43121 7.78577 180 200 230
-1.37609 -3.10733 2.73821 180 200 230
3.42745 1.12463 6.43121 180 200 230
3.24126 -0.32222 0.07099 180 200 230
1.22320 -3.21799 3.34810 180 200 230
-1.29298 3.31555 5.68955 180 200 230
-3.27233 0.60578 1.24392 180 200 230
-0.54259 -3.65999 8.12592 180 200 230
-1.49597 -2.98368 1.49528 180 200 230
-3.60477 0.85153 8.23817 180 200 230
-3.34629 -0.26103 2.06145 180 200 230
3.60377 1.00312 8.95229 180 200 230
-3.55909 -0.01416 5.59405 180 200 230
-1.77132 2.78161 0.81172 180 200 230
-0.71766 3.20577 0.62929 180 200 230
-0.40446 3.26388 0.72178 180 200 230
-2.11096 -2.86543 5.46209 180 200 230
-3.30442 1.57381 7.38105 180 200 230
-3.09217 1.55595 3.78322 180 200 230
1.88875 2.94286 4.16247 180 200 230
3.45161 -0.84327 5.45704 180 200 230
0.57440 3.47473 4.95662 180 200 230
-2.99475 2.00486 6.32665 180 200 230
1.28369 3.25446 4.40651 180 200 230
-1.04914 -3.45994 6.55196 180 200 230
-3.45162 1.46467 8.97736 180 200 230
-2.94672 1.77659 3.30159 180 200 230
2.30891 -2.30616 0.11790 180 200 230
0.19742 -3.31049 1.20521 180 200 230
-3.50479 -0.43996 5.13928 180 200 230
-3.36588 0.67302 3.24645 180 200 230
3.60124 -0.92702 8.49414 180 200 230
3.44335 -0.96617 5.79419 180 200 230
-0.98724 -3.37994 4.84286 180 200 230
0.23371 -3.66041 7.28092 180 200 230
2.73418 -2.01040 2.45442 180 200 230
3.56789 -0.81380 7.46873 180 200 230
2.82451 1.60578 0.02981 180 200 230
3.55805 -0.05950 5.72641 180 200 230
-1.07889 -3.54836 8.45031 180 200 230
-3.04780 -2.00875 7.19383 180 200 230
-3.14157 1.90709 7.75945 180 200 230
-1.78998 2.96724 3.72813 180 200 230
1.22697 -3.46184 7.50678 180 200 230
-1.99610 -2.91486 5.11527 180 200 230
1.08689 3.39623 5.71594 180 200 230
-2.53538 -2.09506 0.56785 180 200 230
2.12609 2.60868 1.92145 180 200 230
-3.52891 0.06930 5.11664 180 200 230
-2.83600 -1.64032 0.56746 180 200 230
-2.38609 -2.73006 6.79212 180 200 230
2.24872 2.90891 7.64272 180 200 230
3.06068 2.09690 8.32784 180 200 230
-0.18083 3.30165 0.97807 180 200 230
-2.91906 -2.32448 8.49120 180 200 230
2.98170 -1.36476 0.65215 180 200 230
0.63575 -3.43540 4.42730 180 200 230
-0.09884 -3.66644 7.64488 180 200 230
-1.58602 2.87501 0.67779 180 200 230
2.48816 2.10375 0.17652 180 200 230
2.53683 -2.04710 0.24150 180 200 230
-3.51708 -0.01886 4.76146 180 200 230
2.95552 2.16184 7.39837 180 200 230
-3.23960 -0.72347 1.22221 180 200 230
-1.49731 -2.95746 1.19563 180 200 230
-1.50604 3.20572 5.27295 180 200 230
3.36636 0.19585 2.22852 180 200 230
-2.61420 -2.50504 6.69449 180 200 230
3.61082 0.92941 8.57549 180 200 230
-3.31075 1.48752 7.00574 180 200 230
1.67224 -3.29345 7.96019 180 200 230
3.51424 -0.02545 4.83633 180 200 230
-2.51684 2.66996 7.57657 180 200 230
3.31258 0.42116 1.74711 180 200 230
-3.28154 0.14642 0.65884 180 200 230
-0.58954 3.53846 6.04526 180 200 230
2.56346 -2.04646 0.50126 180 200 230
-0.88472 -3.58604 8.09105 180 200 230
-2.97317 2.03910 6.35721 180 200 230
0.28188 -3.72266 8.59697 180 200 230
-1.85022 2.86722 2.96718 180 200 230
-3.46932 -0.47739 4.53613 180 200 230
3.19972 -1.68683 6.79473 180 200 230
1.03937 3.20963 2.30783 180 200 230
-1.36271 3.25753 5.03501 180 200 230
2.70349 -2.36559 6.07594 180 200 230
-3.63041 0.88660 8.82192 180 200 230
-1.50694 3.31587 6.81957 180 200 230
3.22396 0.76969 1.13388 180 200 230
-3.04739 1.70152 4.43904 180 200 230
-3.55931 -0.01344 5.45209 180 200 230
-2.76290 1.84403 1.40461 180 200 230
-0.59683 3.42485 4.04669 180 200 230
-2.31037 2.48740 2.69105 180 200 230
-2.06832 -2.57985 1.14097 180 200 230
2.72994 -2.22168 4.76825 180 200 230
-1.96676 -2.69545 1.58400 180 200 230
-2.16280 -2.83072 5.46763 180 200 230
1.36047 -3.04494 1.62254 180 200 230
1.83532 3.10972 6.63726 180 200 230
-1.05750 3.17986 1.86282 180 200 230
3.52957 1.16133 8.12230 180 200 230
-1.91500 2.64843 0.25325 180 200 230
3.52254 -0.02603 4.85752 180 200 230
-1.63509 3.00489 3.02421 180 200 230
2.14225 -2.59706 2.14242 180 200 230
3.01102 1.80063 4.40431 180 200 230
-3.56062 0.92107 7.65953 180 200 230
-2.20941 2.98295 8.28444 180 200 230
1.02273 3.25752 2.86856 180 200 230
-2.31447 2.38815 1.47670 180 200 230
-2.09992 -2.93966 6.60700 180 200 230
-3.54177 0.21595 5.39245 180 200 230
1.87776 -2.78807 1.91663 180 200 230
3.00157 -2.04133 6.95588 180 200 230
-3.49527 0.39938 4.83024 180 200 230
3.55997 -0.41055 6.02292 180 200 230
3.08494 1.49979 3.38533 180 200 230
-0.57261 3.42838 4.11153 180 200 230
-2.90027 1.67339 1.72242 180 200 230
-3.14842 -1.80111 6.92318 180 200 230
-3.20238 -0.95070 1.50212 180 200 230
-3.31975 -1.51091 7.11119 180 200 230
2.90652 -2.21817 7.28129 180 200 230
-0.62554 3.57556 6.83678 180 200 230
1.32742 -2.97202 0.18825 180 200 230
-3.16797 -1.20848 2.59014 180 200 230
-3.48866 0.20870 4.37553 180 200 230
-1.08547 3.38312 5.51266 180 200 230
-1.23729 3.50084 8.31797 180 200 230
-2.63090 2.21914 3.53401 180 200 230
0.31316 -3.68017 7.94178 180 200 230
-3.30384 0.48646 1.56298 180 200 230
1.95209 2.82762 3.49466 180 200 230
0.20304 -3.27207 0.50454 180 200 230
-1.87448 -3.09718 6.80152 180 200 230
3.15336 -1.04129 1.44291 180 200 230
-3.32500 -0.62160 2.44039 180 200 230
-2.06682 -3.01761 7.08401 180 200 230
-3.50033 0.45717 4.97119 180 200 230
-1.37544 -2.96055 0.13489 180 200 230
-2.99559 1.27142 0.02149 180 200 230
2.27698 2.67813 4.75608 180 200 230
3.40278 -0.28538 2.88436 180 200 230
-0.61882 -3.28471 1.72246 180 200 230
-2.76831 -2.25017 5.67202 180 200 230
-3.35366 0.39328 2.17337 180 200 230
-0.85388 -3.45412 5.48272 180 200 230
2.41523 2.46971 3.56686 180 200 230
-1.54169 2.97412 1.78278 180 200 230
2.36051 2.35161 1.32311 180 200 230
2.37043 2.40116 2.25242 180 200 230
3.24717 0.43818 0.28784 180 200 230
0.12642 -3.41241 2.91373 180 200 230
0.52603 3.66448 8.17144 180 200 230
1.80579 -3.18876 7.56858 180 200 230
2.83865 -1.94392 3.50105 180 200 230
1.73414 3.08816 5.33791 180 200 230
-0.90530 -3.42426 5.26237 180 200 230
-3.54952 0.90410 7.54608 180 200 230
2.95235 -1.64825 2.24668 180 200 230
-3.39009 0.33299 2.80538 180 200 230
-2.46846 2.35113 2.85530 180 200 230
-0.90264 3.13891 0.39512 180 200 230
2.80479 -1.94186 2.97465 180 200 230
0.54895 3.64034 7.96718 180 200 230
1.74362 -3.28241 8.25615 180 200 230
1.13416 3.10050 1.05353 180 200 230
-2.16127 -2.72909 4.28324 180 200 230
-3.29420 1.04602 3.58584 180 200 230
2.77520 2.14175 4.56481 180 200 230
2.48612 2.51545 5.14981 180 200 230
-0.64171 3.19886 0.19593 180 200 230
0.38436 -3.66028 7.66130 180 200 230
-0.49321 -3.70551 8.77839 180 200 230
0.99533 3.43563 6.02338 180 200 230
-3.55163 0.53505 6.08465 180 200 230
2.89046 2.01756 4.91107 180 200 230
-0.72855 -3.35287 3.15449 180 200 230
0.89300 -3.20078 1.42689 180 200 230
2.78220 -2.20006 5.41090 180 200 230
2.46754 -2.15496 0.43387 180 200 230
-1.92133 3.11804 7.50962 180 200 230
-0.09848 3.45610 3.94714 180 200 230
2.76065 -2.09756 3.89050 180 200 230
2.08271 2.72039 3.08921 180 200 230
3.47838 1.36063 8.74212 180 200 230
-1.31408 3.07672 1.67132 180 200 230
0.21552 -3.32551 1.44848 180 200 230
-1.14648 -3.13493 1.58296 180 200 230
3.57593 -0.29149 6.06791 180 200 230
-2.38374 2.89870 8.93151 180 200 230
-0.54483 3.32526 2.23970 180 200 230
-2.67538 2.56966 8.20226 180 200 230
0.68253 -3.32142 2.64116 180 200 230
0.79586 3.48832 5.97478 180 200 230
3.10264 -1.05687 0.39089 180 200 230
-3.48983 -0.27574 4.62182 180 200 230
0.74100 -3.50653 6.03325 180 200 230
1.65122 -3.12992 4.98506 180 200 230
-3.35085 0.44868 2.26118 180 200 230
-0.19862 -3.66003 7.54387 180 200 230
-2.46344 2.80506 8.74884 180 200 230
1.30278 -3.23520 4.29319 180 200 230
1.60443 -3.20326 5.86875 180 200 230
-3.33496 -1.47326 7.21617 180 200 230
0.67040 3.30492 2.29584 180 200 230
3.62537 -0.68631 7.85142 180 200 230
3.20281 -1.10827 2.65599 180 200 230
-2.65577 -2.48831 7.09021 180 200 230
3.29243 -0.33460 1.07662 180 200 230
-3.40105 -0.05976 2.73138 180 200 230
-2.49575 2.48061 4.96198 180 200 230
-3.41516 0.86537 4.88375 180 200 230
3.53018 1.04747 7.73155 180 200 230
-3.56793 -1.13756 8.96764 180 200 230
-1.66559 -2.86679 1.02959 180 200 230
2.62216 2.15595 2.57367 180 200 230
-0.12069 3.43002 3.36922 180 200 230
-0.63140 -3.44916 4.47052 180 200 230
0.94754 -3.37269 4.60596 180 200 230
3.66866 -0.32664 7.78098 180 200 230
-0.07370 3.63818 7.04450 180 200 230
1.77339 -2.73933 0.18226 180 200 230
1.63795 3.07497 4.25557 180 200 230
2.42618 2.61236 5.71184 180 200 230
-0.45451 -3.45857 4.30401 180 200 230
-3.12710 1.10650 1.25298 180 200 230
0.94356 -3.33172 3.73302 180 200 230
-0.70268 3.38616 3.86274 180 200 230
0.76769 3.26020 1.79197 180 200 230
-3.46542 -1.09714 6.92094 180 200 230
2.55951 2.26540 3.03635 180 200 230
-0.63919 3.49997 5.45410 180 200 230
1.76282 3.03435 4.80198 180 200 230
-1.57433 3.34304 7.96226 180 200 230
0.32171 -3.29316 1.17123 180 200 230
2.40114 2.27599 1.09732 180 200 230
-2.59499 -2.19860 2.84214 180 200 230
-2.99177 -1.76340 4.04006 180 200 230
-3.30685 -0.80778 2.82550 180 200 230
-3.62814 0.36027 6.98011 180 200 230
-1.74170 -2.89751 2.33069 180 200 230
1.96846 -2.64553 0.81585 180 200 230
1.81650 2.94497 3.88219 180 200 230
1.42987 -3.35436 7.06855 180 200 230
3.41608 1.38929 7.73237 180 200 230
-3.60491 0.40660 6.72140 180 200 230
-3.52196 -0.25416 5.17841 180 200 230
1.16966 3.42232 6.64215 180 200 230
3.04251 1.92208 6.26837 180 200 230
3.00440 1.52870 2.22925 180 200 230
3.45017 0.82222 5.11384 180 200 230
-3.25682 -1.62333 7.04494 180 200 230
1.91180 2.83125 2.99688 180 200 230
1.29143 -3.34098 6.02811 180 200 230
2.81863 -2.07633 4.49397 180 200 230
-0.92619 3.39326 4.68848 180 200 230
1.68869 2.83369 0.86639 180 200 230
-3.02624 1.93088 6.13550 180 200 230
2.70838 -2.49351 7.86248 180 200 230
-2.69287 1.96116 1.35477 180 200 230
2.67394 2.16540 3.44690 180 200 230
3.25998 -0.31502 0.46987 180 200 230
-3.25423 0.00664 0.28715 180 200 230
-2.05331 3.13137 8.91311 180 200 230
2.74972 -2.17133 4.60199 180 200 230
3.07662 -1.50953 3.35039 180 200 230
-3.39904 0.06826 2.60587 180 200 230
-1.30405 3.50314 8.83205 180 200 230
-3.37239 0.36945 2.39531 180 200 230
0.69566 3.55945 6.65483 180 200 230
-3.36407 0.46287 2.68869 180 200 230
0.42460 3.26710 0.67888 180 200 230
-2.59511 -2.50546 6.28447 180 200 230
0.20169 -3.24182 0.01596 180 200 230
3.52431 -0.68544 6.21929 180 200 230
1.85221 -2.81700 2.37898 180 200 230
3.11251 1.87082 6.83237 180 200 230
0.87052 3.53036 7.03764 180 200 230
-3.54946 -0.71628 6.64118 180 200 230
-0.15544 3.25661 0.23698 180 200 230
3.59053 0.32496 6.46395 180 200 230
0.11264 -3.74090 8.91733 180 200 230
-2.11258 2.62772 2.30650 180 200 230
3.10332 1.36847 2.60037 180 200 230
-3.65263 -0.20301 7.41522 180 200 230
3.30104 -0.47597 1.53449 180 200 230
-1.55772 -3.23292 6.08597 180 200 230
1.96796 3.04851 6.91016 180 200 230
-3.26224 -0.29381 0.35877 180 200 230
2.88206 -2.04665 5.14135 180 200 230
3.34963 1.18799 5.33762 180 200 230
-2.20865 -2.59897 2.87056 180 200 230
-0.66282 -3.63221 7.95316 180 200 230
-0.95003 -3.19581 1.55684 180 200 230
2.02111 2.78809 3.42920 180 200 230
3.07201 -2.02406 7.71661 180 200 230
-1.47183 3.01533 1.81924 180 200 230
3.48127 1.17341 7.48204 180 200 230
2.84923 1.64232 0.76161 180 200 230
-3.38277 0.92365 4.56357 180 200 230
3.18986 0.81863 0.72547 180 200 230
0.66441 -3.53697 6.23775 180 200 230
2.42713 -2.72449 7.21764 180 200 230
3.66423 0.30862 7.72692 180 200 230
1.37647 -3.47570 8.84258 180 200 230
3.56566 -0.42301 6.18646 180 200 230
3.57044 0.68966 7.03165 180 200 230
-0.55000 -3.46792 4.71221 180 200 230
3.70521 -0.02109 8.26318 180 200 230
1.04507 -3.42623 5.93800 180 200 230
-3.69345 -0.12436 8.01462 180 200 230
2.52932 -2.23490 2.23917 180 200 230
-0.91593 -3.38417 4.63129 180 200 230
-0.95470 3.49398 6.69097 180 200 230
0.53918 3.31256 1.93298 180 200 230
-3.35532 -0.26501 2.01350 180 200 230
-2.60926 2.67599 8.81543 180 200 230
-1.66536 3.05340 4.07064 180 200 230
1.46136 3.00328 1.73680 180 200 230
1.93157 -2.83126 3.12877 180 200 230
-0.96349 -3.31748 3.73258 180 200 230
-1.74344 3.10986 5.75622 180 200 230
0.28706 3.69709 8.35051 180 200 230
2.59030 2.69451 8.88760 180 200 230
2.72311 2.32614 6.00809 180 200 230
-2.54831 -2.56367 6.43002 180 200 230
2.64794 2.15762 3.04044 180 200 230
3.55757 -0.90836 7.78989 180 200 230
-0.61294 3.31080 2.07410 180 200 230
3.25793 0.53291 1.02245 180 200 230
2.29935 -2.95166 8.77475 180 200 230
-2.48084 2.72340 7.84907 180 200 230
-1.87952 2.84312 2.87257 180 200 230
2.64643 2.44234 6.21360 180 200 230
-1.86516 -2.95632 4.36356 180 200 230
-2.15575 2.64645 3.05258 180 200 230
1.50325 -3.04453 2.71674 180 200 230
-2.25887 -2.42426 1.30438 180 200 230
2.58389 -2.42912 5.10098 180 200 230
-2.49662 -2.42126 4.17951 180 200 230
0.64405 -3.46142 4.76949 180 200 230
-1.10796 -3.17345 2.05149 180 200 230
-3.61368 0.86535 8.48264 180 200 230
-1.34462 -3.31517 5.89264 180 200 230
-1.91169 -3.16930 8.15140 180 200 230
3.30938 0.13947 1.04945 180 200 230
-1.13339 -3.38924 5.75367 180 200 230
-0.28058 3.66541 7.72357 180 200 230
-3.29909 -0.88746 3.12437 180 200 230
2.56130 2.15527 1.86209 180 200 230
3.34302 0.48699 2.51526 180 200 230
3.37712 0.32179 2.58818 180 200 230
1.89921 2.91895 4.18472 180 200 230
3.38867 0.42576 3.07866 180 200 230
2.28085 2.50338 2.57305 180 200 230
-3.33739 -1.30136 5.97995 180 200 230
-2.65305 1.92061 0.51194 180 200 230
3.40227 -0.41357 3.21086 180 200 230
1.29792 -3.35840 6.34167 180 200 230
2.02031 2.66545 1.68019 180 200 230
-2.91464 1.67977 2.10364 180 200 230
-3.04333 1.40947 1.91376 180 200 230
-2.09899 2.46962 0.00950 180 200 230
-3.49422 0.09685 4.42459 180 200 230
-1.57825 -2.86547 0.37637 180 200 230
-2.14807 -2.62632 2.58821 180 200 230
-2.34172 2.93808 8.95580 180 200 230
-1.03474 -3.56542 8.31097 180 200 230
-0.82582 3.26007 2.04875 180 200 230
1.74718 -2.93460 2.93107 180 200 230
3.41395 -0.77726 4.33325 180 200 230
-1.02027 3.53359 7.68010 180 200 230
0.78831 -3.55939 7.32197 180 200 230
1.28811 -3.05932 1.21092 180 200 230
-3.30637 0.19210 1.19426 180 200 230
2.94523 1.81114 3.90906 180 200 230
0.83333 -3.60222 7.89936 180 200 230
-3.09385 2.03288 8.00173 180 200 230
0.86008 3.18884 1.03178 180 200 230
-2.47797 -2.52990 5.32425 180 200 230
-3.07529 1.28657 1.48984 180 200 230
3.06535 1.88037 6.31013 180 200 230
3.69062 -0.37990 8.29439 180 200 230
0.11679 3.48077 4.25335 180 200 230
-3.28462 -0.22665 0.79991 180 200 230
-1.75862 -3.07367 5.36841 180 200 230
2.59944 2.29431 3.83361 180 200 230
-0.24380 -3.65859 7.39207 180 200 230
-2.04455 -2.75138 3.21065 180 200 230
-3.68813 0.14484 7.94084 180 200 230
-3.34364 -0.60154 2.59505 180 200 230
3.20018 -0.93421 1.50729 180 200 230
2.89762 -1.81603 2.89821 180 200 230
2.48744 2.11055 0.33781 180 200 230
-2.30956 2.49840 2.66497 180 200 230
-3.56741 -0.37732 6.08194 180 200 230
2.90921 -1.59993 1.36348 180 200 230
1.34866 -3.03443 1.06898 180 200 230
-2.52011 2.18039 1.26869 180 200 230
2.48468 -2.15718 0.74694 180 200 230
-2.66282 2.55920 7.93847 180 200 230
-0.49409 3.68853 8.52905 180 200 230
-2.52363 -2.08486 0.44964 180 200 230
-2.24147 2.85613 6.95390 180 200 230
-2.60027 -2.51691 6.75509 180 200 230
-3.16878 2.01980 8.97352 180 200 230
0.97342 -3.29108 3.27974 180 200 230
3.26135 -0.96284 2.70470 180 200 230
-0.44304 3.45309 4.23813 180 200 230
-3.67613 -0.23152 7.78423 180 200 230
-0.57802 -3.56709 6.68075 180 200 230
1.89785 2.92991 4.40547 180 200 230
0.95950 -3.23379 2.32454 180 200 230
-3.14503 -1.80627 6.66624 180 200 230
2.16392 2.96819 7.76722 180 200 230
2.33544 -2.54310 3.75621 180 200 230
-3.20860 1.59189 6.15678 180 200 230
1.53684 3.09364 3.75850 180 200 230
1.17599 3.29215 4.46727 180 200 230
0.78016 -3.43881 4.88347 180 200 230
3.34961 -1.43164 7.08911 180 200 230
-2.69618 2.58826 8.81090 180 200 230
3.06406 1.65522 4.15900 180 200 230
2.76218 2.02875 3.22885 180 200 230
-1.95267 -2.85311 3.51467 180 200 230
-2.28297 2.40823 1.28378 180 200 230
-3.04766 1.52566 2.81039 180 200 230
-1.71642 2.81890 0.83173 180 200 230
-3.38866 0.74542 4.01003 180 200 230
-2.07091 -2.62014 1.60015 180 200 230
-3.31504 -0.87650 3.26643 180 200 230
1.87489 3.13605 7.24312 180 200 230
-3.37527 0.18493 2.33690 180 200 230
-3.45502 0.87293 5.65718 180 200 230
-3.54618 -1.04810 8.16508 180 200 230
2.72688 2.27528 5.25799 180 200 230
1.91176 2.75782 1.84891 180 200 230
-3.36108 -0.64651 3.25167 180 200 230
-0.56518 3.50634 5.46674 180 200 230
-2.41441 -2.53994 4.72027 180 200 230
-2.32316 2.38975 1.42295 180 200 230
0.63670 3.42347 4.18108 180 200 230
-1.95869 -2.93716 5.04595 180 200 230
-2.66170 2.09404 2.53633 180 200 230
1.95405 2.97935 5.66210 180 200 230
1.18874 -3.06933 0.67589 180 200 230
-3.12108 1.42676 3.17598 180 200 230
3.15264 -1.86259 7.33517 180 200 230
1.17648 3.16757 2.46172 180 200 230
2.53861 -2.49589 5.59779 180 200 230
1.39428 -3.17212 3.84753 180 200 230
2.71058 2.07312 2.99098 180 200 230
-3.62926 -0.73214 8.29225 180 200 230
-1.94762 -2.81543 3.23777 180 200 230
-3.38116 0.09600 2.25023 180 200 230
-2.85594 2.35470 8.23411 180 200 230
3.40612 -1.25434 6.83107 180 200 230
-1.09408 -3.42727 6.27203 180 200 230
3.20076 -0.69711 0.47820 180 200 230
1.88632 -2.73000 1.25824 180 200 230
1.46615 -3.26731 5.89021 180 200 230
-0.51259 -3.32174 1.99583 180 200 230
-2.04507 -2.67374 2.14771 180 200 230
2.76272 -2.37881 7.11853 180 200 230
-2.56825 -2.21901 2.70892 180 200 230
2.92932 1.49926 0.68965 180 200 230
-2.83644 -1.61938 0.35224 180 200 230
2.77638 2.09372 4.14851 180 200 230
3.38984 -1.11791 5.70324 180 200 230
-2.22867 -2.93626 7.88961 180 200 230
-3.10727 -1.13296 1.06437 180 200 230
1.08197 3.18109 1.87581 180 200 230
-3.50164 -0.34804 4.92774 180 200 230
-1.89083 2.87729 3.42844 180 200 230
-1.58363 -3.12677 4.50329 180 200 230
-2.94801 -2.26925 8.35929 180 200 230
-3.54207 0.01542 5.06163 180 200 230
-0.05964 3.46261 3.89406 180 200 230
-3.69191 -0.60242 8.91148 180 200 230
-3.19422 0.78393 0.62849 180 200 230
2.21214 -2.99437 8.42706 180 200 230
2.76115 -2.16024 4.67565 180 200 230
0.20405 -3.50728 4.69409 180 200 230
-1.57925 3.37588 8.34053 180 200 230
3.41296 0.83276 4.72619 180 200 230
3.10642 -1.57455 4.10488 180 200 230
3.39714 -0.17064 2.58354 180 200 230
2.51288 2.57752 6.06980 180 200 230
-1.39517 -3.25860 5.28259 180 200 230
-3.00383 1.52704 2.04152 180 200 230
2.14772 2.89902 6.51348 180 200 230
3.57993 -0.04271 5.94101 180 200 230
3.15547 -1.40739 3.73216 180 200 230
3.22362 -0.35366 0.04316 180 200 230
2.14833 2.73030 4.17957 180 200 230
-3.25122 0.16511 0.05857 180 200 230
2.61128 -2.00525 0.72232 180 200 230
-1.57179 -3.09241 4.03477 180 200 230
-3.02676 1.31880 0.78824 180 200 230
-3.37102 -0.35490 2.61376 180 200 230
3.48193 0.86147 6.04121 180 200 230
-2.60666 -2.19860 2.91851 180 200 230
2.38481 -2.89326 8.98022 180 200 230
3.71465 0.06521 8.29299 180 200 230
1.90552 3.00115 5.42155 180 200 230
-3.71422 -0.42164 8.72159 180 200 230
-3.42331 -1.37944 7.88193 180 200 230
-1.88799 2.84091 3.01361 180 200 230
3.58105 0.63507 6.86246 180 200 230
-0.13337 -3.31489 1.31181 180 200 230
0.15994 3.59570 6.29610 180 200 230
-2.15418 -2.76197 4.58050 180 200 230
-3.03820 -1.18411 0.16276 180 200 230
-3.07677 1.42808 2.60027 180 200 230
-3.14429 -2.00346 8.62421 180 200 230
-1.15903 -3.22178 2.98453 180 200 230
-3.00160 -1.46449 1.73340 180 200 230
-3.13303 -1.18444 1.79022 180 200 230
-3.21501 1.36549 4.47394 180 200 230
-3.32938 1.56581 7.66487 180 200 230
-3.62584 0.20603 6.93585 180 200 230
-3.32102 1.03133 4.09104 180 200 230
-3.11075 1.25374 1.98959 180 200 230
0.80860 3.17996 0.44443 180 200 230
-0.54956 -3.44706 4.32412 180 200 230
2.45769 2.71644 7.42572 180 200 230
3.04552 -1.96754 6.68957 180 200 230
-2.44668 -2.44195 3.83495 180 200 230
3.38638 1.07450 5.50519 180 200 230
-1.88195 -2.92464 4.08552 180 200 230
-2.28188 2.70550 5.36640 180 200 230
3.17317 -1.49891 4.81792 180 200 230
3.30792 -1.40500 6.26493 180 200 230
1.98815 -2.88908 4.72999 180 200 230
-3.38748 -1.53845 8.49937 180 200 230
3.03686 -1.69002 4.01093 180 200 230
-1.92071 -2.63695 0.15385 180 200 230
2.39473 -2.39085 2.24732 180 200 230
1.87928 2.96347 4.66596 180 200 230
2.90922 -1.99909 5.02364 180 200 230
-1.86413 -3.00333 5.12904 180 200 230
-1.18789 3.41525 6.55798 180 200 230
3.39634 -0.04666 2.60391 180 200 230
-1.38852 -3.31583 6.12366 180 200 230
3.03183 -1.96665 6.46606 180 200 230
3.46485 0.12165 3.85884 180 200 230
-3.28152 -1.11979 3.77566 180 200 230
-0.78023 -3.25283 1.70922 180 200 230
3.44981 0.29850 3.88375 180 200 230
0.28749 -3.63557 7.18498 180 200 230
-2.15140 -3.01852 8.23102 180 200 230
-0.55003 3.50702 5.49567 180 200 230
-1.27417 -3.15689 2.83316 180 200 230
2.44470 2.63306 6.27660 180 200 230
1.62768 -3.24286 6.78065 180 200 230
2.28536 -2.55235 3.13576 180 200 230
-3.64411 0.33345 7.52742 180 200 230
-3.28259 -0.15361 0.71016 180 200 230
-2.66591 1.88481 0.10363 180 200 230
-1.87114 2.74091 1.17980 180 200 230
2.32700 -2.38929 1.49290 180 200 230
-1.24709 3.47261 7.97541 180 200 230
-2.84560 1.99059 3.98335 180 200 230
-1.04733 3.22914 2.60665 180 200 230
-1.91909 -2.89028 4.02079 180 200 230
1.35601 -3.17626 3.70946 180 200 230
1.74607 2.92452 2.85245 180 200 230
-0.09880 3.31452 1.32205 180 200 230
2.84040 2.17784 6.04538 180 200 230
1.77664 2.80670 1.30941 180 200 230
-3.03410 2.00995 7.08668 180 200 230
0.54313 -3.31109 1.92329 180 200 230
-3.49158 -0.93442 6.70493 180 200 230
3.45888 1.20312 7.34645 180 200 230
-2.35139 -2.35396 1.20177 180 200 230
0.92715 -3.16865 0.83453 180 200 230
-2.92673 2.31567 8.57476 180 200 230
0.10946 3.49185 4.32773 180 200 230
0.31264 -3.56091 5.81895 180 200 230
3.22619 0.48828 0.22499 180 200 230
1.35875 -3.10818 2.64195 180 200 230
1.17528 -3.31275 4.70876 180 200 230
2.82057 -2.39414 8.03719 180 200 230
2.86879 1.80746 2.57436 180 200 230
2.84190 2.28438 7.08428 180 200 230
2.49924 -2.57083 6.10050 180 200 230
-3.26846 0.51214 1.10694 180 200 230
-2.65768 2.13364 2.77733 180 200 230
-3.02591 -1.50113 2.26161 180 200 230
3.24595 1.25185 4.14251 180 200 230
-2.21326 -2.80628 5.86405 180 200 230
3.27152 -1.17589 4.05991 180 200 230
-1.51633 -3.00953 2.32447 180 200 230
-3.51246 0.79591 6.39533 180 200 230
3.43795 -0.86246 5.41467 180 200 230
-1.32572 -3.25929 4.83365 180 200 230
3.31700 1.24055 5.14686 180 200 230
-1.62253 -2.95341 2.11245 180 200 230
3.34528 1.31710 6.26015 180 200 230
-1.21360 3.22825 3.64258 180 200 230
-2.56789 -2.28357 3.42292 180 200 230
0.71590 3.26200 1.43315 180 200 230
3.45531 0.84539 5.52391 180 200 230
-2.62680 -2.40393 5.57546 180 200 230
-0.76353 3.33143 3.21080 180 200 230
-3.59951 -0.75638 7.81262 180 200 230
-0.25729 3.66794 7.68913 180 200 230
-1.28557 -3.04550 1.04775 180 200 230
2.85865 -2.19728 6.38774 180 200 230
2.95742 1.78849 3.70012 180 200 230
0.84898 -3.65557 8.99744 180 200 230
1.86924 2.79163 2.14231 180 200 230
-1.62316 2.97863 2.65883 180 200 230
-2.17319 2.71729 4.13866 180 200 230
0.91851 3.26151 2.54912 180 200 230
3.20686 1.63993 6.36125 180 200 230
0.40562 -3.47634 4.48886 180 200 230
0.91039 -3.23755 2.10323 180 200 230
3.51236 -0.06989 4.71765 180 200 230
3.39244 -1.47807 8.05911 180 200 230
-3.34852 1.45797 7.23298 180 200 230
2.34904 2.61068 4.64980 180 200 230
3.38329 0.22780 2.73295 180 200 230
-3.27721 -0.65761 1.71844 180 200 230
2.36685 -2.84039 7.97032 180 200 230
-0.40501 3.58509 6.52008 180 200 230
1.11621 3.35913 5.30532 180 200 230
-3.42435 1.38191 7.97957 180 200 230
2.60036 -2.05572 1.16781 180 200 230
-3.43160 1.07523 6.27818 180 200 230
-0.57562 -3.32441 2.06352 180 200 230
-3.22423 0.77351 1.15715 180 200 230
-2.43401 2.49725 4.35127 180 200 230
-3.21040 1.24985 3.64180 180 200 230
0.42964 -3.69961 8.50392 180 200 230
0.09454 -3.41407 3.06033 180 200 230
-3.34082 1.52722 7.42625 180 200 230
-0.40133 3.61080 6.85598 180 200 230
2.30637 2.75699 6.15026 180 200 230
3.71377 0.03196 8.32795 180 200 230
2.62656 2.26500 3.82815 180 200 230
1.75828 2.95844 3.66285 180 200 230
-1.22689 -3.09524 1.54002 180 200 230
1.40741 -3.09547 2.61407 180 200 230
-0.30322 -3.68852 7.98204 180 200 230
-0.58419 -3.44071 4.43046 180 200 230
3.41763 -0.12201 3.22039 180 200 230
3.27269 -0.78358 2.05836 180 200 230
-0.41396 3.47929 4.52522 180 200 230
2.21452 2.85868 6.57644 180 200 230
1.94137 2.79195 2.71569 180 200 230
2.87350 -2.21142 6.93369 180 200 230
2.85789 2.14146 5.81518 180 200 230
-1.95769 3.07866 7.19136 180 200 230
-3.31842 -0.64051 2.38350 180 200 230
-2.69628 -2.33083 5.82654 180 200 230
-2.74938 -1.88704 1.47138 180 200 230
0.78113 -3.35490 3.42549 180 200 230
-3.25449 -1.57395 6.64371 180 200 230
2.11915 -2.87679 5.83171 180 200 230
2.88498 1.69714 1.79345 180 200 230
2.32779 -2.85135 7.79954 180 200 230
-2.77026 -1.75814 0.51469 180 200 230
0.60231 3.50733 5.50942 180 200 230
3.71122 -0.52240 8.86366 180 200 230
3.27980 -1.30490 4.94241 180 200 230
2.06815 -3.01353 7.30439 180 200 230
3.03350 -1.88271 5.50847 180 200 230
-2.69789 2.46601 7.15223 180 200 230
0.49797 3.54761 6.04237 180 200 230
1.47460 3.28810 6.35360 180 200 230
2.35766 -2.39469 2.16840 180 200 230
1.67996 -3.21521 6.79528 180 200 230
3.35979 -0.40433 2.26169 180 200 230
2.17355 -3.06178 8.83641 180 200 230
-2.27003 -2.49051 2.16766 180 200 230
2.11488 2.63239 2.25062 180 200 230
1.87961 3.17131 7.80206 180 200 230
-3.34203 0.55736 2.30896 180 200 230
0.38316 -3.41250 3.39950 180 200 230
1.68184 3.21421 6.55810 180 200 230
2.87418 -1.68720 1.51901 180 200 230
-1.34516 -3.04481 1.52230 180 200 230
-1.33572 3.23568 4.53802 180 200 230
2.54197 -2.21958 2.31636 180 200 230
-2.74871 -1.96113 2.24102 180 200 230
-0.34292 -3.22856 0.08994 180 200 230
-2.59001 2.27064 3.48657 180 200 230
-2.68343 2.12091 3.00710 180 200 230
3.26385 0.25930 0.30079 180 200 230
-3.47145 -0.84270 5.73943 180 200 230
0.24258 -3.57039 5.78706 180 200 230
3.22206 -0.63934 0.68241 180 200 230
2.66417 -2.14192 2.99603 180 200 230
3.14302 1.91225 7.92359 180 200 230
3.52254 -0.43331 5.39391 180 200 230
2.04680 2.79793 3.86518 180 200 230
3.37792 0.89256 4.34631 180 200 230
-0.02254 -3.35235 1.98547 180 200 230
3.03787 -2.03989 7.40097 180 200 230
3.52533 -1.15077 8.27380 180 200 230
1.68196 -3.30226 8.24548 180 200 230
0.94268 3.23760 2.13140 180 200 230
1.93555 2.81004 2.93807 180 200 230
3.10950 1.20789 1.53660 180 200 230
-2.96675 -1.67911 2.90548 180 200 230
-3.41878 0.27509 3.14102 180 200 230
2.76897 2.26977 5.84401 180 200 230
-3.26757 0.73412 1.81019 180 200 230
-3.39797 -1.52971 8.31871 180 200 230
-0.55828 -3.25367 0.99109 180 200 230
-2.79653 1.67295 0.06635 180 200 230
-1.53104 3.34302 7.77060 180 200 230
-1.82586 -3.11766 6.46381 180 200 230
-1.38137 -3.14991 3.34824 180 200 230
-0.45457 3.52196 5.51236 180 200 230
3.34148 0.41835 2.12799 180 200 230
3.15568 -1.12067 1.60941 180 200 230
0.11592 -3.48851 4.40120 180 200 230
1.03936 3.27600 3.32840 180 200 230
-3.26822 -1.43055 5.68652 180 200 230
-2.78392 -1.89061 2.07749 180 200 230
2.51610 2.54755 6.10706 180 200 230
1.30599 3.40162 7.01214 180 200 230
3.21582 -0.89701 1.59339 180 200 230
-3.27489 -0.16498 0.42325 180 200 230
1.25163 3.24692 4.11577 180 200 230
1.07292 -3.48178 7.07432 180 200 230
-3.52408 0.65911 5.99978 180 200 230
-2.32439 -2.75331 6.44782 180 200 230
-1.01973 3.31458 3.78175 180 200 230
3.15153 1.20002 2.23459 180 200 230
1.79438 3.03170 4.94525 180 200 230
3.31652 -0.56730 1.94797 180 200 230
-2.58320 -2.53778 6.65968 180 200 230
1.63542 -2.92735 1.87895 180 200 230
3.37421 0.45903 2.75789 180 200 230
0.34099 -3.49873 4.71906 180 200 230
-3.48605 0.33059 4.54112 180 200 230
-1.80801 -3.07073 5.55919 180 200 230
-2.18234 2.69942 4.09678 180 200 230
-2.69313 -2.55683 8.32008 180 200 230
3.58680 0.81642 7.64156 180 200 230
3.54566 1.04435 7.97663 180 200 230
1.07584 -3.39537 5.81331 180 200 230
2.53637 2.51939 5.86112 180 200 230
3.54318 0.31212 5.63365 180 200 230
2.96900 -1.82052 4.07287 180 200 230
-0.33294 3.40084 3.04292 180 200 230
-3.09395 -1.76173 5.48078 180 200 230
1.72678 -2.76233 0.24728 180 200 230
-0.08372 -3.25489 0.07212 180 200 230
3.52334 1.06282 7.74207 180 200 230
-3.05049 -1.22886 0.44747 180 200 230
-3.40620 -0.91570 4.88238 180 200 230
-2.10065 2.88824 5.68416 180 200 230
0.07533 -3.36429 1.88964 180 200 230
3.60815 -0.83022 8.11830 180 200 230
2.01686 2.67522 1.81436 180 200 230
2.26036 2.92253 8.02291 180 200 230
-0.34850 -3.62263 6.97877 180 200 230
-3.22631 0.95017 2.28936 180 200 230
0.93349 -3.19668 1.44325 180 200 230
2.16031 2.64766 2.98862 180 200 230
3.34903 0.85669 3.73770 180 200 230
-1.08358 -3.19327 2.33602 180 200 230
3.74666 -0.12455 8.99073 180 200 230
2.78447 1.88717 2.18548 180 200 230
2.42144 -2.76973 7.56152 180 200 230
-2.50435 2.19979 1.52248 180 200 230
3.70973 0.39280 8.83442 180 200 230
-3.36154 -0.21195 2.14652 180 200 230
-0.62640 3.41717 3.95329 180 200 230
-1.23210 -3.31747 5.18403 180 200 230
-0.77929 3.21652 1.15471 180 200 230
-3.63596 0.41992 7.44353 180 200 230
1.03711 3.23088 2.60444 180 200 230
1.66415 -3.11449 5.10140 180 200 230
3.14717 -1.59283 5.10487 180 200 230
-2.92283 2.03135 5.57532 180 200 230
-3.10569 1.03332 0.53571 180 200 230
3.32452 -0.36315 1.61183 180 200 230
2.09524 2.60237 1.54170 180 200 230
1.22551 -3.17548 2.85805 180 200 230
-3.03098 -1.36347 1.38828 180 200 230
2.71710 -2.52803 8.34104 180 200 230
-0.92605 3.39104 4.77671 180 200 230
-1.02129 3.42216 5.76021 180 200 230
-1.57723 3.05646 3.36781 180 200 230
3.37915 0.35440 2.61872 180 200 230
1.69701 3.08193 4.68859 180 200 230
3.40313 -0.11580 2.78630 180 200 230
0.02262 3.42348 3.24131 180 200 230
3.45005 0.43402 4.23536 180 200 230
-0.62783 3.46350 4.71151 180 200 230
-3.14173 2.03867 8.86797 180 200 230
-3.21840 -0.99647 2.12583 180 200 230
3.18488 1.46379 4.55235 180 200 230
0.83691 -3.22346 1.43155 180 200 230
1.56930 -3.05609 3.29914 180 200 230
0.82904 3.51743 6.58221 180 200 230
1.00286 -3.19416 1.66689 180 200 230
-2.28512 2.71235 5.38678 180 200 230
-3.06633 1.60852 3.90849 180 200 230
3.01155 -1.27214 0.49828 180 200 230
2.89249 -2.33515 8.43554 180 200 230
-2.45670 2.45329 3.87974 180 200 230
-3.63532 0.27208 7.16003 180 200 230
-0.78708 3.36934 3.90511 180 200 230
-3.70459 -0.36039 8.47168 180 200 230
-1.41049 -3.09315 2.75084 180 200 230
2.90041 1.90959 3.86719 180 200 230
3.18896 -1.75729 6.94282 180 200 230
-0.66532 -3.35845 3.24150 180 200 230
2.82347 1.96463 3.43090 180 200 230
2.54543 -2.74535 8.95671 180 200 230
-0.14010 -3.52797 5.15813 180 200 230
-1.39146 3.32222 6.33833 180 200 230
-3.55139 -0.48117 5.93529 180 200 230
2.34065 -2.82464 7.53877 180 200 230
3.60878 -0.73256 7.82932 180 200 230
-0.68478 3.46224 5.22645 180 200 230
-1.98974 -2.75894 2.78865 180 200 230
2.08510 -2.51250 0.22042 180 200 230
3.54899 -0.26435 5.67968 180 200 230
3.31728 1.57933 7.51731 180 200 230
-3.48035 -0.07922 4.21509 180 200 230
2.34079 -2.38037 1.57512 180 200 230
3.39892 0.06745 2.72866 180 200 230
-3.23875 1.34785 4.75044 180 200 230
-3.17277 -1.85487 7.61377 180 200 230
-3.29208 -0.55306 1.64182 180 200 230
-0.38462 -3.53942 5.65963 180 200 230
3.31866 1.44905 6.89615 180 200 230
0.82244 -3.63465 8.46028 180 200 230
-0.68535 3.24060 1.12040 180 200 230
1.67323 -3.32359 8.37852 180 200 230
-3.11609 1.72617 5.56475 180 200 230
3.51329 0.97107 7.01068 180 200 230
3.19217 -0.73642 0.51906 180 200 230
0.66867 -3.44076 4.71606 180 200 230
-2.06050 2.91946 5.75173 180 200 230
-0.42820 3.38489 2.90191 180 200 230
-2.94384 -1.84144 4.04404 180 200 230
3.52833 -0.28227 5.14588 180 200 230
-0.88310 3.42453 5.13041 180 200 230
3.10415 -1.04601 0.40416 180 200 230
-1.68077 3.03977 4.11516 180 200 230
-0.95797 -3.22893 2.03666 180 200 230
-2.73265 2.51066 8.29657 180 200 230
3.22240 1.90715 8.80268 180 200 230
3.14175 -1.33177 2.83528 180 200 230
1.72283 2.86887 1.67381 180 200 230
3.16438 -1.14618 2.09019 180 200 230
2.78928 2.11645 4.46028 180 200 230
-0.39288 3.67558 7.93718 180 200 230
3.08732 -1.67402 4.66067 180 200 230
-1.78321 -2.75376 0.53438 180 200 230
1.21547 3.04105 0.38512 180 200 230
-2.81937 -1.84169 2.16407 180 200 230
1.56014 3.33673 7.66568 180 200 230
2.50888 -2.52653 5.74227 180 200 230
3.36825 1.09040 5.22317 180 200 230
-3.35581 -0.63530 3.01403 180 200 230
3.42228 1.44213 8.40472 180 200 230
-1.15979 -3.22288 3.12626 180 200 230
3.37224 -1.43929 7.59931 180 200 230
1.80995 -3.24066 8.11925 180 200 230
-2.41921 2.52079 4.51110 180 200 230
0.30373 3.68309 8.10637 180 200 230
2.45657 2.33690 2.62430 180 200 230
2.51511 -2.55898 6.06707 180 200 230
2.88249 1.61092 0.84617 180 200 230
-2.41360 -2.53262 4.42593 180 200 230
-2.26598 2.49760 2.06942 180 200 230
3.27834 -0.08698 0.60542 180 200 230
-3.25029 -0.18038 0.03591 180 200 230
-3.25948 -1.03176 3.06727 180 200 230
3.09178 -1.75352 5.45912 180 200 230
3.42870 -0.66217 4.25701 180 200 230
-2.94139 -1.70569 2.85564 180 200 230
1.07460 -3.59882 8.92549 180 200 230
-2.46479 -2.78751 8.49012 180 200 230
-2.97062 1.45759 1.20590 180 200 230
3.24073 1.22028 3.89396 180 200 230
-0.72119 -3.50956 5.98286 180 200 230
-1.11297 -3.44470 6.72311 180 200 230
2.54952 2.29663 3.44987 180 200 230
0.45342 3.60172 6.83399 180 200 230
-0.37119 -3.29171 1.19137 180 200 230
2.01951 2.76906 3.13200 180 200 230
-1.30916 -3.36416 6.57476 180 200 230
-0.71593 -3.51007 5.77825 180 200 230
-2.22259 2.92775 7.61828 180 200 230
-0.16834 3.27179 0.45235 180 200 230
-2.33644 2.39473 1.66635 180 200 230
-2.06968 2.52768 0.46866 180 200 230
-2.62026 -2.08627 1.83344 180 200 230
-0.12602 -3.25877 0.04100 180 200 230
2.26663 -2.67926 4.69838 180 200 230
3.46033 0.65992 4.91420 180 200 230
-0.52619 -3.54564 6.06250 180 200 230
-1.35723 3.18090 3.61836 180 200 230
1.71823 -2.75925 0.03115 180 200 230
3.18987 1.64346 6.20307 180 200 230
-3.12326 -1.04035 0.52315 180 200 230
-3.50939 -1.10802 7.86669 180 200 230
-1.50831 2.89199 0.21919 180 200 230
3.45880 -0.65290 4.93373 180 200 230
2.89372 2.30113 8.11166 180 200 230
2.31738 2.67554 5.30823 180 200 230
-2.19494 -2.80268 5.62655 180 200 230
-3.58873 -0.32330 6.27007 180 200 230
-0.30008 3.29211 1.17516 180 200 230
-1.20441 3.39403 6.21145 180 200 230
2.04018 3.08570 7.98708 180 200 230
2.52199 -2.76240 8.78297 180 200 230
-3.15420 -1.47262 4.14716 180 200 230
0.11136 3.43006 3.24876 180 200 230
-2.85401 2.25951 6.89458 180 200 230
2.93337 -1.94844 5.04472 180 200 230
2.56814 -2.21185 2.44267 180 200 230
3.02796 1.40415 1.64567 180 200 230
-1.89551 -2.75552 1.62706 180 200 230
1.99569 2.85753 4.29314 180 200 230
0.81360 3.24339 1.62610 180 200 230
2.13899 -2.45069 0.19124 180 200 230
2.58579 -2.00080 0.50317 180 200 230
3.22611 1.84530 8.40847 180 200 230
2.31496 -2.34649 0.70254 180 200 230
-0.44347 -3.26184 0.70489 180 200 230
0.56087 -3.44173 4.22064 180 200 230
0.87882 -3.26758 2.32898 180 200 230
-3.72672 -0.16949 8.68601 180 200 230
3.50669 -1.21521 8.24792 180 200 230
1.06121 3.29134 3.79967 180 200 230
-3.47999 -0.10860 4.19866 180 200 230
-1.43845 3.13045 3.52931 180 200 230
1.43628 -2.93502 0.36602 180 200 230
2.95444 1.69012 2.77267 180 200 230
-3.03052 1.34141 1.17722 180 200 230
0.48520 -3.26528 0.98413 180 200 230
-1.35083 3.27044 5.20457 180 200 230
0.19756 3.29762 0.94951 180 200 230
-0.25989 3.28922 0.98958 180 200 230
-0.79402 -3.41005 4.48522 180 200 230
-0.79657 3.38509 4.14037 180 200 230
-2.72196 1.90834 1.31907 180 200 230
-3.11623 -0.91955 0.04329 180 200 230
3.12763 -1.22107 1.84110 180 200 230
0.92951 -3.24906 2.24306 180 200 230
1.44380 3.35269 7.30099 180 200 230
2.75537 -2.48876 8.28576 180 200 230
1.94562 -2.87192 3.81004 180 200 230
-0.10370 -3.45494 3.80235 180 200 230
-3.58865 -0.38264 6.54026 180 200 230
3.23682 1.51854 5.78961 180 200 230
-0.80027 -3.24390 1.75868 180 200 230
-3.28168 -0.37989 1.03482 180 200 230
-1.27378 3.23054 4.09822 180 200 230
3.53792 0.22120 5.23962 180 200 230
0.39443 3.29688 1.32949 180 200 230
-2.67970 -2.09726 2.77668 180 200 230
2.59341 2.20954 2.89393 180 200 230
-1.90005 -2.81172 2.47970 180 200 230
1.47734 -3.15638 4.30751 180 200 230
-1.48604 3.25416 6.02034 180 200 230
3.05135 1.72741 4.74515 180 200 230
2.14676 2.58501 1.92084 180 200 230
-2.07542 2.57695 0.98914 180 200 230
1.42517 -3.38433 7.48640 180 200 230
-2.32134 -2.60911 4.47480 180 200 230
2.21482 -2.42218 0.59927 180 200 230
3.39617 -0.11897 2.44980 180 200 230
1.07353 3.49473 7.33339 180 200 230
-1.23327 -3.41353 6.88140 180 200 230
-3.61010 0.77091 7.94868 180 200 230
-3.55912 0.14593 5.57026 180 200 230
-1.58792 3.08852 3.96445 180 200 230
-1.90482 2.89933 3.99860 180 200 230
-1.49674 -2.99695 1.85119 180 200 230
-2.59866 -2.46509 6.00013 180 200 230
-1.48018 3.22388 5.41982 180 200 230
2.44489 2.25522 1.48256 180 200 230
-3.26649 -1.74905 8.03214 180 200 230
-0.22906 -3.43303 3.46860 180 200 230
-3.05527 -1.17917 0.48021 180 200 230
3.41951 0.07845 3.09609 180 200 230
-0.74377 3.61260 7.89782 180 200 230
0.66320 -3.65351 8.29867 180 200 230
-0.16390 -3.49797 4.57439 180 200 230
3.72727 0.24415 8.63194 180 200 230
-3.63015 0.68549 7.94360 180 200 230
-3.38587 1.40701 7.51567 180 200 230
-2.12051 -3.00839 7.81128 180 200 230
2.44330 2.44269 3.59073 180 200 230
-2.62668 -2.51094 6.92241 180 200 230
3.34594 -1.15926 5.35136 180 200 230
-2.50825 2.61285 6.60249 180 200 230
-1.74296 2.85002 1.69870 180 200 230
3.56974 0.64091 6.70444 180 200 230
3.47848 1.31179 8.64353 180 200 230
3.09714 -1.42020 2.86353 180 200 230
3.70500 -0.57484 8.88333 180 200 230
3.44559 0.12219 3.55907 180 200 230
2.72574 -1.96263 1.90461 180 200 230
1.51984 2.93527 1.07862 180 200 230
-3.38209 -1.37258 7.16875 180 200 230
-1.54290 -3.18182 5.15078 180 200 230
-2.15968 2.64226 2.90463 180 200 230
-3.51368 -0.64714 5.62613 180 200 230
-2.38679 -2.46429 3.13447 180 200 230
1.20329 3.27283 4.19498 180 200 230
3.68697 -0.13311 7.83613 180 200 230
1.02499 3.43772 6.15279 180 200 230
3.62741 0.23596 6.97389 180 200 230
3.32780 -1.21500 5.40607 180 200 230
-3.37495 1.61079 8.92806 180 200 230
-2.71157 2.00623 2.29506 180 200 230
-0.54413 3.34417 2.48925 180 200 230
3.25006 0.53219 0.89067 180 200 230
-0.32317 3.52076 5.14361 180 200 230
-2.79281 2.21450 5.67012 180 200 230
-3.58475 -0.46040 6.65774 180 200 230
-3.31261 0.90300 3.16517 180 200 230
2.35562 -2.23907 0.11904 180 200 230
3.03848 -1.89285 5.83629 180 200 230
-1.53091 3.41028 8.98967 180 200 230
3.29487 -0.85581 2.78845 180 200 230
2.20880 -2.50748 1.75671 180 200 230
3.05013 -1.49104 2.67022 180 200 230
-0.94306 -3.35036 3.98687 180 200 230
1.07954 3.20368 2.38347 180 200 230
1.15598 3.22533 3.27168 180 200 230
3.00601 -1.94359 5.88912 180 200 230
-3.42562 -0.15174 3.25374 180 200 230
2.67046 -2.19603 3.72038 180 200 230
-0.60111 -3.21114 0.38697 180 200 230
0.86515 3.60483 8.30740 180 200 230
-2.59061 2.29088 3.81923 180 200 230
3.35635 -0.68792 3.09819 180 200 230
3.27020 0.40441 0.83237 180 200 230
-0.78787 -3.48195 5.85411 180 200 230
3.65399 -0.49010 7.84622 180 200 230
2.59648 1.99184 0.39750 180 200 230
-0.45872 3.29842 1.39132 180 200 230
-3.18145 -0.96810 1.40219 180 200 230
1.97765 -2.95916 5.57209 180 200 230
-3.71205 -0.15196 8.33494 180 200 230
3.23207 1.27019 4.09964 180 200 230
2.39504 2.46170 3.24217 180 200 230
-2.58849 2.55798 7.00353 180 200 230
-1.59446 3.25259 6.80209 180 200 230
0.63905 3.31367 2.34496 180 200 230
1.78925 -2.81437 1.53857 180 200 230
3.38565 0.57735 3.37104 180 200 230
1.74403 -3.20358 7.08778 180 200 230
3.17588 -1.70255 6.38807 180 200 230
-2.45720 -2.62031 6.13217 180 200 230
-2.58605 -2.59746 7.55190 180 200 230
2.01294 2.73491 2.62705 180 200 230
-3.12300 -1.42945 3.20418 180 200 230
-2.31617 2.31110 0.40898 180 200 230
0.48374 3.65359 7.88846 180 200 230
-3.07052 -1.77267 5.39645 180 200 230
3.40656 0.02548 2.82146 180 200 230
-0.54419 3.24894 0.66859 180 200 230
-2.01054 -3.00049 6.63559 180 200 230
-3.48670 1.01202 6.85534 180 200 230
2.18420 2.83937 6.13558 180 200 230
3.35577 0.02779 1.94296 180 200 230
-0.47522 3.68003 8.26696 180 200 230
-3.45423 -1.09982 6.89410 180 200 230
-3.50040 -0.77195 6.06130 180 200 230
2.43635 2.62972 6.00124 180 200 230
-2.79969 -2.42782 8.19173 180 200 230
3.71800 -0.02513 8.39498 180 200 230
-3.05837 -1.80527 5.51357 180 200 230
-3.41639 -0.59931 3.90788 180 200 230
-2.46641 -2.39412 3.42532 180 200 230
2.66878 -2.51655 7.46256 180 200 230
3.36532 -1.18777 5.94622 180 200 230
3.18116 0.83884 0.74423 180 200 230
0.92810 3.19407 1.36222 180 200 230
2.77100 2.46671 8.15591 180 200 230
0.51743 -3.65974 8.02269 180 200 230
3.57665 1.05284 8.59412 180 200 230
2.84445 -1.99552 4.00936 180 200 230
3.62366 0.47063 7.16071 180 200 230
-2.93184 -2.20264 7.54144 180 200 230
-0.54543 3.36484 2.98413 180 200 230
-3.26276 0.61044 1.39254 180 200 230
-3.50458 1.33974 8.97483 180 200 230
-0.02272 -3.26727 0.29210 180 200 230
-3.55506 0.07502 5.52842 180 200 230
-3.15042 1.70062 5.99505 180 200 230
-0.44490 -3.57174 6.27185 180 200 230
3.02461 -1.52185 2.42721 180 200 230
0.98642 -3.48315 6.61915 180 200 230
-0.28001 -3.34728 2.06141 180 200 230
-3.64966 0.28211 7.54880 180 200 230
2.72207 -1.97207 2.08679 180 200 230
-3.58564 0.30911 6.40272 180 200 230
3.29682 -1.54414 7.15586 180 200 230
1.09615 -3.17409 1.80308 180 200 230
1.97309 2.72508 2.26350 180 200 230
3.48995 1.06147 7.11811 180 200 230
-0.18953 -3.29506 0.82742 180 200 230
-1.31660 -3.08704 1.82031 180 200 230
-2.79474 -2.08709 4.25996 180 200 230
3.68244 -0.55388 8.41059 180 200 230
-3.40513 -0.99864 5.21308 180 200 230
-1.99139 2.81839 3.64408 180 200 230
-3.43467 -1.48544 8.81794 180 200 230
3.44157 0.62099 4.33354 180 200 230
-3.04972 -1.65828 4.06305 180 200 230
2.83266 -1.99269 3.86235 180 200 230
3.40957 0.09279 2.95147 180 200 230
1.92952 -2.82757 3.07574 180 200 230
1.15128 -3.40240 6.32535 180 200 230
2.57699 2.02769 0.39406 180 200 230
2.05825 -2.95494 6.27199 180 200 230
0.28558 -3.34738 1.91851 180 200 230
-3.43345 0.19336 3.61299 180 200 230
0.09991 3.32128 1.40375 180 200 230
-0.83999 3.44154 5.13189 180 200 230
-2.75646 -2.34750 6.68696 180 200 230
0.07958 3.42613 3.34245 180 200 230
-1.52204 2.97073 1.56294 180 200 230
3.05964 -1.42012 2.15546 180 200 230
-0.47491 -3.63590 7.45431 180 200 230
-0.29627 -3.37734 2.53908 180 200 230
3.51005 -0.99741 7.07989 180 200 230
3.41793 0.12448 3.12673 180 200 230
0.11614 3.35077 1.80137 180 200 230
-1.97909 -3.03252 6.66911 180 200 230
-3.23312 1.32088 4.37754 180 200 230
2.47859 2.12514 0.30247 180 200 230
0.72722 -3.65796 8.66277 180 200 230
3.18423 0.97024 1.41495 180 200 230
-3.30406 -0.93411 3.33060 180 200 230
-3.19197 -1.32132 3.61748 180 200 230
-2.29933 -2.64005 4.56570 180 200 230
-1.46530 3.34987 7.17257 180 200 230
3.21471 0.48023 0.05916 180 200 230
2.85336 -2.39137 8.43011 180 200 230
3.23686 -1.54295 5.95749 180 200 230
-3.70388 0.42096 8.58412 180 200 230
3.63340 0.47387 7.44821 180 200 230
-3.24348 -1.80631 8.39130 180 200 230
-1.43144 3.25555 5.56093 180 200 230
1.41512 3.13338 3.36623 180 200 230
1.69659 3.03854 4.14596 180 200 230
1.54492 3.24365 6.06327 180 200 230
-1.68774 3.03192 4.00125 180 200 230
-0.69230 3.55385 6.70722 180 200 230
1.70043 -2.81740 0.88401 180 200 230
-3.67142 0.10811 7.55627 180 200 230
-3.01956 1.47580 1.94652 180 200 230
2.26984 2.95812 8.52724 180 200 230
2.37340 -2.34698 1.48837 180 200 230
3.12758 1.12205 1.23856 180 200 230
0.24092 3.65738 7.40059 180 200 230
-2.65013 -2.53517 7.45935 180 200 230
-1.07141 -3.46813 6.76849 180 200 230
1.17596 -3.53170 8.66815 180 200 230
-2.86311 1.80964 2.56619 180 200 230
-2.09129 3.00601 7.52815 180 200 230
-0.82530 3.34023 3.31764 180 200 230
-3.20599 -1.46201 4.99557 180 200 230
-2.02045 2.83165 4.17042 180 200 230
-1.53298 2.86935 0.05667 180 200 230
3.51974 0.37495 5.32581 180 200 230
3.44232 -1.15889 6.84453 180 200 230
3.09344 1.23816 1.66863 180 200 230
-0.48541 3.68022 8.42377 180 200 230
3.10404 -1.67058 4.93277 180 200 230
-0.30690 -3.32427 1.70318 180 200 230
-3.16369 -1.69141 5.95703 180 200 230
-1.78158 -2.83932 1.83149 180 200 230
2.69667 1.88414 0.61226 180 200 230
1.29745 -3.36015 6.30266 180 200 230
-0.00222 3.30901 1.06323 180 200 230
3.17756 -0.89694 1.02087 180 200 230
0.42398 3.60641 6.77873 180 200 230
-2.31526 -2.32589 0.53249 180 200 230
-3.52272 -1.03124 7.38211 180 200 230
2.27616 2.86328 7.26513 180 200 230
-2.16507 2.52124 1.35485 180 200 230
0.68755 -3.45171 4.82522 180 200 230
0.76946 3.21287 0.92903 180 200 230
3.48317 -0.82797 5.83929 180 200 230
-0.92756 3.15686 0.60642 180 200 230
-2.60406 -2.66102 8.53206 180 200 230
-2.46119 -2.27846 1.98022 180 200 230
-3.52938 0.65540 6.28209 180 200 230
-1.85579 -2.74406 1.23081 180 200 230
-0.13548 -3.35528 1.99754 180 200 230
-2.56039 -2.37436 4.21822 180 200 230
-3.30333 -1.30775 5.31291 180 200 230
-2.94277 -2.33123 8.99018 180 200 230
-2.66897 1.88944 0.25041 180 200 230
2.93002 1.39845 0.00324 180 200 230
1.84118 2.88911 3.30306 180 200 230
-2.69266 -2.13520 3.44761 180 200 230
3.30611 -1.62806 8.01764 180 200 230
3.65509 0.59636 8.26196 180 200 230
-3.55091 -1.00833 7.98898 180 200 230
-0.04309 3.32676 1.37161 180 200 230
-3.20798 -1.31088 3.86643 180 200 230
-0.00781 -3.62603 6.83076 180 200 230
-0.31188 -3.40276 2.95512 180 200 230
-0.56352 -3.54150 6.10949 180 200 230
0.61003 -3.31974 2.25500 180 200 230
3.06498 1.50416 3.05522 180 200 230
-3.68305 -0.22191 7.81694 180 200 230
-0.25008 3.37305 2.37961 180 200 230
3.28876 -1.77397 8.69947 180 200 230
0.69840 -3.33246 2.89698 180 200 230
2.54637 2.04121 0.22755 180 200 230
0.14370 3.38428 2.42034 180 200 230
-3.19974 0.92481 1.63705 180 200 230
3.42304 -0.81251 4.72144 180 200 230
2.55002 2.10075 1.08281 180 200 230
-3.25141 -1.47970 5.78205 180 200 230
-2.00781 3.10794 7.94035 180 200 230
-2.08812 -2.73932 3.41376 180 200 230
-1.98037 -2.67969 1.61132 180 200 230
0.20429 3.45177 3.75660 180 200 230
0.81542 -3.56279 7.17718 180 200 230
2.98233 1.92600 5.47676 180 200 230
1.37098 -3.00417 0.97233 180 200 230
0.83449 3.42529 4.99357 180 200 230
-2.95655 -1.86534 4.37320 180 200 230
-1.95969 2.79545 3.08935 180 200 230
-2.55479 -2.10756 1.05797 180 200 230
-0.40828 3.71570 8.84133 180 200 230
-3.03440 -1.40382 1.68209 180 200 230
3.34661 0.17254 1.83927 180 200 230
-2.34691 2.36305 1.39425 180 200 230
1.63628 -3.14325 5.28754 180 200 230
-3.39410 0.80344 4.15238 180 200 230
-3.38661 0.01572 2.37047 180 200 230
-2.50555 -2.40003 4.02395 180 200 230
-3.29790 1.44662 6.19911 180 200 230
2.28148 -2.52075 2.66934 180 200 230
-3.04724 2.11813 8.28422 180 200 230
3.19513 -1.20614 2.89721 180 200 230
2.39735 -2.33966 1.89056 180 200 230
-3.27366 1.77068 8.61767 180 200 230
-2.43462 2.73368 7.38949 180 200 230
-1.52441 -3.06902 3.23645 180 200 230
0.12287 -3.68356 7.65404 180 200 230
1.37828 3.23293 4.82939 180 200 230
0.19299 3.42641 3.26946 180 200 230
2.22972 2.92173 7.63896 180 200 230
0.24426 -3.63044 6.88471 180 200 230
-0.75452 -3.31692 2.81944 180 200 230
1.32782 3.29629 5.61147 180 200 230
-3.35793 -0.79223 3.47653 180 200 230
0.29047 -3.23797 0.01017 180 200 230
3.53115 -1.22068 8.67826 180 200 230
1.53600 3.18703 5.10424 180 200 230
-1.19273 3.35723 5.53777 180 200 230
-2.06033 2.89892 5.55108 180 200 230
-2.49704 -2.49633 5.11368 180 200 230
2.22081 2.56475 2.74730 180 200 230
1.29868 3.49848 8.76109 180 200 230
0.67846 -3.50432 5.74344 180 200 230
-3.46506 -0.93750 6.17689 180 200 230
1.85786 2.94329 4.25368 180 200 230
-2.59959 2.19405 2.72649 180 200 230
2.18433 2.46181 0.62003 180 200 230
-2.23275 2.60791 3.30140 180 200 230
-2.70281 1.95854 1.68291 180 200 230
2.73952 2.32819 6.09886 180 200 230
3.43159 1.35451 7.97608 180 200 230
2.51394 -2.31358 2.86386 180 200 230
2.60512 -2.22080 3.14210 180 200 230
3.59292 0.05822 6.17178 180 200 230
-2.10770 -2.58738 1.42889 180 200 230
3.08582 2.05989 8.40502 180 200 230
1.26739 -3.19275 3.42648 180 200 230
2.40113 -2.26727 0.97286 180 200 230
-2.48434 -2.23546 1.66931 180 200 230
-2.82758 -2.43519 8.43195 180 200 230
-2.33385 2.43939 2.34828 180 200 230
0.01195 3.58240 6.10116 180 200 230
-3.32832 0.01525 1.49477 180 200 230
2.23828 2.49795 1.85191 180 200 230
-1.73496 -3.26311 7.97773 180 200 230
-3.26667 0.62130 1.41780 180 200 230
1.43242 2.92865 0.18145 180 200 230
-2.99120 -1.85413 4.67104 180 200 230
1.03553 -3.53709 7.83687 180 200 230
-2.90358 -1.81209 3.07851 180 200 230
-3.27010 -0.61660 1.22875 180 200 230
2.15367 -3.05548 8.85077 180 200 230
3.58397 0.24257 6.22788 180 200 230
-2.73153 -2.46200 7.73406 180 200 230
-3.06102 1.95090 6.88497 180 200 230
1.24900 3.37355 6.41627 180 200 230
3.42318 -0.44168 3.61554 180 200 230
-2.81526 1.94408 3.06333 180 200 230
-1.84510 3.10817 6.57909 180 200 230
1.76203 3.15835 6.57683 180 200 230
3.72779 -0.05233 8.58359 180 200 230
2.18591 -2.77994 5.27426 180 200 230
3.08244 1.44984 2.78899 180 200 230
-3.21146 -1.40782 4.56628 180 200 230
2.13758 2.84332 5.67366 180 200 230
-0.74235 -3.39938 3.99889 180 200 230
-3.62685 0.36392 7.22245 180 200 230
2.72608 2.26645 5.41590 180 200 230
-3.04921 -1.14211 0.09133 180 200 230
3.00223 -1.88745 5.28424 180 200 230
-1.94025 3.00721 5.84850 180 200 230
3.52546 1.16525 8.28425 180 200 230
3.25982 -1.16882 3.88131 180 200 230
2.22953 2.75793 5.32548 180 200 230
-3.45200 0.54559 4.43575 180 200 230
-3.38754 -0.97672 4.94401 180 200 230
0.26634 3.27557 0.64872 180 200 230
1.62915 3.32118 8.13174 180 200 230
2.80855 2.41829 8.24332 180 200 230
3.18863 1.49936 5.09100 180 200 230
-3.53654 -0.18073 5.16596 180 200 230
1.79381 -2.74881 0.55513 180 200 230
2.47948 2.53490 5.53443 180 200 230
-1.06169 -3.31132 4.02104 180 200 230
-3.08066 1.88462 6.51006 180 200 230
3.19082 0.71796 0.45524 180 200 230
-3.51569 -0.80843 6.52641 180 200 230
-0.04287 3.39727 2.71773 180 200 230
-2.82456 -2.19819 6.00827 180 200 230
-2.08479 2.89529 5.79183 180 200 230
-1.69315 -2.92352 2.15831 180 200 230
3.03447 -1.70557 4.12356 180 200 230
0.12621 3.68050 7.60434 180 200 230
3.31084 -1.31470 5.60135 180 200 230
0.93151 3.15506 0.66232 180 200 230
3.13862 1.49370 4.14614 180 200 230
1.20235 3.19411 2.94758 180 200 230
1.41946 -3.28489 5.91956 180 200 230
-1.56887 -3.20534 5.68055 180 200 230
3.20084 -0.59322 0.10071 180 200 230
-0.89007 -3.45104 5.61992 180 200 230
-3.09300 1.89189 6.73464 180 200 230
2.83897 -2.27647 7.02863 180 200 230
3.16673 -0.85289 0.56896 180 200 230
0.88136 -3.29025 2.87281 180 200 230
-3.25711 -1.21068 3.94947 180 200 230
1.53241 -2.97209 1.71728 180 200 230
1.49662 3.13155 3.94478 180 200 230
2.66372 -1.92637 0.68544 180 200 230
3.31569 -0.00919 1.08694 180 200 230
-1.82074 -3.08490 6.15772 180 200 230
1.13047 3.19590 2.49178 180 200 230
2.22055 2.84189 6.53099 180 200 230
3.17176 -0.82682 0.46433 180 200 230
2.44467 -2.55937 5.22096 180 200 230
-0.02861 -3.44686 3.67880 180 200 230
3.47048 -1.14890 7.27236 180 200 230
-3.64807 -0.07803 7.16006 180 200 230
2.62317 -2.23338 3.53340 180 200 230
1.85871 3.04688 5.75272 180 200 230
1.38128 3.07513 2.16535 180 200 230
-3.54399 -0.27540 5.37793 180 200 230
-1.63117 2.85935 0.78250 180 200 230
-3.17296 1.43218 4.07041 180 200 230
0.99808 -3.19447 1.74504 180 200 230
3.49518 1.21898 8.01283 180 200 230
-0.63398 -3.42192 4.16399 180 200 230
3.01883 1.86902 5.47039 180 200 230
1.97407 -2.80878 3.39476 180 200 230
1.01251 3.24758 2.73466 180 200 230
-0.31688 -3.33852 1.93499 180 200 230
-3.11350 -2.02786 8.25523 180 200 230
-2.74797 2.40364 7.29419 180 200 230
-0.36480 3.29742 1.27785 180 200 230
3.39859 1.28323 6.83770 180 200 230
-2.10117 2.76650 3.92454 180 200 230
0.99768 3.10561 0.14884 180 200 230
2.31811 2.65997 4.91436 180 200 230
-0.23964 -3.31022 1.24718 180 200 230
0.78426 3.26803 2.00056 180 200 230
0.60686 3.56411 6.39598 180 200 230
-1.82729 2.86019 2.44089 180 200 230
-3.60129 0.86093 8.08547 180 200 230
-3.57865 -0.30910 6.05572 180 200 230
-1.87983 -3.15804 7.57593 180 200 230
-3.02329 -1.87949 5.68659 180 200 230
-3.66369 0.42350 7.88921 180 200 230
-2.70931 2.13060 3.40597 180 200 230
-0.35025 3.51955 5.09992 180 200 230
-0.87575 -3.40572 4.80302 180 200 230
-1.52772 3.38345 8.18653 180 200 230
1.95577 -2.70684 1.57705 180 200 230
-3.04356 -1.83009 5.35722 180 200 230
-2.42221 -2.71099 6.90460 180 200 230
-3.44094 -0.19024 3.48280 180 200 230
3.32509 -1.60168 7.87820 180 200 230
-3.04108 1.63236 3.50971 180 200 230
-3.00270 1.48346 1.65592 180 200 230
2.77639 -2.20961 5.41069 180 200 230
-2.74375 -2.12570 3.94327 180 200 230
-3.09930 1.02538 0.14669 180 200 230
-0.25069 3.27716 0.67306 180 200 230
0.10420 3.34534 1.86338 180 200 230
1.15478 -3.44799 7.03399 180 200 230
-0.68021 3.63194 8.08719 180 200 230
3.52703 0.12721 5.06904 180 200 230
3.27797 0.40282 1.01459 180 200 230
3.49872 -0.47771 4.96846 180 200 230
-3.42353 -1.35144 7.77606 180 200 230
-3.62886 0.25064 6.86139 180 200 230
2.95514 -1.67634 2.75679 180 200 230
-1.97640 2.66050 1.18881 180 200 230
1.03330 -3.55683 8.16048 180 200 230
-0.64935 -3.62767 7.76279 180 200 230
-3.25055 0.47103 0.51801 180 200 230
0.56482 -3.62031 7.50240 180 200 230
3.23074 -0.70558 0.93447 180 200 230
1.00029 3.11903 0.61065 180 200 230
3.61795 0.39964 6.94060 180 200 230
1.52791 -3.17142 4.98601 180 200 230
-2.85112 1.97484 3.88856 180 200 230
-3.56703 -1.02181 8.18724 180 200 230
0.63333 3.62374 7.63613 180 200 230
1.78454 -2.74335 0.55632 180 200 230
-0.64129 -3.50594 5.69431 180 200 230
3.49037 -1.05301 7.05894 180 200 230
-3.49476 0.54785 5.11196 180 200 230
3.70293 -0.54922 8.85702 180 200 230
-3.58117 -0.24464 6.30978 180 200 230
-2.39369 -2.28841 1.00049 180 200 230
-1.54269 -2.98710 1.89101 180 200 230
-3.66126 0.23563 7.52429 180 200 230
-3.46167 -1.44102 8.97269 180 200 230
0.55172 3.25866 0.94535 180 200 230
-2.14807 2.51946 0.96407 180 200 230
-1.08113 -3.47486 6.98223 180 200 230
3.18548 0.79636 0.62050 180 200 230
-1.00812 -3.13029 0.66067 180 200 230
-1.22575 3.48862 8.05951 180 200 230
-0.49998 3.62134 7.30243 180 200 230
-1.28129 -3.45560 7.99818 180 200 230
0.78343 3.49918 5.99739 180 200 230
3.32633 -0.81665 3.04646 180 200 230
3.70475 -0.21722 8.20811 180 200 230
-3.29425 0.88786 2.82675 180 200 230
-2.76416 1.97089 2.61204 180 200 230
3.25071 1.76158 8.03888 180 200 230
0.63564 -3.54742 6.26311 180 200 230
1.93158 3.16203 8.11764 180 200 230
3.04908 -1.36410 1.49160 180 200 230
3.71781 -0.22001 8.59828 180 200 230
2.55888 2.47691 5.66482 180 200 230
-1.46696 -3.27669 6.15148 180 200 230
-3.62071 0.78566 8.27447 180 200 230
-3.32794 -0.88006 3.58115 180 200 230
1.54969 3.27054 6.60170 180 200 230
-0.59291 -3.53079 5.90793 180 200 230
1.82649 3.16110 7.19287 180 200 230
2.78254 -2.44384 8.12860 180 200 230
-3.44121 1.02385 6.25717 180 200 230
-2.17367 -2.46143 0.65208 180 200 230
2.94981 -1.57871 1.74899 180 200 230
-0.28228 -3.71800 8.61229 180 200 230
-3.60594 -0.94635 8.73655 180 200 230
-3.05420 2.14144 8.72597 180 200 230
-3.17554 0.77008 0.35571 180 200 230
-1.88189 2.89759 3.59597 180 200 230
3.43145 -1.20664 6.95005 180 200 230
-0.06532 3.63736 6.89102 180 200 230
-2.77506 1.77714 0.82685 180 200 230
0.62856 -3.50723 5.63587 180 200 230
-2.19085 2.50585 1.36859 180 200 230
2.65220 -2.29094 4.59957 180 200 230
0.14679 3.37028 2.27890 180 200 230
3.20783 0.64006 0.51342 180 200 230
-2.27079 -2.38043 0.77066 180 200 230
-3.70737 -0.19243 8.24707 180 200 230
3.31833 -1.48430 6.81947 180 200 230
-3.28935 1.72492 8.42509 180 200 230
2.29513 2.62286 4.39101 180 200 230
-1.66684 3.04348 3.87701 180 200 230
-2.69265 2.13751 3.37634 180 200 230
-3.08506 -1.77596 5.69650 180 200 230
-0.52418 3.37813 3.31444 180 200 230
-3.44523 -1.12693 6.83421 180 200 230
3.06073 -1.99553 7.31004 180 200 230
-3.27067 1.69949 7.94923 180 200 230
-1.96062 -2.75529 2.30759 180 200 230
0.46511 3.48743 4.90285 180 200 230
1.06751 -3.19459 2.12702 180 200 230
-0.40461 3.25697 0.36222 180 200 230
-3.16708 -1.73601 6.49938 180 200 230
-1.09688 3.35808 5.09873 180 200 230
3.29874 1.48700 6.63975 180 200 230
-1.39882 2.98907 0.84301 180 200 230
0.88632 3.64440 8.96226 180 200 230
2.92320 -2.33669 8.95279 180 200 230
-0.35373 3.47139 4.34564 180 200 230
3.63617 -0.58943 7.86554 180 200 230
-3.37329 0.16236 2.31502 180 200 230
0.65715 3.57468 6.75783 180 200 230
-2.86784 2.33197 7.97759 180 200 230
1.48745 3.34640 7.42484 180 200 230
1.84064 -3.17195 7.39959 180 200 230
2.54556 2.38952 4.32767 180 200 230
2.56176 -2.60960 7.47104 180 200 230
3.46183 1.02742 6.34944 180 200 230
-1.01809 3.15981 1.27002 180 200 230
2.10509 2.54093 1.09706 180 200 230
-1.43768 -3.33754 7.05660 180 200 230
-3.56586 -0.27662 5.77664 180 200 230
3.25874 -1.30589 4.83465 180 200 230
-2.47618 2.76702 8.21608 180 200 230
3.47107 0.90865 6.07726 180 200 230
0.25326 -3.45102 3.72102 180 200 230
-3.04114 -1.65948 3.88315 180 200 230
1.66625 -3.15009 5.59819 180 200 230
-3.25320 1.62838 6.95526 180 200 230
-0.26269 -3.53092 5.23561 180 200 230
1.66935 3.08530 4.73940 180 200 230
3.62208 -0.01077 6.66550 180 200 230
1.66193 3.19429 6.47758 180 200 230
1.76623 -3.22231 7.55929 180 200 230
0.76799 3.19344 0.60311 180 200 230
0.73755 -3.56058 6.90909 180 200 230
2.25388 -2.68123 4.78464 180 200 230
2.34621 -2.29832 0.71984 180 200 230
-3.55281 0.54628 6.24771 180 200 230
-3.26268 1.56513 6.57520 180 200 230
1.76674 -3.03985 4.87252 180 200 230
-3.21751 -1.75542 7.24439 180 200 230
-2.46446 -2.35177 2.84118 180 200 230
0.29306 3.33905 1.92555 180 200 230
-3.23816 1.13929 3.30606 180 200 230
-2.35912 2.52970 3.84806 180 200 230
-1.82598 -3.10185 6.39593 180 200 230
1.21498 3.47603 7.68937 180 200 230
-3.00360 2.02056 6.61338 180 200 230
1.94449 -2.72170 1.66257 180 200 230
-3.30214 -0.99198 3.44753 180 200 230
2.64982 -2.02771 1.51562 180 200 230
0.39393 3.57386 6.31538 180 200 230
-3.14610 1.24784 2.35765 180 200 230
-3.51592 -0.00919 4.88831 180 200 230
-2.95987 2.13439 7.22825 180 200 230
-1.43741 -3.29287 6.17686 180 200 230
2.02418 2.73943 2.82382 180 200 230
-3.39026 -0.41532 3.14237 180 200 230
2.30303 2.74057 6.02286 180 200 230
-2.43173 -2.56350 5.10304 180 200 230
1.59354 -2.88797 0.92710 180 200 230
3.66721 0.46321 7.93279 180 200 230
-3.39355 0.94130 4.77328 180 200 230
-3.48635 0.15994 4.42122 180 200 230
-0.62348 -3.29702 1.89270 180 200 230
3.08112 1.56308 3.54600 180 200 230
-2.84409 1.90629 3.14153 180 200 230
0.74964 -3.30671 2.56782 180 200 230
-3.47458 -0.71146 5.26252 180 200 230
-0.00337 -3.48868 4.32101 180 200 230
-2.43235 2.79381 8.06240 180 200 230
3.26046 -1.79011 8.50564 180 200 230
2.97428 1.57110 2.09001 180 200 230
2.77950 1.79258 0.96212 180 200 230
-3.59066 -0.64962 7.17206 180 200 230
-3.68534 0.68326 8.95679 180 200 230
-2.37051 -2.80992 7.84488 180 200 230
0.42789 3.23278 0.22933 180 200 230
0.50820 3.34856 2.38640 180 200 230
-0.01829 -3.26929 0.41881 180 200 230
-0.95178 3.54330 7.47718 180 200 230
-0.50489 -3.51454 5.38706 180 200 230
-2.22834 -2.71809 4.78360 180 200 230
3.06818 1.77125 5.14706 180 200 230
-0.81768 -3.28116 2.39779 180 200 230
2.58617 -2.44343 5.56651 180 200 230
1.32778 -2.98328 0.29654 180 200 230
3.57585 0.19931 5.95793 180 200 230
-3.51542 -0.89587 6.73090 180 200 230
3.06809 -1.85800 6.19555 180 200 230
-2.78976 -1.99295 3.13474 180 200 230
-0.91956 3.55124 7.52446 180 200 230
1.23515 3.40019 6.56656 180 200 230
-1.32363 -3.05597 1.22989 180 200 230
0.44616 -3.32104 1.86191 180 200 230
3.04537 -1.86397 5.87992 180 200 230
2.82334 -1.90021 2.74085 180 200 230
-1.76382 2.80733 1.14625 180 200 230
-2.65092 -2.02646 1.48296 180 200 230
2.67948 1.98611 1.58392 180 200 230
2.89617 1.95397 4.46105 180 200 230
3.20203 1.54301 5.61770 180 200 230
2.99326 -1.47469 1.68584 180 200 230
2.07775 2.95367 6.54027 180 200 230
-3.37644 0.37649 2.66308 180 200 230
-3.12565 1.39777 2.94499 180 200 230
-1.52099 2.99575 2.12800 180 200 230
-3.54797 -0.85723 7.17086 180 200 230
3.72700 0.06536 8.66179 180 200 230
-2.55822 2.39782 4.59308 180 200 230
-3.24229 0.42318 0.40612 180 200 230
1.11512 -3.20407 2.47295 180 200 230
-1.01261 -3.18191 1.51204 180 200 230
2.15585 -2.97663 7.66605 180 200 230
-2.35423 2.31614 0.81633 180 200 230
2.36634 2.89378 8.71760 180 200 230
-2.89372 2.07320 5.44979 180 200 230
3.42321 -0.80912 4.81957 180 200 230
0.81856 3.59070 7.70507 180 200 230
1.48491 2.90326 0.26661 180 200 230
3.41981 -1.24732 7.10162 180 200 230
3.15993 -1.02841 1.11885 180 200 230
2.17110 2.95833 7.64932 180 200 230
0.42932 -3.49499 4.92201 180 200 230
-2.95949 1.39848 0.59004 180 200 230
-3.66275 0.17929 7.58465 180 200 230
-3.25960 0.02687 0.26442 180 200 230
3.25498 -0.65551 1.32629 180 200 230
1.45909 3.35215 7.27972 180 200 230
0.50457 -3.45743 4.34421 180 200 230
3.68686 0.13150 7.99648 180 200 230
-2.46777 -2.58234 5.86501 180 200 230
-2.05260 -2.92751 5.75958 180 200 230
0.07945 -3.41131 2.76652 180 200 230
2.97388 -1.49269 1.28129 180 200 230
0.08972 -3.72254 8.67351 180 200 230
-0.37079 -3.29106 1.00673 180 200 230
-0.08406 3.53161 4.91989 180 200 230
3.38170 -0.15224 2.58519 180 200 230
-3.32800 0.66940 2.50614 180 200 230
-3.08908 1.76327 5.50393 180 200 230
-3.65260 -0.04309 7.28084 180 200 230
-2.86687 2.25112 7.10158 180 200 230
-3.06997 -2.04815 7.88866 180 200 230
-1.99774 2.76334 2.77285 180 200 230
0.22081 3.49034 4.35200 180 200 230
2.92077 -1.41963 0.09082 180 200 230
3.26017 -1.58881 6.83919 180 200 230
-3.40843 0.08042 2.86044 180 200 230
3.44745 -0.83574 5.20972 180 200 230
-2.87069 1.68031 1.61928 180 200 230
-2.78257 2.38020 7.46568 180 200 230
3.16903 -1.82329 7.44765 180 200 230
-2.47326 -2.73242 7.96301 180 200 230
0.25767 -3.26943 0.44328 180 200 230
-3.19513 1.95125 8.93677 180 200 230
-2.81014 1.85854 2.35483 180 200 230
2.95499 1.70533 2.92600 180 200 230
3.31798 -0.70358 2.36812 180 200 230
0.46687 3.34960 2.53846 180 200 230
-3.53545 0.12741 5.13135 180 200 230
2.54421 2.23198 2.27946 180 200 230
-2.08410 -2.75600 3.69958 180 200 230
-2.78280 2.27646 6.04176 180 200 230
0.40637 -3.64682 7.60846 180 200 230
-3.55373 -0.64046 6.36730 180 200 230
2.44662 2.58837 5.50132 180 200 230
3.32086 0.22445 1.41473 180 200 230
0.85457 3.55447 7.43769 180 200 230
-0.52400 -3.22269 0.36045 180 200 230
1.59945 -2.97485 2.50756 180 200 230
-1.78261 2.75753 0.55028 180 200 230
-3.50265 -0.80434 6.14594 180 200 230
0.21590 3.43626 3.46757 180 200 230
2.61896 -2.44568 6.01106 180 200 230
3.35672 -0.74573 3.27165 180 200 230
0.06443 -3.48767 4.26185 180 200 230
2.95557 1.84679 4.28214 180 200 230
-3.02287 1.26061 0.44009 180 200 230
3.47797 -0.20772 4.03044 180 200 230
0.46264 3.55168 5.91424 180 200 230
-1.69135 -3.09827 5.07269 180 200 230
3.04797 -1.23871 0.72519 180 200 230
0.52213 -3.55594 6.15144 180 200 230
-2.64307 -2.15484 2.92080 180 200 230
-3.25233 -0.13710 0.13988 180 200 230
3.00484 -1.44141 1.48913 180 200 230
-2.77401 2.15919 4.63818 180 200 230
2.78034 -1.98636 2.93467 180 200 230
-3.26973 1.51228 6.38216 180 200 230
0.13902 -3.37858 2.28751 180 200 230
3.14351 -1.84009 7.06371 180 200 230
-3.23168 -1.06449 2.71359 180 200 230
-1.31168 3.32025 5.73629 180 200 230
3.45914 1.14770 7.29239 180 200 230
1.25006 -3.20070 3.62548 180 200 230
-2.35976 -2.27272 0.45184 180 200 230
-0.28839 3.51047 4.97815 180 200 230
2.68411 -2.60398 8.96188 180 200 230
3.27326 -1.79139 8.73926 180 200 230
2.55913 -2.19500 2.10411 180 200 230
-2.92106 -2.16514 6.91557 180 200 230
3.39746 -0.50355 3.25272 180 200 230
2.35705 -2.36281 1.53319 180 200 230
2.84378 2.18477 6.13304 180 200 230
3.48850 -0.41609 4.66809 180 200 230
-3.36661 -1.06603 5.01155 180 200 230
3.21467 -1.76634 7.53422 180 200 230
0.22250 -3.41949 3.17567 180 200 230
-2.15745 -2.87596 6.14292 180 200 230
-1.59283 3.04653 3.44786 180 200 230
3.23119 0.55411 0.41234 180 200 230
-0.57690 3.40179 3.55562 180 200 230
-1.46237 -3.42771 8.57898 180 200 230
2.28869 -2.65884 4.50965 180 200 230
3.30094 0.04867 1.04012 180 200 230
0.93936 3.47433 6.32486 180 200 230
-1.73336 -3.30218 8.69187 180 200 230
-0.77793 3.62607 8.22216 180 200 230
2.23379 2.75979 5.30291 180 200 230
2.99564 1.69464 3.54020 180 200 230
-2.30910 -2.71668 5.37974 180 200 230
-3.02875 -2.05444 7.43588 180 200 230
2.32502 -2.86084 7.82405 180 200 230
-1.45192 3.36459 7.46074 180 200 230
2.27753 2.64029 4.25953 180 200 230
1.00595 -3.15284 1.14110 180 200 230
3.53881 -0.26317 5.27817 180 200 230
-2.12819 2.55976 1.49724 180 200 230
2.17041 -2.45097 0.58836 180 200 230
0.27581 -3.49178 4.64886 180 200 230
3.05251 -1.89480 6.03985 180 200 230
-3.27900 1.68705 7.76317 180 200 230
2.92500 2.16190 7.15104 180 200 230
2.71351 2.49592 7.78975 180 200 230
0.30039 -3.61395 6.95411 180 200 230
2.35799 -2.73180 6.45941 180 200 230
-3.13164 0.86695 0.09851 180 200 230
3.32814 1.30733 5.78233 180 200 230
3.02990 1.34990 1.15616 180 200 230
-2.67558 -1.90820 0.56561 180 200 230
2.90559 -1.63023 1.49693 180 200 230
-2.95993 2.16237 7.49902 180 200 230
-2.11695 -2.93773 6.81332 180 200 230
-3.59201 -0.97073 8.56859 180 200 230
2.88187 -2.39148 8.82291 180 200 230
1.83177 -3.21671 8.09745 180 200 230
1.03927 3.15454 1.27445 180 200 230
-1.62648 -3.32234 7.97022 180 200 230
2.10885 -3.00047 7.63102 180 200 230
3.34394 -1.56714 7.90809 180 200 230
-2.80803 -1.78023 1.45249 180 200 230
1.49014 2.96643 1.12083 180 200 230
-3.47096 -1.32984 8.35678 180 200 230
-1.68897 -2.88972 1.66093 180 200 230
-0.48436 3.40499 3.47008 180 200 230
3.44758 -0.59051 4.26353 180 200 230
0.43086 3.29828 1.19340 180 200 230
2.77000 -1.72505 0.19953 180 200 230
-3.34598 1.70008 8.95002 180 200 230
3.69046 0.01285 7.95593 180 200 230
-3.56642 -0.99469 8.25993 180 200 230
-2.35661 -2.45599 2.69573 180 200 230
2.29152 -2.45986 2.09601 180 200 230
-3.36593 -0.87693 3.99110 180 200 230
2.89785 1.94629 4.23976 180 200 230
2.91615 -1.44424 0.05418 180 200 230
-3.34329 -1.45563 7.11948 180 200 230
-0.50623 3.71909 8.97172 180 200 230
2.83650 -2.09208 4.91747 180 200 230
2.50187 2.37658 3.64941 180 200 230
2.82075 1.98200 3.69070 180 200 230
-3.22645 -0.72139 0.92365 180 200 230
-2.40033 -2.39685 2.52512 180 200 230
-3.51539 -0.24245 4.67889 180 200 230
3.13419 -1.49916 4.04573 180 200 230
-0.28428 3.52136 5.06342 180 200 230
3.67359 -0.22568 7.71993 180 200 230
3.34746 0.40899 2.14365 180 200 230
2.39692 2.20966 0.26779 180 200 230
1.28596 3.00667 0.36935 180 200 230
2.91850 1.59434 1.28603 180 200 230
-3.27868 1.34078 5.29020 180 200 230
2.42903 -2.74224 7.36883 180 200 230
1.59017 -3.33785 8.04235 180 200 230
-0.11784 -3.57573 5.86190 180 200 230
3.46227 0.16130 3.78463 180 200 230
2.21391 -2.48884 1.47897 180 200 230
-2.74754 2.09006 3.76964 180 200 230
-0.39405 -3.40023 3.13780 180 200 230
-0.53250 -3.64604 7.89947 180 200 230
1.53571 3.13582 4.54176 180 200 230
-3.35332 -0.32538 2.15278 180 200 230
3.04343 -1.52237 2.73515 180 200 230
-0.27253 3.31659 1.30780 180 200 230
-0.80783 -3.61701 8.31293 180 200 230
3.16425 -0.85388 0.48592 180 200 230
-2.08958 2.50556 0.12406 180 200 230
-2.54478 2.16976 1.74764 180 200 230
-3.50183 1.07580 7.39204 180 200 230
1.27913 -3.28857 4.87038 180 200 230
-3.30578 1.32607 5.78081 180 200 230
-3.42576 0.29679 3.37009 180 200 230
0.56981 3.24290 0.66158 180 200 230
3.67065 -0.26928 7.78081 180 200 230
2.61927 -2.10238 1.83085 180 200 230
-2.64315 -1.92682 0.31937 180 200 230
3.44526 -0.87168 5.30936 180 200 230
-1.27149 -3.04245 0.80161 180 200 230
3.20173 -0.84127 0.92039 180 200 230
1.92971 3.10660 7.30172 180 200 230
0.53726 3.45640 4.58552 180 200 230
2.53372 -2.22862 2.29590 180 200 230
-3.01115 1.65849 3.28639 180 200 230
-2.50162 2.62542 6.68568 180 200 230
0.08944 -3.28277 0.63971 180 200 230
-2.26851 -2.42565 1.11778 180 200 230
-1.98641 2.95990 5.69582 180 200 230
-2.85506 2.13354 5.61349 180 200 230
-3.13668 2.03557 8.76816 180 200 230
2.41141 2.45210 3.52447 180 200 230
0.42076 3.25724 0.62742 180 200 230
-3.44152 -0.82693 4.99593 180 200 230
0.70969 -3.50145 5.89075 180 200 230
-2.90622 1.62041 1.33760 180 200 230
-2.62316 2.36132 5.13361 180 200 230
-1.96037 -2.71670 1.88666 180 200 230
2.01953 3.06410 7.68327 180 200 230
-2.69223 2.50439 7.60059 180 200 230
0.90207 3.34997 4.02583 180 200 230
-2.16735 -3.04893 8.71971 180 200 230
2.84439 2.42514 8.83003 180 200 230
-3.14271 1.06887 1.23957 180 200 230
-2.83431 -1.95712 3.46147 180 200 230
1.78187 -3.07102 5.55523 180 200 230
-0.52485 -3.25433 0.81652 180 200 230
3.23160 -1.21270 3.59806 180 200 230
-1.44719 -3.06934 2.47853 180 200 230
-2.17282 3.02288 8.59628 180 200 230
0.39650 3.43767 3.86198 180 200 230
3.41318 1.26729 6.97591 180 200 230
-0.59658 3.40717 3.63473 180 200 230
2.16469 2.51363 1.26407 180 200 230
-2.50564 2.69442 7.84086 180 200 230
-0.95371 -3.10550 0.00413 180 200 230
-1.16657 -3.06011 0.53999 180 200 230
-1.42981 3.13164 3.43100 180 200 230
-3.59034 -0.19312 6.31691 180 200 230
0.71174 3.35935 3.22284 180 200 230
-3.28600 -0.06147 0.63917 180 200 230
-3.41501 -0.21662 3.00322 180 200 230
-1.06659 3.19385 2.32878 180 200 230
-0.19287 3.23840 0.05299 180 200 230
3.50363 -0.45213 4.97180 180 200 230
-3.21902 -0.76477 1.12005 180 200 230
-3.13906 -1.29047 2.72353 180 200 230
3.57334 0.17513 5.91558 180 200 230
1.50361 3.29368 6.65000 180 200 230
-2.10377 2.65583 2.50011 180 200 230
3.34706 -0.72653 3.10795 180 200 230
1.53082 3.01571 2.34598 180 200 230
-1.22611 3.52402 8.63681 180 200 230
3.35133 -0.20753 1.81794 180 200 230
-3.32356 0.39636 1.74929 180 200 230
-1.45063 3.16454 4.16515 180 200 230
-2.22842 -2.50721 1.80669 180 200 230
-3.33517 0.07750 1.49949 180 200 230
3.17959 -0.87093 0.92228 180 200 230
3.09992 1.78615 5.90658 180 200 230
0.89886 -3.45144 5.65868 180 200 230
-0.65064 3.52048 5.99462 180 200 230
1.26885 -3.41167 7.06822 180 200 230
1.96709 -2.79067 3.08236 180 200 230
2.15861 -3.00179 8.31204 180 200 230
2.42374 -2.69085 6.72053 180 200 230
-0.72774 -3.58525 7.33908 180 200 230
2.26006 2.81753 6.61421 180 200 230
3.26294 1.10349 3.37642 180 200 230
-1.83222 2.85667 2.68206 180 200 230
-3.47295 0.10762 3.96081 180 200 230
-1.07257 3.12498 0.93289 180 200 230
-0.17108 -3.49121 4.22102 180 200 230
-0.56436 -3.22686 0.41650 180 200 230
3.19455 -0.56945 0.03863 180 200 230
-3.01996 2.17756 8.42182 180 200 230
0.80373 -3.51999 6.33747 180 200 230
-0.19513 -3.52538 5.21379 180 200 230
3.42337 -0.24240 3.21740 180 200 230
0.52455 -3.50923 5.29036 180 200 230
-0.77434 3.61601 8.08307 180 200 230
3.55558 0.34224 6.01462 180 200 230
3.48724 -0.70696 5.57398 180 200 230
-0.73760 -3.40719 4.30241 180 200 230
1.31808 -3.17610 3.25936 180 200 230
0.96782 -3.47384 6.41845 180 200 230
-0.33407 -3.72410 8.84016 180 200 230
0.03213 -3.46811 3.98156 180 200 230
3.12238 -1.48229 3.68520 180 200 230
2.97958 -1.78465 4.01183 180 200 230
-2.51624 2.38602 3.98875 180 200 230
3.67626 0.72433 8.92113 180 200 230
3.50176 0.86824 6.49043 180 200 230
-3.23432 1.12695 3.38420 180 200 230
1.75457 -2.96769 3.49605 180 200 230
2.00133 -2.84339 4.03602 180 200 230
-2.69807 1.84877 0.35469 180 200 230
-1.12176 3.33706 4.90985 180 200 230
-3.65741 -0.15179 7.39658 180 200 230
1.78063 -3.11981 6.08564 180 200 230
-2.19298 -2.53509 1.89272 180 200 230
2.31416 2.79041 6.67522 180 200 230
-2.33949 2.74849 6.60122 180 200 230
-3.18580 -1.15660 2.49151 180 200 230
-3.46714 -0.84997 5.75410 180 200 230
1.73174 -3.12051 5.64850 180 200 230
3.34162 -1.51711 7.64078 180 200 230
2.67897 1.95832 1.30454 180 200 230
0.53578 3.30314 1.85929 180 200 230
-2.72607 2.19366 4.53459 180 200 230
-0.94128 3.13678 0.42624 180 200 230
-2.89927 1.88392 3.89869 180 200 230
3.52888 0.92313 7.19708 180 200 230
3.04962 1.34280 1.42388 180 200 230
1.83874 -2.96442 4.29996 180 200 230
2.99414 2.25047 8.91399 180 200 230
1.57277 -3.13159 4.71405 180 200 230
-1.21945 3.28878 4.64549 180 200 230
-1.28645 3.29611 5.18611 180 200 230
2.69919 1.98050 1.77590 180 200 230
3.31751 0.27711 1.40934 180 200 230
-2.20839 2.83640 6.23315 180 200 230
1.76503 -2.96928 3.71789 180 200 230
2.97665 -1.63751 2.74573 180 200 230
3.02982 1.23465 0.30320 180 200 230
3.60232 0.70850 7.69453 180 200 230
1.77191 2.74612 0.31246 180 200 230
0.37196 -3.62145 6.86563 180 200 230
0.96637 3.31716 3.59176 180 200 230
0.42824 3.53449 5.54017 180 200 230
2.59148 -2.17302 2.35317 180 200 230
2.35532 -2.35683 1.48731 180 200 230
-1.69066 -3.08858 4.95978 180 200 230
1.85372 3.09059 6.39291 180 200 230
-2.46330 2.27994 1.86489 180 200 230
0.30177 3.46587 4.08648 180 200 230
-1.64345 -3.07332 4.16148 180 200 230
0.63011 -3.31095 2.05683 180 200 230
2.21997 2.75795 5.24184 180 200 230
2.66755 -1.99093 1.39770 180 200 230
-3.40914 0.81108 4.74850 180 200 230
0.92686 -3.18985 1.08865 180 200 230
3.31705 1.11564 4.53070 180 200 230
-2.18762 2.62481 2.94576 180 200 230
3.46794 0.32300 4.23047 180 200 230
-0.68333 -3.40566 4.06306 180 200 230
3.25338 1.77398 8.22222 180 200 230
-1.84223 2.97320 4.57044 180 200 230
0.72368 -3.57952 7.45846 180 200 230
-0.02192 -3.37503 2.14735 180 200 230
-2.18605 -2.65230 3.31823 180 200 230
-1.13196 -3.08446 0.72357 180 200 230
-2.01866 -2.82414 3.94487 180 200 230
-2.27000 -2.78919 6.15699 180 200 230
-2.15087 2.97396 7.62682 180 200 230
3.48835 0.62386 5.24938 180 200 230
-3.34641 1.28073 5.90541 180 200 230
3.20171 0.94022 1.69401 180 200 230
-3.21022 0.63609 0.35936 180 200 230
-3.56066 0.81756 7.22679 180 200 230
1.44985 3.01792 1.59666 180 200 230
0.70525 -3.22530 0.87691 180 200 230
-1.05521 -3.56584 8.47358 180 200 230
-3.47339 -1.36360 8.69296 180 200 230
3.19593 -1.60549 5.69512 180 200 230
-0.79788 3.35245 3.56156 180 200 230
-0.27751 3.66378 7.58421 180 200 230
1.36354 3.06787 1.95172 180 200 230
-3.34418 -0.95882 4.02314 180 200 230
0.95301 3.30797 3.36331 180 200 230
2.52011 -2.72124 8.26266 180 200 230
-1.24168 3.49641 8.32285 180 200 230
-3.57542 0.20396 6.00093 180 200 230
-3.24389 -0.60848 1.06414 180 200 230
-1.24036 3.27341 4.50042 180 200 230
-0.24571 -3.37098 2.33132 180 200 230
-1.31423 -3.44999 8.02649 180 200 230
0.22498 -3.30689 1.32691 180 200 230
-2.58015 -2.02538 0.52399 180 200 230
-3.49867 0.89404 6.46969 180 200 230
-3.30941 1.10024 4.23964 180 200 230
-0.76578 -3.58805 7.62860 180 200 230
-2.35731 2.29778 0.71881 180 200 230
-3.37476 1.40384 7.30788 180 200 230
1.69026 2.80436 0.36051 180 200 230
-1.39498 -2.94670 0.27170 180 200 230
3.09493 1.62439 4.31196 180 200 230
3.36859 -0.20105 2.10646 180 200 230
2.20167 2.79236 5.49627 180 200 230
-2.42215 2.19071 0.24958 180 200 230
0.25104 3.26327 0.34179 180 200 230
-0.91356 3.49798 6.66804 180 200 230
-1.47680 3.01676 2.00284 180 200 230
-0.70892 -3.51625 6.04936 180 200 230
1.61746 3.26261 6.86504 180 200 230
-0.28484 3.26341 0.57259 180 200 230
2.93588 2.16722 7.03695 180 200 230
-1.66057 2.95600 2.54626 180 200 230
3.22054 -1.24613 3.66105 180 200 230
-2.40890 2.25900 0.83345 180 200 230
0.62970 -3.62980 7.63004 180 200 230
-3.43916 0.84389 5.20323 180 200 230
-3.34218 1.09524 4.70205 180 200 230
1.67218 -3.33496 8.73560 180 200 230
3.37426 0.57405 3.15710 180 200 230
2.43954 -2.77110 8.07660 180 200 230
-3.59865 0.33542 6.60295 180 200 230
-2.20742 2.99343 8.39679 180 200 230
3.09046 -2.04859 8.22098 180 200 230
-2.00892 3.17175 8.92413 180 200 230
3.29776 -0.46517 1.26206 180 200 230
3.36470 -1.42211 7.26426 180 200 230
-0.41065 3.63109 7.33746 180 200 230
-1.93292 3.02045 5.94322 180 200 230
1.29576 -3.14681 2.64275 180 200 230
1.25201 3.51986 8.70649 180 200 230
-0.38042 -3.34020 1.94866 180 200 230
2.41737 2.54688 4.65655 180 200 230
0.96772 3.37883 4.85338 180 200 230
-3.32990 -0.01058 1.54836 180 200 230
-0.09361 -3.61673 6.62756 180 200 230
-0.21880 -3.28923 0.85513 180 200 230
-2.79344 -2.27925 6.37074 180 200 230
-0.50937 3.64258 7.71620 180 200 230
-2.95173 1.73620 3.29421 180 200 230
0.08565 3.60029 6.51392 180 200 230
-0.56376 3.28906 1.50006 180 200 230
-1.63137 3.29205 7.69351 180 200 230
-3.03049 -2.16843 8.59592 180 200 230
0.87637 3.21097 1.46185 180 200 230
3.47081 0.95114 6.36025 180 200 230
-1.24062 -3.28037 4.71310 180 200 230
3.49660 0.48210 4.94237 180 200 230
3.54860 -0.65881 6.48783 180 200 230
-2.06613 2.83309 4.55917 180 200 230
3.55940 0.14727 5.55461 180 200 230
2.52477 -2.23760 2.19663 180 200 230
-2.79505 -2.02548 3.56004 180 200 230
1.51483 -3.36105 7.85836 180 200 230
-3.04298 1.31625 1.05531 180 200 230
-2.16829 2.82521 5.53024 180 200 230
-1.88110 -2.77506 1.75944 180 200 230
-3.05079 2.04539 7.69864 180 200 230
-3.33037 -1.22765 5.36608 180 200 230
-0.60023 3.39847 3.78459 180 200 230
-1.68172 2.94212 2.37285 180 200 230
3.02111 1.71544 4.09116 180 200 230
0.73005 -3.65556 8.64313 180 200 230
-2.04064 2.85177 4.74351 180 200 230
3.45047 -0.54652 4.38603 180 200 230
-0.22234 3.62151 6.83402 180 200 230
-3.41478 0.53969 3.56470 180 200 230
-1.18866 3.26732 4.00535 180 200 230
-1.18159 -3.21373 3.17955 180 200 230
1.19112 -3.10107 1.44538 180 200 230
-3.59059 0.29369 6.55223 180 200 230
-2.47033 2.73455 7.92518 180 200 230
-0.12197 -3.69702 8.20263 180 200 230
1.32901 3.44847 7.99111 180 200 230
-2.82552 -2.03842 4.22621 180 200 230
-0.34917 -3.38163 2.69134 180 200 230
-0.43146 3.54615 5.88703 180 200 230
-2.08275 -3.09383 8.61840 180 200 230
-0.33493 -3.59774 6.66730 180 200 230
2.59431 2.35816 4.61427 180 200 230
-1.61499 3.22413 6.33309 180 200 230
-3.02766 2.02148 7.06158 180 200 230
0.60311 -3.66506 8.31830 180 200 230
-3.30648 -1.49306 6.98136 180 200 230
-3.29261 1.07987 4.05845 180 200 230
-1.42210 3.08364 2.59426 180 200 230
3.51294 0.08966 4.65916 180 200 230
3.39339 0.43345 3.09880 180 200 230
0.22400 3.72718 8.51690 180 200 230
2.60488 2.34615 4.73238 180 200 230
2.55144 2.38352 4.40934 180 200 230
-2.74227 -2.06542 3.28268 180 200 230
-2.82253 -2.20234 5.89970 180 200 230
3.37778 0.97609 4.84042 180 200 230
-2.75291 -1.84407 1.23798 180 200 230
2.24755 2.92850 7.89208 180 200 230
-2.46519 2.39718 3.38187 180 200 230
3.46611 -0.22498 4.05243 180 200 230
-3.32933 -0.46328 1.96040 180 200 230
3.45353 0.75348 5.13810 180 200 230
-2.07731 2.94948 6.44910 180 200 230
-1.76094 -3.24641 7.99435 180 200 230
0.52027 3.23196 0.49830 180 200 230
3.64019 -0.82691 8.77587 180 200 230
-3.21644 1.63139 6.46459 180 200 230
3.37000 0.44914 2.69349 180 200 230
-3.24076 -0.84439 1.94987 180 200 230
-1.52554 -3.05019 2.80238 180 200 230
-3.55141 1.00784 7.94789 180 200 230
3.05774 -1.48202 2.75947 180 200 230
2.85502 -2.02180 4.32542 180 200 230
2.31940 2.76667 6.48119 180 200 230
3.22811 1.77330 7.91638 180 200 230
-1.37175 3.32297 6.06790 180 200 230
-2.83148 -2.28698 6.89286 180 200 230
-2.68029 -1.98869 1.65674 180 200 230
-0.50035 3.65666 7.96234 180 200 230
3.23405 -1.02614 2.61408 180 200 230
-1.16637 3.09659 1.23185 180 200 230
1.24934 -3.52571 8.80007 180 200 230
1.65571 -2.92493 1.92252 180 200 230
2.70992 1.92845 1.30963 180 200 230
0.39072 3.54994 5.78185 180 200 230
0.74249 3.34057 3.01267 180 200 230
2.90177 -1.60355 1.27881 180 200 230
-2.11725 2.87200 5.56135 180 200 230
1.87763 -3.10893 6.94438 180 200 230
-3.61417 0.50238 7.24010 180 200 230
-3.21024 0.88432 1.48850 180 200 230
2.90300 -2.01526 5.16915 180 200 230
-3.41154 1.32842 7.41637 180 200 230
-0.10784 -3.33271 1.54107 180 200 230
-2.98834 1.53739 1.97940 180 200 230
2.60445 1.93939 0.02359 180 200 230
3.32784 1.15329 4.88122 180 200 230
0.86835 3.23317 1.85773 180 200 230
-0.62805 -3.56783 6.64226 180 200 230
-2.61919 2.66401 8.68165 180 200 230
-3.22176 0.95563 1.98949 180 200 230
2.87068 2.13783 5.98526 180 200 230
-2.40763 -2.34898 2.01826 180 200 230
1.07276 -3.07341 0.17451 180 200 230
-2.57598 -2.56574 6.94042 180 200 230
3.45886 -0.33542 4.06530 180 200 230
3.71853 0.38315 8.55079 180 200 230
3.50280 0.34599 4.96789 180 200 230
-3.32040 -0.00012 1.50770 180 200 230
-0.35820 3.46211 4.20818 180 200 230
-1.30078 -3.08596 1.93498 180 200 230
0.98930 -3.55389 7.96775 180 200 230
2.87685 2.15819 6.35199 180 200 230
2.97274 -1.69963 3.21909 180 200 230
3.45546 0.65743 4.91006 180 200 230
-1.35771 -3.33120 6.16379 180 200 230
-2.72809 2.42039 7.15068 180 200 230
-1.63524 -2.86433 0.77142 180 200 230
2.66745 1.87813 0.21784 180 200 230
3.05994 -1.27693 1.09873 180 200 230
3.19091 -1.32387 3.71082 180 200 230
-3.47426 -0.42562 4.36048 180 200 230
-3.31899 -0.20012 1.30787 180 200 230
-2.29155 -2.59295 3.85804 180 200 230
-3.05125 -1.67916 4.13409 180 200 230
-3.18529 -0.89395 1.04794 180 200 230
-3.14243 -1.97192 8.29633 180 200 230
2.24459 -2.76129 5.54434 180 200 230
-2.64855 -2.22114 3.65162 180 200 230
1.16890 3.30094 4.72307 180 200 230
2.92598 -1.75752 2.97001 180 200 230
0.78210 3.60085 7.76489 180 200 230
1.80266 3.05520 5.33031 180 200 230
3.50015 -0.06471 4.61498 180 200 230
0.84218 3.59914 8.24790 180 200 230
2.97761 2.16603 7.62455 180 200 230
-3.38633 -1.39040 7.40883 180 200 230
1.57438 -2.98738 2.14685 180 200 230
3.09535 1.24246 1.46553 180 200 230
-3.59156 0.22360 6.34480 180 200 230
3.16329 1.45233 4.37907 180 200 230
-3.24202 1.55827 6.28886 180 200 230
-2.02426 3.02088 6.95840 180 200 230
2.21906 2.58596 2.79535 180 200 230
3.08044 -1.42548 2.69707 180 200 230
-2.31992 -2.62767 4.57810 180 200 230
1.87383 -2.83102 2.59377 180 200 230
2.98638 -2.00374 6.14462 180 200 230
3.28483 -1.54105 6.83799 180 200 230
-0.04143 -3.49691 4.40888 180 200 230
-1.26792 3.39096 6.63853 180 200 230
1.67433 -3.09457 4.75390 180 200 230
-3.58045 -0.45650 6.54365 180 200 230
-0.45487 3.32264 2.14212 180 200 230
-2.73070 2.38394 6.76949 180 200 230
-1.14301 3.42792 6.56312 180 200 230
-3.30872 0.71335 2.52967 180 200 230
0.69036 -3.46101 5.16140 180 200 230
-3.66237 0.34928 7.77363 180 200 230
-0.37860 3.35985 2.37046 180 200 230
3.09212 1.89227 6.74452 180 200 230
2.29213 -2.92619 8.61284 180 200 230
-3.19358 1.82508 7.86741 180 200 230
-3.23694 1.23658 3.76985 180 200 230
0.30664 -3.54781 5.61576 180 200 230
2.19672 -3.03447 8.93083 180 200 230
-3.52756 -0.24742 5.27229 180 200 230
-2.23060 -2.44732 1.10446 180 200 230
0.22278 3.26490 0.43879 180 200 230
3.34836 -1.44727 7.21521 180 200 230
-3.15270 -1.43356 3.97155 180 200 230
-0.64082 -3.31457 2.34542 180 200 230
2.59307 2.26341 3.27736 180 200 230
-2.36965 -2.75415 6.93030 180 200 230
-2.37596 2.56383 4.34754 180 200 230
-3.50713 1.13800 7.88626 180 200 230
-1.49777 -3.29850 6.73547 180 200 230
1.07182 -3.57757 8.78154 180 200 230
-2.16538 3.00552 8.05647 180 200 230
2.36770 -2.42075 2.41711 180 200 230
0.69378 3.51562 6.07284 180 200 230
-3.00786 -1.25472 0.19888 180 200 230
2.18071 3.05224 8.92496 180 200 230
-0.82353 3.27139 2.47809 180 200 230
2.84369 -2.19404 6.12288 180 200 230
3.67191 0.26710 7.72062 180 200 230
2.87409 -1.68487 1.53534 180 200 230
-1.73996 3.24165 7.70981 180 200 230
-1.08864 -3.07190 0.11843 180 200 230
2.91269 1.89286 4.13781 180 200 230
-2.20883 -2.71387 4.40875 180 200 230
2.90416 -1.85685 3.51982 180 200 230
-3.33952 -1.20709 5.43134 180 200 230
-2.40311 2.82726 8.28082 180 200 230
0.92613 -3.29749 3.08759 180 200 230
-0.82611 -3.46261 5.36743 180 200 230
2.73024 2.49037 7.96255 180 200 230
-1.84240 -3.14691 7.06521 180 200 230
-1.67209 -2.81345 0.39342 180 200 230
0.04506 -3.73243 8.51719 180 200 230
-1.32234 2.98819 0.45079 180 200 230
-2.88398 2.06016 5.45282 180 200 230
3.43584 -0.88130 5.33334 180 200 230
-3.27010 -1.62646 7.18099 180 200 230
-3.31138 -0.17712 1.42220 180 200 230
3.33376 -0.27608 1.71342 180 200 230
0.46517 3.60166 6.88460 180 200 230
-2.67103 1.99402 1.43132 180 200 230
0.21695 -3.48905 4.38550 180 200 230
-0.83031 -3.51689 6.70739 180 200 230
3.50013 -0.74319 6.00424 180 200 230
-1.89936 -2.76857 2.00704 180 200 230
-1.31804 3.14870 2.87520 180 200 230
-2.99085 2.24113 8.73878 180 200 230
2.94173 1.85944 4.19820 180 200 230
2.90562 -1.51004 0.42928 180 200 230
2.32110 2.43064 2.09121 180 200 230
-3.29882 -0.97423 3.22926 180 200 230
-3.05516 2.17904 8.99555 180 200 230
2.26953 2.54910 2.86347 180 200 230
-0.87290 3.15244 0.25490 180 200 230
-2.35175 -2.61967 4.77612 180 200 230
3.23155 0.64283 0.80478 180 200 230
3.31626 -0.71965 2.59868 180 200 230
3.15718 -2.02886 8.93563 180 200 230
3.11158 1.82968 6.47160 180 200 230
2.21601 -2.40928 0.48924 180 200 230
-1.65524 3.07597 4.19763 180 200 230
3.04083 1.37309 1.64082 180 200 230
-1.14189 3.10347 1.18020 180 200 230
1.28628 -3.31632 5.43705 180 200 230
-1.76996 -3.02885 4.71147 180 200 230
0.26072 3.62082 6.80425 180 200 230
-0.71374 -3.63914 8.08872 180 200 230
-0.88357 -3.25559 2.34434 180 200 230
-0.16652 -3.70995 8.35001 180 200 230
-3.41088 -0.89078 4.82141 180 200 230
1.42300 -3.07678 2.45692 180 200 230
-2.31911 -2.85269 7.69198 180 200 230
2.31419 2.32583 0.34270 180 200 230
1.30771 -3.28745 5.19252 180 200 230
-1.61831 3.23783 6.61954 180 200 230
-0.94943 -3.27063 2.65299 180 200 230
-1.67279 -3.28977 7.84315 180 200 230
-1.73901 2.90240 2.28395 180 200 230
1.93361 3.11933 7.64152 180 200 230
-1.11803 -3.10287 0.75605 180 200 230
1.94417 -2.71074 1.53001 180 200 230
1.81366 -2.92932 3.58311 180 200 230
-2.57909 -2.62833 7.76267 180 200 230
0.47082 3.29442 1.38492 180 200 230
-1.49552 3.38510 7.94493 180 200 230
0.09807 -3.37191 2.18569 180 200 230
-2.94929 1.84955 4.23294 180 200 230
-0.37640 -3.40892 3.32464 180 200 230
-1.20886 3.08432 1.13394 180 200 230
3.71427 0.14753 8.53094 180 200 230
-2.76538 -2.10333 4.10327 180 200 230
-2.90133 -2.13357 6.34670 180 200 230
-2.46555 -2.54599 5.33274 180 200 230
-0.40058 3.49049 4.67571 180 200 230
1.33385 -3.30380 5.69872 180 200 230
-3.67849 0.29027 8.14129 180 200 230
0.27981 -3.58764 6.42558 180 200 230
-2.70055 -2.26552 4.95142 180 200 230
-3.09163 1.80042 5.95085 180 200 230
-1.52136 -3.21347 5.60885 180 200 230
-3.10554 -1.58180 4.05671 180 200 230
-3.56664 -0.24040 5.77054 180 200 230
-2.07109 -2.79706 4.15190 180 200 230
3.11893 1.86946 6.93223 180 200 230
3.15612 -1.99568 8.73843 180 200 230
-1.89781 3.20526 8.66237 180 200 230
0.58119 3.62423 7.47671 180 200 230
0.48651 -3.53019 5.56726 180 200 230
0.42627 3.59609 6.86103 180 200 230
3.34445 -0.08892 1.70091 180 200 230
-3.07238 1.67670 4.47178 180 200 230
-0.97725 3.23993 2.44296 180 200 230
3.01742 1.24021 0.03328 180 200 230
3.61595 0.97224 8.71946 180 200 230
3.04516 2.07342 7.84658 180 200 230
3.51287 0.11112 4.78343 180 200 230
-1.57501 2.99330 2.41363 180 200 230
-1.33510 3.34416 6.36992 180 200 230
-3.14210 1.47635 4.07273 180 200 230
0.39192 3.63856 7.32727 180 200 230
3.47120 1.44399 8.99541 180 200 230
3.10233 1.48762 3.29042 180 200 230
1.39899 3.08016 2.32250 180 200 230
-1.37283 3.08745 2.53723 180 200 230
1.96758 2.63752 0.89837 180 200 230
-2.29071 2.59443 3.70178 180 200 230
2.88497 -1.53401 0.16820 180 200 230
-0.24137 3.30499 1.09829 180 200 230
1.66373 2.95552 2.57670 180 200 230
-1.70512 -2.87396 1.52907 180 200 230
-3.62066 0.20768 6.71113 180 200 230
3.16714 0.96898 1.01444 180 200 230
0.86544 -3.57439 7.86532 180 200 230
-0.72777 -3.28912 2.10513 180 200 230
3.28313 -0.47150 1.04270 180 200 230
3.01635 -1.23154 0.09773 180 200 230
-3.12403 -1.82768 6.56349 180 200 230
-1.32459 -3.11566 2.43646 180 200 230
-2.96127 1.89218 4.74569 180 200 230
2.53497 -2.13857 1.07161 180 200 230
-3.53580 -1.21825 8.87656 180 200 230
-1.51429 2.94667 1.20311 180 200 230
3.45617 0.20636 3.86498 180 200 230
-3.15054 -1.90217 7.74213 180 200 230
-3.32830 -0.53646 2.32768 180 200 230
1.28668 -3.14104 2.53254 180 200 230
1.41065 3.37584 7.37180 180 200 230
1.35747 -3.11535 2.59164 180 200 230
3.22603 0.31075 0.02841 180 200 230
-2.96681 -1.81328 4.00979 180 200 230
-2.60171 1.97002 0.12100 180 200 230
-1.81821 3.23375 8.23783 180 200 230
-3.26932 1.45652 5.92100 180 200 230
0.58708 3.50558 5.40115 180 200 230
1.36613 3.07318 1.92193 180 200 230
1.22508 -3.39563 6.43050 180 200 230
0.50135 3.56413 6.23203 180 200 230
-0.26906 -3.27965 0.58267 180 200 230
-0.88895 -3.58933 7.99137 180 200 230
3.46654 0.73836 5.36966 180 200 230
2.68352 -2.48618 7.23326 180 200 230
0.82926 -3.28494 2.49507 180 200 230
0.94625 -3.17732 1.17119 180 200 230
1.31149 -3.36228 6.45247 180 200 230
-3.17631 -1.81314 7.24555 180 200 230
3.45735 -0.14387 3.62851 180 200 230
1.40496 2.94488 0.22918 180 200 230
3.29998 1.61243 7.45519 180 200 230
-0.95426 -3.22160 1.96449 180 200 230
-0.93620 3.30464 3.19817 180 200 230
-2.77838 -2.24700 5.80130 180 200 230
-2.56576 2.07678 0.96104 180 200 230
-1.65249 2.85429 0.69316 180 200 230
2.55445 -2.02685 0.24876 180 200 230
2.32646 2.88688 8.29629 180 200 230
1.27447 3.15995 2.94429 180 200 230
-1.77422 -3.12608 6.08631 180 200 230
0.76329 -3.67403 8.90910 180 200 230
1.77522 -3.12531 6.16370 180 200 230
0.41552 3.49186 4.88566 180 200 230
2.59722 -2.37485 4.84803 180 200 230
-2.66097 -2.18872 3.54583 180 200 230
1.57757 -3.18377 5.55027 180 200 230
3.38804 1.55603 8.65309 180 200 230
-2.27269 2.85901 7.19531 180 200 230
-3.42567 -0.53957 3.97675 180 200 230
-3.03305 -1.59269 3.13791 180 200 230
2.99493 2.14937 8.01496 180 200 230
-3.23292 -0.80108 1.30113 180 200 230
-1.86216 -3.17081 7.72457 180 200 230
-2.18623 2.58942 2.42190 180 200 230
-3.61576 -0.01679 6.56740 180 200 230
-0.96737 3.53032 7.35203 180 200 230
2.39827 -2.53787 4.45398 180 200 230
-2.71848 -1.95446 1.83511 180 200 230
-3.48419 -1.16299 7.68341 180 200 230
3.23409 -1.17912 3.45969 180 200 230
-1.74470 -2.94724 3.02931 180 200 230
-0.65501 3.45452 4.75024 180 200 230
-2.18347 -2.69936 4.07531 180 200 230
3.49535 -0.85955 6.28293 180 200 230
3.28632 0.49003 1.31501 180 200 230
-2.43247 -2.48160 4.08062 180 200 230
2.04376 3.08317 8.08409 180 200 230
1.32743 -2.99192 0.34828 180 200 230
-2.20921 -2.69398 4.27656 180 200 230
3.30894 -1.38306 6.08565 180 200 230
-1.79211 -3.23946 8.04982 180 200 230
3.53692 0.38416 5.49677 180 200 230
-3.66579 -0.23882 7.50885 180 200 230
2.77538 -1.92029 2.11958 180 200 230
0.38038 3.40676 3.32542 180 200 230
3.23047 1.85331 8.51207 180 200 230
-0.69472 -3.62795 8.03544 180 200 230
-3.53128 -0.05566 5.17897 180 200 230
3.33771 1.02900 4.44030 180 200 230
-0.65081 3.42158 4.21978 180 200 230
-1.52112 2.90599 0.56714 180 200 230
-1.82412 -3.21497 8.09000 180 200 230
-3.60591 0.65036 7.45477 180 200 230
-3.48792 0.28133 4.26586 180 200 230
1.17989 -3.17647 2.64894 180 200 230
-0.61013 3.38075 3.23397 180 200 230
-1.55011 -2.93089 1.18178 180 200 230
-2.43434 2.67337 6.62124 180 200 230
-3.07316 1.73070 5.16777 180 200 230
-3.17130 -1.16209 2.22642 180 200 230
-1.19314 -3.35680 5.75566 180 200 230
3.52461 -1.26406 8.82508 180 200 230
-0.39610 3.30026 1.17402 180 200 230
2.76786 2.11223 4.28707 180 200 230
-3.16616 1.51934 4.60773 180 200 230
-3.19593 -0.96599 1.59490 180 200 230
0.48414 3.48067 4.94396 180 200 230
2.74650 -2.25773 5.60516 180 200 230
1.00743 -3.17871 1.50561 180 200 230
-3.33163 0.13271 1.48078 180 200 230
-3.49508 1.13407 7.78278 180 200 230
3.30248 0.86435 2.94398 180 200 230
-3.48177 -0.82179 5.81966 180 200 230
-2.94864 -2.02419 5.78822 180 200 230
2.85327 -2.31156 7.63535 180 200 230
-3.62869 -0.02504 6.77844 180 200 230
2.02288 3.07438 7.64699 180 200 230
1.52104 3.23537 5.77451 180 200 230
1.87145 2.94352 4.20489 180 200 230
3.20145 -1.30176 3.69767 180 200 230
0.92829 -3.32026 3.56507 180 200 230
1.57050 -3.09351 3.92354 180 200 230
1.78393 -2.79417 1.24037 180 200 230
2.86740 1.96544 3.97384 180 200 230
-1.01986 -3.29131 3.66054 180 200 230
-0.92426 -3.13254 0.33426 180 200 230
0.53481 3.35234 2.60851 180 200 230
-3.62847 0.21305 6.88268 180 200 230
-1.85663 -3.02680 5.35622 180 200 230
2.92927 -2.20407 7.35127 180 200 230
2.71429 2.25771 5.04255 180 200 230
2.86574 -2.30498 7.76317 180 200 230
3.22737 -1.71101 7.26470 180 200 230
2.92793 -1.52421 0.94506 180 200 230
3.74012 0.11365 8.80643 180 200 230
0.58942 3.19875 0.14306 180 200 230
-1.28315 -3.31643 5.52398 180 200 230
-1.59445 3.29443 7.23354 180 200 230
3.17578 1.28245 3.13288 180 200 230
0.28856 -3.54074 5.53956 180 200 230
3.38244 0.61428 3.41049 180 200 230
-3.08498 1.08835 0.58520 180 200 230
3.07931 -1.05264 0.08197 180 200 230
-3.07833 1.21359 0.91186 180 200 230
2.80420 -1.73330 0.94649 180 200 230
-2.99089 1.92443 5.64866 180 200 230
-2.00843 2.88899 4.89246 180 200 230
2.72627 2.18086 4.25917 180 200 230
-2.26875 2.81041 6.36006 180 200 230
-1.69504 2.78619 0.16273 180 200 230
1.93062 -2.78211 2.57036 180 200 230
3.19279 -1.75747 7.10346 180 200 230
3.68146 0.51051 8.23903 180 200 230
2.83475 2.01249 4.10459 180 200 230
-2.04794 -2.58036 0.78447 180 200 230
-3.63928 0.34995 7.28753 180 200 230
-1.07074 3.52947 8.02887 180 200 230
-0.21590 3.46385 3.88034 180 200 230
0.53601 3.34002 2.31271 180 200 230
-3.22200 -0.51968 0.42520 180 200 230
3.52604 0.38883 5.47332 180 200 230
-0.25840 -3.69383 8.23888 180 200 230
-1.12089 3.42134 6.23753 180 200 230
-3.05846 1.51429 2.99826 180 200 230
-3.52986 -0.60583 5.93036 180 200 230
0.88227 3.56226 7.57437 180 200 230
2.60435 -2.33404 4.44314 180 200 230
-1.51772 -3.33861 7.46838 180 200 230
2.37045 -2.51487 3.68252 180 200 230
-3.39168 0.52735 3.28557 180 200 230
-3.23667 1.46238 5.40108 180 200 230
0.28182 3.48095 4.34264 180 200 230
-3.59087 -1.03934 8.80752 180 200 230
-2.92973 -1.94201 4.80759 180 200 230
-3.03171 1.66860 3.62061 180 200 230
2.11036 2.73420 3.71029 180 200 230
-0.51204 3.50234 5.08904 180 200 230
3.41862 0.30694 3.34451 180 200 230
-1.52459 3.28597 6.63061 180 200 230
-3.02211 -1.68023 3.57947 180 200 230
3.31629 -0.94742 3.61185 180 200 230
1.55972 3.20397 5.70219 180 200 230
3.08326 1.12022 0.58692 180 200 230
-1.02865 3.43474 6.04009 180 200 230
1.94166 2.92765 4.70504 180 200 230
-1.16987 -3.28300 4.23741 180 200 230
3.61216 0.13054 6.59914 180 200 230
3.61889 -0.43715 6.93731 180 200 230
2.26554 -2.89558 7.69605 180 200 230
-3.43690 0.20170 3.52659 180 200 230
3.01169 -1.63255 3.08801 180 200 230
-2.50899 -2.60735 6.55600 180 200 230
3.55380 -0.13930 5.39027 180 200 230
-0.63401 3.52714 5.83229 180 200 230
3.53756 -0.06878 5.15690 180 200 230
1.54512 3.29683 7.06290 180 200 230
-2.02155 2.66034 1.81434 180 200 230
3.24428 -1.39609 5.15894 180 200 230
-2.29129 2.42338 1.51275 180 200 230
0.86303 3.34698 3.82266 180 200 230
3.33456 1.30783 6.11637 180 200 230
2.07917 2.82269 4.59826 180 200 230
-2.11972 2.72482 3.56996 180 200 230
-3.25137 1.75482 8.02680 180 200 230
-3.51796 -0.96124 7.06372 180 200 230
1.37122 -3.24745 4.89592 180 200 230
3.71911 0.31422 8.57882 180 200 230
1.88623 -2.92666 3.97724 180 200 230
-3.23976 -1.70884 7.19497 180 200 230
0.13603 -3.34009 1.60545 180 200 230
0.14897 -3.39485 2.70747 180 200 230
2.81290 -1.95844 3.18984 180 200 230
2.76005 1.83494 1.01637 180 200 230
-3.15739 -1.52264 4.67696 180 200 230
2.82520 -1.81719 1.83427 180 200 230
-0.68727 -3.50767 5.85389 180 200 230
2.75342 1.91158 1.81424 180 200 230
-2.49842 -2.17392 1.18528 180 200 230
1.14965 -3.54729 8.74019 180 200 230
-0.55783 3.54192 6.06551 180 200 230
-2.50825 -2.75630 8.46370 180 200 230
1.88324 -2.95059 4.56986 180 200 230
-3.23922 -0.48943 0.32241 180 200 230
1.21714 3.32733 5.32482 180 200 230
-3.36183 -1.08491 5.18228 180 200 230
-2.77362 -1.71178 0.14490 180 200 230
-3.02208 2.11396 7.82400 180 200 230
-1.52746 -3.22583 5.72842 180 200 230
-3.31585 1.47632 6.82017 180 200 230
2.52196 -2.44686 4.60547 180 200 230
0.92256 -3.44662 5.71460 180 200 230
1.14154 -3.18506 2.44454 180 200 230
-3.68210 -0.60875 8.77952 180 200 230
1.14621 3.27036 3.76253 180 200 230
-0.53353 -3.29117 1.55283 180 200 230
2.97572 1.37571 0.53955 180 200 230
-3.55962 -0.39468 5.87104 180 200 230
3.54650 1.22618 8.85968 180 200 230
-3.64344 -0.65758 8.11885 180 200 230
-1.41355 -3.31916 6.44953 180 200 230
-3.27315 1.82096 8.92098 180 200 230
-3.13429 1.80338 6.63028 180 200 230
2.45592 2.38876 3.20067 180 200 230
-1.13851 3.37018 5.56281 180 200 230
-3.09716 1.13104 0.76783 180 200 230
2.20361 -2.54549 2.11057 180 200 230
2.78465 -2.07767 3.91549 180 200 230
3.21458 -0.96510 1.92447 180 200 230
3.01109 2.19532 8.60837 180 200 230
-1.07482 3.59718 8.96265 180 200 230
-3.35097 0.79531 3.49105 180 200 230
-2.27120 -2.80747 6.51169 180 200 230
-1.01199 -3.31161 3.82705 180 200 230
0.74751 -3.24665 1.33648 180 200 230
-3.42700 0.08887 3.17913 180 200 230
-3.16821 -1.17638 2.21945 180 200 230
3.31648 -0.83886 3.09788 180 200 230
0.21096 3.36262 2.04790 180 200 230
1.09729 -3.12402 1.07887 180 200 230
-0.80061 -3.27295 2.07049 180 200 230
2.36360 2.86039 8.20339 180 200 230
2.94606 -1.46648 0.82051 180 200 230
2.10265 -2.69823 3.06721 180 200 230
0.65027 -3.46741 4.91513 180 200 230
2.40601 2.46024 3.34035 180 200 230
2.25186 2.71059 4.81803 180 200 230
-1.33412 -2.98965 0.41931 180 200 230
2.80494 2.24053 5.98002 180 200 230
2.67787 2.31095 5.22800 180 200 230
-2.90854 2.10538 6.26511 180 200 230
3.53889 0.11963 5.26151 180 200 230
-0.62087 -3.42801 4.10025 180 200 230
-3.31914 -0.85681 3.30087 180 200 230
2.96487 1.58593 2.15540 180 200 230
-3.36994 -0.94660 4.66159 180 200 230
3.08078 1.08925 0.25176 180 200 230
3.08356 1.46752 3.09971 180 200 230
-3.58428 0.32822 6.23745 180 200 230
-3.30638 0.00367 1.04449 180 200 230
-1.73990 2.78031 0.60663 180 200 230
-2.58157 -2.47890 6.01245 180 200 230
-2.62793 2.24851 3.73600 180 200 230
-3.12079 -1.89790 7.31449 180 200 230
-2.18285 3.01299 8.47135 180 200 230
-0.81485 -3.64186 8.63806 180 200 230
-3.05235 -1.66026 3.98881 180 200 230
1.81782 2.86615 2.50791 180 200 230
-1.38912 -3.28159 5.62809 180 200 230
0.75483 -3.48626 5.80131 180 200 230
3.27014 1.43649 5.74930 180 200 230
-2.63735 -2.18071 3.03962 180 200 230
0.82509 -3.17788 0.61472 180 200 230
2.52502 2.21633 2.00128 180 200 230
2.72600 -1.93763 1.47732 180 200 230
-2.84657 1.68832 1.18916 180 200 230
-0.28379 -3.70706 8.37778 180 200 230
2.62806 -1.93347 0.13377 180 200 230
3.55011 -0.23148 5.56847 180 200 230
-3.21862 -1.87426 8.55738 180 200 230
-0.97377 -3.29555 3.39155 180 200 230
-0.03762 3.52221 4.90331 180 200 230
-0.89872 3.49606 6.39404 180 200 230
2.02093 -2.75348 2.99738 180 200 230
-2.81935 2.09629 4.45871 180 200 230
1.60943 -3.28870 7.44590 180 200 230
3.45390 1.13658 6.82560 180 200 230
0.72567 3.58962 7.37118 180 200 230
1.80205 3.28251 8.89354 180 200 230
-3.40119 -0.58408 3.48509 180 200 230
3.16821 1.75552 6.84148 180 200 230
-1.98114 2.96014 5.57646 180 200 230
3.57408 -0.30966 6.13904 180 200 230
0.99404 -3.48542 6.77850 180 200 230
0.24132 -3.62089 6.86408 180 200 230
2.43923 2.77078 8.03360 180 200 230
-2.25767 2.57517 3.29351 180 200 230
-1.51509 -3.25086 6.02351 180 200 230
3.36593 0.46018 2.65637 180 200 230
-3.25280 1.43252 5.50392 180 200 230
3.27594 -1.57714 6.87626 180 200 230
3.17530 1.80692 7.22084 180 200 230
2.88325 -1.92628 3.93941 180 200 230
1.20521 3.31629 4.73790 180 200 230
1.28059 3.18212 3.15064 180 200 230
1.12680 3.15692 1.61535 180 200 230
3.07439 -1.41717 2.47287 180 200 230
-2.94933 -2.25071 8.25780 180 200 230
0.01688 -3.40609 2.92201 180 200 230
-2.49572 2.78087 8.78774 180 200 230
2.35984 -2.41229 2.29561 180 200 230
-3.16244 -1.78903 6.63144 180 200 230
-2.86780 -2.07904 5.32069 180 200 230
0.05257 -3.60421 6.40384 180 200 230
0.52878 -3.53339 5.94028 180 200 230
-1.50005 -3.28713 6.48987 180 200 230
2.71532 2.51508 8.20213 180 200 230
2.37307 -2.63357 5.22748 180 200 230
-0.22426 3.26972 0.65445 180 200 230
3.39112 -0.08111 2.56857 180 200 230
-2.70953 2.37345 6.50336 180 200 230
2.55399 2.39828 4.60743 180 200 230
-1.42467 3.23151 5.09495 180 200 230
-3.18115 -1.58415 5.52182 180 200 230
-2.67612 2.17322 3.59806 180 200 230
1.73081 -3.21104 7.07295 180 200 230
-1.49971 -3.30521 6.63570 180 200 230
0.82310 3.52098 6.55577 180 200 230
-3.50336 -0.87265 6.56491 180 200 230
0.86419 -3.59643 8.07262 180 200 230
2.75620 -2.24437 5.51123 180 200 230
-2.95362 2.29272 8.72259 180 200 230
2.94860 -1.51490 1.14399 180 200 230
3.47556 0.79914 5.83465 180 200 230
-1.60951 -3.24359 6.57845 180 200 230
0.69913 -3.43188 4.45541 180 200 230
-3.03892 1.54501 2.72930 180 200 230
3.52281 0.24330 5.10826 180 200 230
-1.32660 -3.17641 3.43435 180 200 230
-2.03342 3.09287 8.23260 180 200 230
1.98812 2.80301 3.36157 180 200 230
1.84349 2.79147 1.67880 180 200 230
0.42566 -3.51798 5.34276 180 200 230
1.32568 3.19419 3.71972 180 200 230
-3.28560 0.32937 0.92216 180 200 230
3.47779 -0.65461 5.24007 180 200 230
0.19576 -3.52929 4.99897 180 200 230
-3.19499 -0.97618 1.65533 180 200 230
-3.50194 -0.62878 5.53098 180 200 230
1.75479 3.06874 5.26274 180 200 230
-3.44081 1.20411 7.07063 180 200 230
2.10815 2.71428 3.40547 180 200 230
2.92978 1.69762 2.36305 180 200 230
2.87960 2.35604 8.58936 180 200 230
-2.77619 -2.19881 5.20758 180 200 230
1.12993 3.05119 0.26307 180 200 230
2.16845 2.95895 7.47662 180 200 230
2.25112 -2.48551 1.87698 180 200 230
2.62948 2.53259 7.17801 180 200 230
-0.99243 -3.46757 6.47635 180 200 230
-3.23477 1.85856 8.73779 180 200 230
-3.28048 -1.77884 8.71036 180 200 230
3.35901 0.49649 2.60176 180 200 230
3.64226 0.00044 7.00865 180 200 230
1.40158 -3.11728 2.99434 180 200 230
-3.52570 0.54840 5.81014 180 200 230
3.21449 1.54499 5.53147 180 200 230
-1.81773 2.73133 0.52619 180 200 230
-3.24709 -0.12971 0.05037 180 200 230
2.16349 2.46939 0.55710 180 200 230
-3.17975 -0.95286 1.22711 180 200 230
-3.32994 -0.60817 2.44616 180 200 230
-2.95803 -2.23071 8.21393 180 200 230
1.30233 -3.27357 4.82728 180 200 230
-3.12624 1.90824 7.27129 180 200 230
2.80161 -2.36071 7.62844 180 200 230
-3.58447 0.57526 6.73520 180 200 230
-3.32997 0.91888 3.67781 180 200 230
-2.05930 -3.05843 7.84650 180 200 230
-2.68777 -2.44634 6.79690 180 200 230
3.60558 0.25950 6.80758 180 200 230
3.68528 -0.40849 8.16787 180 200 230
3.33563 -1.25579 5.53974 180 200 230
-0.68744 3.45192 4.91670 180 200 230
-3.44416 -1.32830 8.07136 180 200 230
0.44852 -3.46541 4.24992 180 200 230
3.20564 -1.75007 7.39868 180 200 230
-2.81450 -1.68620 0.51947 180 200 230
3.23277 0.38654 0.01222 180 200 230
-1.48726 -3.19586 4.91388 180 200 230
2.74508 1.81748 0.70901 180 200 230
-1.77637 -3.28862 8.80275 180 200 230
-2.77635 -1.69961 0.05317 180 200 230
-2.29099 -2.79317 6.58961 180 200 230
1.25727 3.13274 2.31338 180 200 230
-3.73199 0.14992 8.72687 180 200 230
-2.53889 -2.32357 3.58841 180 200 230
-1.01544 3.10575 0.26368 180 200 230
1.35459 2.95655 0.26118 180 200 230
0.60420 3.48526 5.13775 180 200 230
2.35168 -2.91593 8.88816 180 200 230
-3.64424 0.82557 8.83010 180 200 230
-1.81335 -2.90044 3.18273 180 200 230
-3.48295 -0.32678 4.50516 180 200 230
1.66769 -2.85553 0.96550 180 200 230
-3.51667 -0.18788 4.85919 180 200 230
2.95926 1.96591 5.54960 180 200 230
1.08606 3.20394 2.38473 180 200 230
3.55332 0.29685 5.65901 180 200 230
1.81542 -3.22859 8.15203 180 200 230
-1.68236 -2.77552 0.00953 180 200 230
0.19484 -3.36616 2.17830 180 200 230
-0.73379 -3.28475 2.00015 180 200 230
1.49699 -2.96191 1.18852 180 200 230
3.32911 -0.27317 1.58823 180 200 230
-2.04024 -2.94096 5.78045 180 200 230
-0.04706 3.30534 0.98697 180 200 230
2.91133 2.15431 6.76695 180 200 230
-3.12099 -1.97371 8.04446 180 200 230
0.48333 -3.68490 8.38045 180 200 230
-3.31610 -1.35097 6.08282 180 200 230
-1.10711 3.16501 1.88301 180 200 230
-0.62337 -3.23848 0.82083 180 200 230
-3.19956 1.08485 2.20689 180 200 230
-0.84872 3.62651 8.68011 180 200 230
2.02161 -3.13807 8.68293 180 200 230
-3.05816 -1.59515 3.59145 180 200 230
-0.71370 3.34585 3.07675 180 200 230
-1.66610 3.09461 4.75027 180 200 230
-3.06405 -1.48118 2.76194 180 200 230
-3.31652 1.74472 8.82856 180 200 230
1.79816 2.85399 2.10588 180 200 230
-2.65464 -2.20934 3.47406 180 200 230
-1.29670 -3.22234 4.02325 180 200 230
3.31461 0.00227 1.19997 180 200 230
-3.35312 -0.79097 3.59997 180 200 230
-3.25586 -1.71503 7.78576 180 200 230
-1.64110 2.89556 1.34476 180 200 230
-1.88083 3.01660 5.41009 180 200 230
-1.42922 3.15696 3.81656 180 200 230
-3.14228 1.12398 1.63037 180 200 230
1.23442 -3.01006 0.11963 180 200 230
-3.33951 0.65825 2.59137 180 200 230
3.27636 -0.13082 0.59646 180 200 230
-2.46005 2.42449 3.54399 180 200 230
-1.14787 -3.47785 7.38637 180 200 230
-3.44351 -1.09417 6.60299 180 200 230
0.28690 -3.70837 8.55690 180 200 230
2.64996 -2.23850 4.00207 180 200 230
-3.60342 -0.26500 6.49909 180 200 230
-3.58373 0.12436 6.12801 180 200 230
3.15652 -1.18779 2.06673 180 200 230
3.11667 -1.37998 2.87198 180 200 230
3.52663 -0.06656 4.92753 180 200 230
2.02738 3.04354 7.26957 180 200 230
3.49704 0.07843 4.31631 180 200 230
-3.11028 1.29267 2.16732 180 200 230
-0.39156 -3.72697 8.94506 180 200 230
2.96441 1.46048 1.11009 180 200 230
-2.61414 2.66049 8.62842 180 200 230
-3.19577 -1.79525 7.37615 180 200 230
0.85688 3.57385 7.63280 180 200 230
-0.43320 -3.63889 7.25410 180 200 230
0.43116 3.33506 1.98387 180 200 230
1.92655 -3.00760 5.83986 180 200 230
-2.10572 2.96540 6.92467 180 200 230
-2.94829 -2.10404 6.82925 180 200 230
-3.25950 -0.92821 2.57563 180 200 230
-0.96095 3.19881 1.73023 180 200 230
-3.17448 1.27834 3.09822 180 200 230
1.98413 -2.88150 4.47933 180 200 230
-3.38895 -1.06229 5.31908 180 200 230
3.45089 1.25679 7.61623 180 200 230
-0.83689 -3.53798 7.03145 180 200 230
1.48386 3.28378 6.22209 180 200 230
-3.36128 0.29510 2.50120 180 200 230
-3.43043 0.68709 4.47062 180 200 230
-3.41460 0.29062 3.16544 180 200 230
3.31022 0.65334 2.23433 180 200 230
-0.45680 3.22583 0.09908 180 200 230
3.25574 1.07451 3.20248 180 200 230
-2.91538 1.72522 2.43167 180 200 230
-2.56125 -2.44598 5.30289 180 200 230
-1.85717 -2.69883 0.60117 180 200 230
3.11712 1.33840 2.56571 180 200 230
2.39848 2.22102 0.43261 180 200 230
-1.88698 -3.03657 5.91773 180 200 230
-3.48065 -0.69093 5.26940 180 200 230
1.71881 -2.97367 3.18386 180 200 230
0.92732 3.20254 1.41068 180 200 230
2.71726 2.56270 8.64533 180 200 230
-2.29814 2.70713 5.41361 180 200 230
-2.34689 -2.73277 6.24819 180 200 230
-3.51259 0.31051 4.94121 180 200 230
2.98668 2.12987 7.35429 180 200 230
3.33203 1.60110 8.12416 180 200 230
-1.51546 -3.10299 3.59847 180 200 230
-1.04592 3.44067 6.34431 180 200 230
-1.63548 -2.95215 2.18706 180 200 230
-0.99563 3.43384 6.00981 180 200 230
-1.36694 3.17004 3.74897 180 200 230
0.81122 3.14429 0.06605 180 200 230
3.71094 -0.38099 8.62532 180 200 230
3.67107 0.37194 7.88561 180 200 230
2.38052 2.44887 2.75337 180 200 230
1.93423 -3.21092 8.98118 180 200 230
2.21051 2.61007 2.99672 180 200 230
-0.66880 3.42444 4.28992 180 200 230
-0.29557 3.67149 7.73860 180 200 230
-1.11524 -3.22331 2.88125 180 200 230
-2.96044 1.84756 4.21463 180 200 230
1.93226 -3.02005 6.13021 180 200 230
-0.05346 -3.30686 1.25183 180 200 230
-3.40598 -0.67418 3.95943 180 200 230
0.02006 3.40347 2.92624 180 200 230
0.94884 -3.47535 6.22762 180 200 230
2.21079 -2.47641 1.30349 180 200 230
1.73766 -2.88490 2.21410 180 200 230
3.43653 1.15765 6.52963 180 200 230
-1.07051 -3.15637 1.49508 180 200 230
-0.98995 -3.32450 3.95660 180 200 230
3.38835 -1.26637 6.54329 180 200 230
-0.30814 3.62992 7.00009 180 200 230
0.74854 -3.22053 0.91218 180 200 230
-1.37172 -3.40792 7.74547 180 200 230
2.62010 -2.50017 6.63997 180 200 230
-1.19485 -3.21128 3.20105 180 200 230
2.18080 -2.90628 6.98615 180 200 230
-2.30080 2.79635 6.67775 180 200 230
1.94662 2.96850 5.56032 180 200 230
-2.31510 2.68144 5.18308 180 200 230
1.43980 -3.32422 6.73354 180 200 230
2.53673 2.75809 8.99392 180 200 230
-2.29616 -2.70374 5.36183 180 200 230
3.64763 -0.28578 7.37368 180 200 230
2.87194 -2.22728 6.81627 180 200 230
-1.74722 -3.23493 7.77803 180 200 230
0.98635 -3.59392 8.61703 180 200 230
2.49316 2.23946 1.84247 180 200 230
-3.33250 0.02442 1.58258 180 200 230
-3.48134 -0.70756 5.43096 180 200 230
0.70988 -3.40675 4.20387 180 200 230
-0.71929 3.46309 5.29263 180 200 230
2.86868 2.26837 7.28154 180 200 230
-1.19322 -3.52948 8.42351 180 200 230
-3.46397 0.16130 3.91472 180 200 230
1.98106 -3.02439 6.58755 180 200 230
-3.33102 0.38917 1.87735 180 200 230
2.00372 -2.89834 4.97007 180 200 230
-3.26360 -0.16079 0.21063 180 200 230
0.71633 -3.43741 4.69414 180 200 230
-0.64349 -3.46127 5.06680 180 200 230
-0.36623 3.61191 6.73957 180 200 230
-1.30801 3.34050 5.98823 180 200 230
2.77322 -2.03636 3.37610 180 200 230
0.38565 3.21629 0.05628 180 200 230
-1.07267 -3.13305 1.10882 180 200 230
2.29118 2.95839 8.77308 180 200 230
0.12040 -3.71352 8.34431 180 200 230
0.57154 3.37353 3.07027 180 200 230
-2.81576 -1.88951 2.45703 180 200 230
-3.19826 -1.36600 4.08707 180 200 230
1.03902 3.45558 6.34288 180 200 230
-3.43257 0.18559 3.36184 180 200 230
2.38506 -2.26102 0.64861 180 200 230
-1.46470 -3.13971 3.78153 180 200 230
3.38182 -0.15619 2.47353 180 200 230
0.73563 -3.33484 3.06913 180 200 230
-2.07052 -2.61647 1.55867 180 200 230
-3.31083 -1.38853 6.07053 180 200 230
3.25773 -1.35111 4.89887 180 200 230
-3.34854 -0.57387 2.56863 180 200 230
-2.89464 2.02970 5.14222 180 200 230
1.77429 -3.02207 4.59506 180 200 230
3.39629 -1.33866 7.26403 180 200 230
-3.69797 0.49275 8.62918 180 200 230
2.15473 2.51449 1.25353 180 200 230
-2.87140 -2.32639 8.01772 180 200 230
-0.20749 -3.61789 6.47220 180 200 230
-2.52099 2.56457 6.36648 180 200 230
-0.04593 -3.44613 3.52179 180 200 230
-3.36696 -0.66536 3.24325 180 200 230
-1.03237 3.08754 0.05449 180 200 230
-2.56624 -2.71635 8.85062 180 200 230
-2.73119 2.29002 5.60935 180 200 230
0.79281 -3.36506 3.77768 180 200 230
3.52289 0.06818 5.05261 180 200 230
1.36104 -2.98044 0.39123 180 200 230
-1.16435 3.13636 1.65936 180 200 230
3.45099 -0.89470 5.75865 180 200 230
0.20220 -3.50748 4.78856 180 200 230
0.20517 3.64061 7.18724 180 200 230
3.54730 -0.47535 6.07030 180 200 230
-3.56294 0.00939 5.56443 180 200 230
-3.62880 -0.52632 7.42975 180 200 230
2.76818 -1.76852 0.65802 180 200 230
3.13951 -1.76721 6.35150 180 200 230
-1.18436 -3.41592 6.56709 180 200 230
3.36507 -0.45845 2.60873 180 200 230
-1.59156 2.94434 1.86689 180 200 230
0.37276 3.34491 2.03712 180 200 230
3.29270 0.61219 1.89024 180 200 230
-2.00543 2.89792 4.87346 180 200 230
-2.65081 -1.99376 1.30038 180 200 230
-1.22104 3.36638 6.07497 180 200 230
-2.90082 -1.58574 1.00974 180 200 230
3.11450 0.97715 0.26006 180 200 230
-2.07953 2.71277 3.01684 180 200 230
-0.04196 -3.34700 1.83116 180 200 230
2.96938 2.28324 8.90464 180 200 230
-0.74743 -3.32783 2.86642 180 200 230
0.28180 -3.36148 2.11379 180 200 230
-3.04690 -1.40491 1.87699 180 200 230
2.59771 -2.25883 3.51790 180 200 230
3.41072 -1.00106 5.60406 180 200 230
3.55314 0.78666 7.14321 180 200 230
-1.48359 -3.10621 3.43277 180 200 230
0.28779 3.56355 5.78120 180 200 230
-2.92979 1.90656 4.49950 180 200 230
-2.63140 -2.57106 7.69793 180 200 230
-0.83186 -3.44325 5.27734 180 200 230
1.82853 -2.87368 2.74510 180 200 230
-0.99965 -3.47232 6.46219 180 200 230
0.62590 -3.59975 7.47186 180 200 230
-2.84091 -2.03882 4.34921 180 200 230
2.77710 2.51294 8.89230 180 200 230
3.65709 0.49543 7.97680 180 200 230
-3.29335 -0.62359 1.87892 180 200 230
-0.78396 -3.56409 7.18432 180 200 230
2.75634 2.24734 5.56049 180 200 230
-3.17974 1.51349 4.97251 180 200 230
-0.13629 3.50968 4.78571 180 200 230
-3.35396 -1.50406 7.75750 180 200 230
-2.75830 2.26722 5.64773 180 200 230
1.05921 3.36519 4.99808 180 200 230
3.28620 0.09072 0.47104 180 200 230
-1.51394 3.13886 4.19460 180 200 230
-3.69067 -0.37608 8.22291 180 200 230
3.25665 -1.55228 6.53382 180 200 230
0.46211 3.24348 0.49185 180 200 230
-3.68488 -0.28430 8.01838 180 200 230
-3.34977 -1.48713 7.52813 180 200 230
-2.08860 -2.84557 5.07835 180 200 230
-1.54668 2.87444 0.21664 180 200 230
2.87239 2.07266 5.21836 180 200 230
2.88112 -1.55209 0.52709 180 200 230
3.27002 -1.00025 3.02682 180 200 230
-3.30948 1.35305 5.80718 180 200 230
-3.24129 -1.79719 8.26463 180 200 230
3.37686 0.62279 3.37095 180 200 230
3.52527 1.07762 7.81365 180 200 230
3.27794 1.71368 8.31143 180 200 230
-0.23041 -3.25317 0.20361 180 200 230
0.48249 3.35006 2.27587 180 200 230
1.44084 3.29811 6.51790 180 200 230
3.63387 0.19049 6.92538 180 200 230
3.42184 0.49572 3.68707 180 200 230
-2.96502 2.00459 6.05278 180 200 230
-3.44541 -0.92345 5.65933 180 200 230
-3.19262 -1.73066 6.77724 180 200 230
-3.48494 0.94370 6.59417 180 200 230
-3.18668 0.82757 0.82664 180 200 230
0.06582 -3.33360 1.51421 180 200 230
-0.81834 3.22332 1.27232 180 200 230
0.28646 3.70460 8.43058 180 200 230
2.26094 -2.94049 8.26982 180 200 230
-1.35968 -3.38828 7.27644 180 200 230
-3.27745 0.47977 1.12053 180 200 230
-0.56442 3.50585 5.32348 180 200 230
2.19020 2.53464 1.78736 180 200 230
3.34619 0.80160 3.46781 180 200 230
2.03349 -2.71314 2.53386 180 200 230
-3.05224 -2.02935 7.54761 180 200 230
3.18513 0.94340 1.38398 180 200 230
1.94886 3.01150 5.95909 180 200 230
-0.69271 3.68613 8.86413 180 200 230
-0.29469 3.57995 6.31847 180 200 230
-3.14415 -0.98657 0.76282 180 200 230
-2.99465 2.19177 8.22121 180 200 230
2.63880 -2.40972 5.93249 180 200 230
-0.66564 -3.42054 4.26721 180 200 230
3.03555 -1.90688 6.07834 180 200 230
2.41029 -2.81067 7.97568 180 200 230
3.08652 -1.66241 4.45438 180 200 230
3.49218 -0.44091 4.94132 180 200 230
-1.31467 3.21978 4.23258 180 200 230
0.82526 3.18762 0.69918 180 200 230
1.85601 3.14520 7.18689 180 200 230
-2.30408 -2.39529 1.21231 180 200 230
-1.45022 -3.13111 3.70715 180 200 230
2.94257 1.81180 3.63600 180 200 230
1.46565 -3.06100 2.65424 180 200 230
0.71433 -3.38859 3.77898 180 200 230
-2.46667 -2.57677 5.71116 180 200 230
-3.14672 1.34735 2.94346 180 200 230
1.90278 2.74967 1.64868 180 200 230
-3.68469 -0.12952 7.89371 180 200 230
2.01885 3.14480 8.75451 180 200 230
-2.75611 -2.13727 4.28764 180 200 230
-1.25673 3.17621 3.08839 180 200 230
0.05560 3.28461 0.45788 180 200 230
-3.05549 1.18647 0.35565 180 200 230
-3.01946 -1.67761 3.69151 180 200 230
-2.50352 2.75258 8.41127 180 200 230
3.53782 -0.82346 6.69815 180 200 230
3.43673 0.12741 3.29223 180 200 230
3.18777 -1.94353 8.73114 180 200 230
3.47273 0.01493 4.01771 180 200 230
0.70330 3.31338 2.62439 180 200 230
3.47495 -0.07968 3.99566 180 200 230
-0.46210 -3.33633 2.01527 180 200 230
-2.27849 -2.91837 8.03208 180 200 230
-0.51516 -3.40372 3.40151 180 200 230
-3.00919 1.95519 6.06295 180 200 230
0.73547 -3.36881 3.65677 180 200 230
2.08531 3.06298 8.16935 180 200 230
0.97377 -3.44094 5.92618 180 200 230
3.25564 -1.30021 4.55481 180 200 230
2.07670 -2.58592 1.26726 180 200 230
-0.24062 -3.69872 8.17087 180 200 230
-2.05520 -2.88084 5.07903 180 200 230
-3.37208 -0.44952 2.70039 180 200 230
-2.92219 2.26012 7.96659 180 200 230
2.18167 -2.45423 0.52504 180 200 230
-2.05641 -2.73740 2.96831 180 200 230
-3.23577 1.40265 4.99029 180 200 230
0.74400 -3.34905 3.20560 180 200 230
3.30427 1.16863 4.45088 180 200 230
1.31051 -3.12935 2.50788 180 200 230
1.23180 -3.07151 1.24806 180 200 230
0.43929 3.23654 0.35632 180 200 230
3.24450 0.78264 1.50830 180 200 230
-0.84229 -3.62953 8.60370 180 200 230
1.10082 3.37871 5.33343 180 200 230
3.51159 -0.08779 4.56081 180 200 230
3.44206 0.19881 3.61355 180 200 230
0.45665 3.57718 6.50489 180 200 230
3.20800 0.86814 1.35357 180 200 230
0.69138 -3.32216 2.61788 180 200 230
-3.16309 -1.70531 6.04447 180 200 230
2.02541 -2.84619 4.47257 180 200 230
3.54473 -0.84835 7.04012 180 200 230
-2.85582 -2.36601 8.12973 180 200 230
0.41991 3.64664 7.49943 180 200 230
2.79814 1.84180 1.75883 180 200 230
2.20059 -2.45656 0.87998 180 200 230
0.10282 3.34764 1.61933 180 200 230
2.86026 -2.26161 7.15655 180 200 230
2.68010 -2.57160 8.27200 180 200 230
-2.57961 -2.67232 8.37088 180 200 230
-2.69772 -2.06543 2.82283 180 200 230
3.49945 -1.11698 7.64535 180 200 230
0.13324 -3.52364 4.98501 180 200 230
-1.49204 -3.34826 7.49471 180 200 230
-3.24585 1.38670 5.09339 180 200 230
-3.31393 0.33431 1.39718 180 200 230
-2.52536 2.11816 0.76264 180 200 230
3.51839 -1.23381 8.63976 180 200 230
-2.24340 -2.64747 3.99097 180 200 230
0.65009 -3.36611 3.30434 180 200 230
3.34430 0.79622 3.35700 180 200 230
2.07311 -2.76378 3.56379 180 200 230
-3.24258 1.84580 8.53600 180 200 230
-0.26437 -3.26993 0.60479 180 200 230
3.21889 0.82702 1.14226 180 200 230
2.86714 -2.25668 7.20942 180 200 230
-1.89350 -2.97729 5.10280 180 200 230
-3.19432 0.87385 1.23321 180 200 230
-1.07749 3.08010 0.33335 180 200 230
-1.26081 3.12553 2.13432 180 200 230
-1.11492 3.19743 2.47555 180 200 230
2.21251 2.38673 0.13777 180 200 230
-3.27362 0.75749 2.05844 180 200 230
-3.46689 1.04308 6.76517 180 200 230
-3.12874 1.93256 7.77477 180 200 230
-1.07685 -3.54743 8.13942 180 200 230
-3.03234 1.67164 3.66390 180 200 230
2.90493 1.81812 3.01749 180 200 230
2.24528 -3.00773 8.99864 180 200 230
-3.24280 1.64970 7.03396 180 200 230
-1.97564 -2.91832 4.99512 180 200 230
3.06478 -1.44461 2.41909 180 200 230
0.37319 -3.39697 3.03551 180 200 230
-3.41459 -0.84930 4.79817 180 200 230
-3.39880 -0.98796 5.03664 180 200 230
1.90749 -2.64177 0.13237 180 200 230
1.67029 -3.34896 8.65746 180 200 230
1.53466 3.19093 5.33594 180 200 230
-2.49018 -2.53760 5.45576 180 200 230
2.23565 -2.51298 2.01486 180 200 230
1.19446 -3.43183 6.99642 180 200 230
2.57089 2.56173 6.75549 180 200 230
-3.04207 1.30073 0.91472 180 200 230
-3.54359 -0.40775 5.50700 180 200 230
-0.17604 3.58468 6.06491 180 200 230
-1.57004 -3.30944 7.60487 180 200 230
-3.32409 0.50026 1.96438 180 200 230
-1.08701 3.53270 7.96398 180 200 230
-1.81083 2.98167 4.31383 180 200 230
2.05145 -2.58823 0.92811 180 200 230
2.20358 -2.46180 1.01504 180 200 230
1.28116 -3.09983 1.88679 180 200 230
2.91751 -1.75352 2.67888 180 200 230
3.35745 -1.03736 4.62785 180 200 230
-3.61974 0.18603 6.85579 180 200 230
2.74752 1.91052 1.78279 180 200 230
1.15689 -3.55514 8.93869 180 200 230
-2.23671 -2.48722 1.54461 180 200 230
-2.60485 2.43023 5.54618 180 200 230
3.66299 -0.56759 8.40099 180 200 230
-1.94118 3.11540 7.57810 180 200 230
2.99426 -1.96326 5.97454 180 200 230
-3.01706 -1.98413 6.56648 180 200 230
3.23888 0.75914 1.28633 180 200 230
2.08345 -2.50769 0.09330 180 200 230
0.26655 -3.46703 4.06649 180 200 230
-2.06015 -2.57108 0.86148 180 200 230
-2.58182 -2.26431 3.37054 180 200 230
0.65540 3.30417 2.12980 180 200 230
0.82066 3.61653 8.29374 180 200 230
3.63170 0.67323 7.98484 180 200 230
2.07775 3.02195 7.46143 180 200 230
-1.86461 3.08695 6.55319 180 200 230
-3.21978 -0.84235 1.47493 180 200 230
2.23026 2.39930 0.46694 180 200 230
-3.36015 -1.27144 6.02676 180 200 230
-0.29955 3.57084 5.92469 180 200 230
-0.08569 3.44210 3.47723 180 200 230
3.31187 -1.12359 4.41473 180 200 230
3.49894 -0.16843 4.56306 180 200 230
1.27341 -3.13321 2.28069 180 200 230
3.21952 1.14523 2.96951 180 200 230
-0.46507 -3.44309 3.92323 180 200 230
1.54462 3.19994 5.58044 180 200 230
-3.37847 -1.56965 8.62808 180 200 230
2.77122 -2.18568 5.00498 180 200 230
-2.64544 2.47812 6.70255 180 200 230
3.30998 -1.58709 7.35819 180 200 230
-0.85372 -3.18924 1.09050 180 200 230
-1.12926 3.40177 6.02050 180 200 230
2.89547 1.96556 4.49973 180 200 230
1.41548 -3.25128 5.30735 180 200 230
-3.16607 0.85419 0.37069 180 200 230
3.33001 1.63638 8.20732 180 200 230
2.96598 2.24511 8.60266 180 200 230
3.18955 -0.67179 0.03331 180 200 230
0.14814 3.36689 2.02690 180 200 230
3.27347 -0.69742 1.72110 180 200 230
-1.52514 -3.30336 7.13770 180 200 230
-1.10953 3.37925 5.53498 180 200 230
-2.49245 2.23305 1.69411 180 200 230
0.62001 -3.61434 7.41856 180 200 230
-3.14797 1.35251 3.33164 180 200 230
3.10808 1.57752 4.30835 180 200 230
0.43738 3.42996 3.64031 180 200 230
2.25412 -2.71277 4.85174 180 200 230
-1.16164 -3.30282 4.48187 180 200 230
-3.40030 -0.02171 2.60310 180 200 230
0.09829 3.47197 3.97944 180 200 230
-3.66458 0.59008 8.22532 180 200 230
0.84856 -3.40700 4.68645 180 200 230
3.23638 1.82030 8.29382 180 200 230
3.52582 -0.11595 5.10925 180 200 230
2.31866 -2.81131 7.02910 180 200 230
-1.40745 3.09299 2.77989 180 200 230
2.51130 -2.65492 7.21570 180 200 230
-1.40908 -3.08014 2.50824 180 200 230
-1.63672 -2.82208 0.18908 180 200 230
2.12772 2.56245 1.53789 180 200 230
2.70581 -1.81672 0.20963 180 200 230
-3.54710 1.14411 8.55375 180 200 230
1.23213 -3.54578 8.99960 180 200 230
-1.11532 3.46787 6.97197 180 200 230
-1.17693 3.08510 1.03911 180 200 230
3.60448 -0.81309 8.14615 180 200 230
-3.62279 0.07604 6.81254 180 200 230
3.17969 1.25640 3.13645 180 200 230
1.80417 -3.02000 4.68052 180 200 230
0.51263 3.55864 6.09595 180 200 230
2.35741 -2.24875 0.23292 180 200 230
3.04436 -1.76345 4.67387 180 200 230
3.25659 1.60214 6.71304 180 200 230
-2.90343 -1.65438 1.79720 180 200 230
3.45223 -0.40257 4.15416 180 200 230
3.19071 -1.47898 4.95233 180 200 230
-3.57858 -0.57240 6.74097 180 200 230
-1.57915 -3.38305 8.70074 180 200 230
-2.91708 -2.24113 7.71325 180 200 230
1.03034 3.40648 5.74270 180 200 230
-2.02832 -2.90527 5.40735 180 200 230
-1.77693 3.08633 5.58006 180 200 230
-1.85569 3.00815 5.06462 180 200 230
-2.86692 1.57638 0.57312 180 200 230
2.15570 -2.88330 6.41659 180 200 230
0.26486 3.61060 6.57334 180 200 230
-0.01745 3.50898 4.77279 180 200 230
3.68502 0.17007 7.90233 180 200 230
2.01623 2.96707 6.19034 180 200 230
3.41304 -0.45997 3.41513 180 200 230
-2.97394 1.31209 0.19113 180 200 230
1.10793 3.08741 0.57071 180 200 230
3.35927 -0.73579 3.31551 180 200 230
3.44243 0.59229 4.31923 180 200 230
-3.31983 0.33137 1.59573 180 200 230
1.12585 -3.15187 1.80731 180 200 230
0.48173 -3.33592 2.19034 180 200 230
1.35649 3.37747 7.13078 180 200 230
-0.95442 -3.51389 7.05070 180 200 230
-2.48045 -2.39735 3.60077 180 200 230
-1.51091 -2.97809 1.64753 180 200 230
-0.33479 3.29722 1.06498 180 200 230
1.22569 -3.05449 0.83877 180 200 230
-3.20983 -1.25311 3.67732 180 200 230
-0.51024 -3.23178 0.43990 180 200 230
3.18161 -1.26956 3.14891 180 200 230
2.29625 -2.94128 8.67613 180 200 230
0.70866 -3.43966 4.72789 180 200 230
-0.90255 3.54767 7.49371 180 200 230
3.12447 1.10459 1.24002 180 200 230
-3.02291 -1.53175 2.54316 180 200 230
3.63497 0.80084 8.54964 180 200 230
-0.77103 -3.36873 3.60604 180 200 230
-0.29638 -3.57121 5.97894 180 200 230
-3.44808 -1.43869 8.79931 180 200 230
1.74113 3.08179 5.11450 180 200 230
2.42405 -2.40217 2.88809 180 200 230
-2.89821 -1.99424 4.94704 180 200 230
-3.24883 -0.30488 0.52808 180 200 230
-3.00988 -1.36110 1.07954 180 200 230
2.82505 1.62050 0.06930 180 200 230
-0.22218 -3.69334 8.02001 180 200 230
3.32681 1.33597 6.18030 180 200 230
-3.00481 -1.61250 2.82319 180 200 230
1.63732 2.94561 2.10550 180 200 230
0.94712 3.47943 6.28278 180 200 230
0.39037 3.69645 8.32039 180 200 230
3.40024 0.30646 2.83048 180 200 230
2.66110 -2.15016 3.03764 180 200 230
1.23111 -3.47180 7.76419 180 200 230
3.62700 0.72232 8.09843 180 200 230
3.47824 1.30150 8.27378 180 200 230
0.69685 -3.32531 2.77587 180 200 230
3.31043 0.14160 1.15475 180 200 230
-3.41572 0.67388 4.11939 180 200 230
2.66599 2.13029 2.79926 180 200 230
-3.09766 -2.01069 8.01746 180 200 230
3.27431 -0.03414 0.35374 180 200 230
1.68191 3.15361 5.85120 180 200 230
3.57430 -0.99755 8.20699 180 200 230
2.47848 -2.79430 8.80397 180 200 230
3.57248 -0.31835 5.99397 180 200 230
0.37835 -3.70682 8.57806 180 200 230
2.04550 -2.56989 0.72910 180 200 230
-2.84776 -1.92483 3.38438 180 200 230
2.19161 -2.41513 0.08404 180 200 230
2.85597 2.40874 8.84204 180 200 230
-0.19377 -3.69184 8.17831 180 200 230
-2.25549 -2.36357 0.27115 180 200 230
3.02420 1.19399 0.17595 180 200 230
-0.89126 3.33262 3.45434 180 200 230
0.71733 3.31736 2.45392 180 200 230
-3.04847 2.06683 7.70146 180 200 230
1.06341 3.16117 1.53532 180 200 230
-0.56857 3.61487 7.21747 180 200 230
-1.01038 3.39555 5.14715 180 200 230
-2.78912 -2.02135 3.55023 180 200 230
2.20728 2.49966 1.39531 180 200 230
0.20925 3.73852 8.98086 180 200 230
-1.46039 3.25357 5.71101 180 200 230
-3.29345 1.09147 4.11447 180 200 230
3.34660 0.81655 3.49277 180 200 230
3.70423 -0.01835 8.20350 180 200 230
-1.14061 3.48125 7.48104 180 200 230
-0.85094 3.55970 7.39492 180 200 230
-3.35381 -1.20437 5.69532 180 200 230
2.24845 -2.93537 8.05217 180 200 230
-3.28882 0.91508 2.83179 180 200 230
0.02628 3.60368 6.46377 180 200 230
-3.17262 -1.39369 3.79658 180 200 230
-3.53909 0.38076 5.55186 180 200 230
-3.32133 1.74322 8.98438 180 200 230
3.72344 -0.37835 8.86989 180 200 230
3.51049 -0.08934 4.77389 180 200 230
-3.28245 -1.34622 5.32002 180 200 230
3.37133 1.53508 8.13178 180 200 230
-3.41361 -1.52629 8.87945 180 200 230
3.47750 -1.07049 7.11433 180 200 230
2.93372 -1.47876 0.62839 180 200 230
0.73621 3.34298 3.04752 180 200 230
1.36184 3.44718 8.12518 180 200 230
2.10122 2.98000 7.02494 180 200 230
1.54094 -3.28622 6.79877 180 200 230
-3.58337 0.22420 6.15048 180 200 230
-1.82132 2.94934 3.89519 180 200 230
-1.56441 3.07954 3.78618 180 200 230
-0.58135 3.60983 7.37567 180 200 230
2.51961 -2.28921 2.78131 180 200 230
-3.03450 1.93433 6.29860 180 200 230
0.13605 3.61788 6.65955 180 200 230
-0.90362 -3.55689 7.68177 180 200 230
-2.24918 -2.56593 3.02268 180 200 230
-0.78403 -3.54577 6.79567 180 200 230
1.44284 -2.97085 1.02342 180 200 230
2.67084 1.97229 1.32336 180 200 230
3.46765 0.04333 3.91399 180 200 230
3.11105 1.02309 0.53310 180 200 230
-1.00049 -3.59439 8.55892 180 200 230
3.38888 -1.47925 8.17118 180 200 230
-1.59825 2.85997 0.47237 180 200 230
0.71473 -3.59977 7.62808 180 200 230
-0.45829 -3.48411 4.74008 180 200 230
3.57155 -0.49546 6.44839 180 200 230
-3.63467 0.67460 8.04345 180 200 230
1.78806 3.07051 5.34744 180 200 230
0.31616 -3.29347 1.11701 180 200 230
1.36105 -2.94898 0.02518 180 200 230
-0.92933 -3.38038 4.63296 180 200 230
2.43691 -2.82863 8.57179 180 200 230
-2.44551 2.56573 5.30914 180 200 230
-1.26409 -3.21128 3.50904 180 200 230
-0.28380 3.25337 0.29899 180 200 230
-3.50761 1.22708 8.28168 180 200 230
0.16144 3.41985 3.08922 180 200 230
2.03920 2.98176 6.47267 180 200 230
3.50592 0.80574 6.38117 180 200 230
-1.59988 -2.97288 2.41147 180 200 230
2.33002 -2.32204 0.61462 180 200 230
-1.36111 3.17708 3.61927 180 200 230
-3.09523 1.47471 2.99629 180 200 230
3.59910 0.08022 6.43377 180 200 230
-3.13120 1.90921 7.46867 180 200 230
-0.65749 3.29763 2.11796 180 200 230
-3.14368 -1.58193 4.91364 180 200 230
2.74391 -1.77741 0.39241 180 200 230
-3.36279 -0.13006 2.04092 180 200 230
-1.63887 -3.24325 6.96840 180 200 230
-1.00836 -3.51053 7.24163 180 200 230
2.09908 2.98397 7.09468 180 200 230
-1.89963 2.73674 1.36385 180 200 230
2.68077 2.30847 5.11681 180 200 230
-3.23453 1.26312 3.96267 180 200 230
2.84468 -2.43622 8.92849 180 200 230
-3.55642 0.42808 6.02895 180 200 230
-3.58196 1.01257 8.45334 180 200 230
0.83984 3.21419 1.39251 180 200 230
-1.28731 3.23845 4.21791 180 200 230
3.35175 -1.41061 7.05373 180 200 230
-1.12511 3.25311 3.46291 180 200 230
-0.41646 -3.54475 5.83935 180 200 230
3.39033 0.91929 4.76559 180 200 230
2.59092 2.70113 8.93236 180 200 230
-1.25769 3.09236 1.66185 180 200 230
3.02835 -2.15918 8.45475 180 200 230
0.66104 3.38341 3.77130 180 200 230
-0.50725 -3.44679 4.37302 180 200 230
1.74709 3.06408 4.91653 180 200 230
-2.57351 -2.20756 2.51779 180 200 230
-3.18802 -1.93516 8.69423 180 200 230
-2.67559 -2.57489 8.25208 180 200 230
-0.84378 3.63756 8.77220 180 200 230
1.96507 3.18882 8.97428 180 200 230
2.71396 -2.34801 6.16708 180 200 230
-3.16688 -1.47673 4.22476 180 200 230
0.86955 3.57667 7.73423 180 200 230
-2.79167 1.69080 0.23022 180 200 230
3.35258 1.50340 7.59423 180 200 230
-3.45653 0.53909 4.63666 180 200 230
-3.18843 1.65268 6.19701 180 200 230
2.31678 2.55340 3.51937 180 200 230
-3.23459 1.17896 3.46990 180 200 230
-2.09692 -2.51963 0.30600 180 200 230
3.12382 -1.50631 3.97276 180 200 230
-1.00534 -3.31868 3.83210 180 200 230
-3.37250 -0.05161 2.13939 180 200 230
0.42486 -3.35447 2.34990 180 200 230
-0.66421 3.48960 5.41129 180 200 230
-1.66823 -2.98023 3.00295 180 200 230
3.65823 0.11639 7.55928 180 200 230
2.97306 1.45767 1.06970 180 200 230
-2.52148 -2.49832 5.35362 180 200 230
1.17892 3.12287 1.53100 180 200 230
-1.32312 -3.26541 4.91351 180 200 230
-2.31157 -2.68092 5.13020 180 200 230
3.29262 1.39221 5.92551 180 200 230
-2.71575 2.17582 4.00519 180 200 230
-2.66084 -2.28713 4.74578 180 200 230
-0.76091 -3.25780 1.72835 180 200 230
1.40937 -3.19695 4.32743 180 200 230
-1.66680 3.01201 3.51036 180 200 230
1.86303 -3.07408 6.13448 180 200 230
-2.11669 2.75538 4.07276 180 200 230
3.64265 0.16001 7.12026 180 200 230
-2.67430 -2.21254 3.99265 180 200 230
0.17642 3.36707 2.24236 180 200 230
2.41733 2.39861 2.59449 180 200 230
-0.17165 3.26559 0.43752 180 200 230
1.65396 -3.10423 5.01849 180 200 230
3.14389 -1.88602 7.56435 180 200 230
3.53637 -0.86791 7.03181 180 200 230
-1.13272 3.28613 4.09965 180 200 230
-3.23107 0.91830 1.87066 180 200 230
1.19604 -3.49147 7.84309 180 200 230
-1.35685 2.98492 0.54786 180 200 230
-2.58985 2.27913 3.74971 180 200 230
0.29361 3.66433 7.78498 180 200 230
-3.10401 -1.51743 3.69416 180 200 230
-1.78377 -2.78236 1.13198 180 200 230
-1.41256 3.07986 2.52335 180 200 230
3.52431 0.54074 5.55180 180 200 230
-0.29469 -3.31952 1.45538 180 200 230
-2.66565 -2.39806 6.03639 180 200 230
0.67217 3.40707 4.10321 180 200 230
-1.35376 3.14745 3.15583 180 200 230
3.25412 -0.89872 2.29036 180 200 230
-2.50737 -2.67693 7.49922 180 200 230
-2.85637 -1.95375 3.72582 180 200 230
-2.31953 -2.79276 6.76602 180 200 230
3.33811 -0.98246 4.12275 180 200 230
-1.76664 2.78924 0.88359 180 200 230
-0.67109 3.41118 4.12429 180 200 230
-2.51498 2.46050 4.72917 180 200 230
1.09617 -3.30643 4.28116 180 200 230
2.65448 2.52299 7.43842 180 200 230
0.99531 3.57850 8.24661 180 200 230
0.49691 3.61272 7.18466 180 200 230
-2.32012 -2.67802 5.39970 180 200 230
-2.22135 -2.74020 5.03164 180 200 230
-2.48647 2.58571 5.94529 180 200 230
-0.55540 3.34432 2.72685 180 200 230
0.10701 -3.66009 7.40054 180 200 230
3.60656 0.72862 7.78679 180 200 230
-0.23969 -3.38151 2.53507 180 200 230
0.91463 3.58789 8.17877 180 200 230
3.01736 -2.11280 7.71690 180 200 230
-2.97330 1.79152 3.97893 180 200 230
-2.32481 -2.89425 8.23094 180 200 230
2.40674 2.28783 1.15556 180 200 230
-0.07968 3.26421 0.27062 180 200 230
-1.04757 -3.26654 3.27980 180 200 230
-3.36741 -1.10246 5.24512 180 200 230
0.44098 -3.40847 3.31235 180 200 230
-3.42604 -1.44192 8.51192 180 200 230
-3.06937 -1.42861 2.41866 180 200 230
2.13643 -2.64080 2.66498 180 200 230
-3.18078 1.62850 5.85961 180 200 230
2.56748 -1.99039 0.03763 180 200 230
-2.51282 2.60233 6.67148 180 200 230
-1.63696 3.04093 3.55044 180 200 230
0.68704 -3.67410 8.81292 180 200 230
3.59934 0.26158 6.35581 180 200 230
1.53978 2.89458 0.50388 180 200 230
2.96462 1.43543 0.89131 180 200 230
-3.28855 -0.25061 0.84835 180 200 230
-2.58051 -2.68207 8.60118 180 200 230
3.59492 0.23470 6.29153 180 200 230
1.83314 2.94814 4.00730 180 200 230
-1.08935 3.17902 1.91166 180 200 230
-1.01436 3.55587 7.92970 180 200 230
2.74369 1.91886 1.92245 180 200 230
1.68143 3.19250 6.48954 180 200 230
2.07995 -2.97726 6.98209 180 200 230
-1.04365 -3.25240 2.78880 180 200 230
-1.00218 3.36302 4.70474 180 200 230
-0.28283 3.34945 2.12313 180 200 230
3.02922 1.67027 3.56351 180 200 230
-2.17168 3.03269 8.70669 180 200 230
-2.88326 2.14872 6.37162 180 200 230
3.02634 -2.07952 7.69934 180 200 230
-0.15264 -3.52652 5.02389 180 200 230
-3.34757 0.44099 2.27269 180 200 230
2.38934 2.70527 6.54372 180 200 230
-1.94988 -2.91470 4.66574 180 200 230
3.07748 -1.30857 1.68966 180 200 230
3.06248 1.63495 3.86906 180 200 230
2.07723 -2.91230 5.85951 180 200 230
1.53963 3.27801 6.73907 180 200 230
-1.01775 -3.22029 2.31176 180 200 230
1.49201 3.38094 7.95000 180 200 230
-2.79636 -2.03204 3.56934 180 200 230
0.26312 3.37711 2.57173 180 200 230
-3.24436 -0.87001 1.86124 180 200 230
-2.95556 -2.15182 7.33458 180 200 230
-2.52010 -2.32282 3.33792 180 200 230
-1.43084 -3.18489 4.51181 180 200 230
3.06205 1.41815 2.12081 180 200 230
-1.04159 -3.45416 6.30914 180 200 230
2.05559 3.00832 7.13507 180 200 230
-1.51663 -3.07295 3.20223 180 200 230
2.64301 2.61124 8.53757 180 200 230
-3.24293 0.42180 0.29573 180 200 230
-2.51512 2.16819 1.27465 180 200 230
3.47082 -0.72227 5.45303 180 200 230
-2.45712 -2.64337 6.44334 180 200 230
2.87011 1.77637 2.38162 180 200 230
-1.07472 -3.37141 5.14391 180 200 230
1.17304 3.20373 3.00884 180 200 230
-0.79661 3.44661 5.14413 180 200 230
-2.58867 2.47902 6.07516 180 200 230
0.61111 -3.67502 8.77186 180 200 230
3.27841 -1.20173 4.26126 180 200 230
3.18950 -1.64195 5.97705 180 200 230
1.69447 3.11383 5.35738 180 200 230
3.17478 1.26653 3.00080 180 200 230
1.60366 -2.98183 2.40328 180 200 230
-0.89108 3.63918 8.89791 180 200 230
-2.92226 -1.67477 1.97117 180 200 230
3.62001 -0.48907 7.21459 180 200 230
1.29367 3.06433 1.40402 180 200 230
-2.58545 2.59014 7.33592 180 200 230
2.25369 -2.47368 1.77338 180 200 230
-2.19241 -3.01682 8.72385 180 200 230
3.33250 -1.37906 6.30830 180 200 230
-2.23345 -2.43047 0.86688 180 200 230
-1.18722 3.39297 6.37203 180 200 230
1.20711 -3.34571 5.58417 180 200 230
0.19958 -3.42491 3.18469 180 200 230
3.08995 -1.36910 2.47522 180 200 230
-3.57219 0.53896 6.59495 180 200 230
-3.64000 -0.06494 6.79056 180 200 230
-1.53007 3.05864 3.08988 180 200 230
-0.43475 3.67154 7.95187 180 200 230
3.39835 -0.07415 2.54956 180 200 230
3.24940 -0.46755 0.67353 180 200 230
-3.49813 -0.65925 5.55069 180 200 230
3.18620 -0.92382 1.02814 180 200 230
-2.10210 2.66976 2.62259 180 200 230
2.07144 -2.85130 4.72433 180 200 230
-2.24893 -2.54666 2.71277 180 200 230
-0.69295 -3.30079 2.04746 180 200 230
-0.71623 -3.53713 6.45892 180 200 230
-2.32104 -2.66050 5.08112 180 200 230
2.20496 -2.94335 7.64012 180 200 230
-2.76267 2.22722 5.38568 180 200 230
2.04293 -2.84219 4.51176 180 200 230
1.37732 3.09779 2.47949 180 200 230
1.12652 3.46408 7.23065 180 200 230
-0.68264 -3.28006 1.87821 180 200 230
0.00276 -3.38152 2.30224 180 200 230
3.00837 -2.11994 7.65569 180 200 230
-0.56056 3.58544 6.78973 180 200 230
3.34712 1.23051 5.66571 180 200 230
-3.26929 -0.15359 0.37591 180 200 230
2.35445 -2.34440 1.22042 180 200 230
3.44565 -0.62446 4.66052 180 200 230
2.27365 -2.82608 6.83465 180 200 230
-3.48365 0.22013 4.33743 180 200 230
2.13109 -2.46736 0.16732 180 200 230
0.74904 3.25207 1.76013 180 200 230
3.12041 -1.68572 5.45276 180 200 230
-3.29112 -1.46975 6.38060 180 200 230
-2.51353 2.09636 0.32282 180 200 230
-2.85013 -1.60537 0.41860 180 200 230
0.71770 -3.30748 2.48031 180 200 230
0.20453 3.29095 0.80366 180 200 230
2.82963 2.10735 5.03604 180 200 230
-0.35149 -3.30168 1.18667 180 200 230
3.42246 -1.05362 5.97743 180 200 230
-2.37240 -2.75934 7.10232 180 200 230
2.33894 2.92262 8.75149 180 200 230
-2.31718 -2.92552 8.56488 180 200 230
2.51919 2.26729 2.59238 180 200 230
-1.07837 3.08471 0.28425 180 200 230
3.35395 0.67476 3.11018 180 200 230
-3.60335 0.28355 6.50495 180 200 230
-1.42075 2.95374 0.57701 180 200 230
2.81628 1.97990 3.38808 180 200 230
-1.23687 3.18064 2.82031 180 200 230
-2.01701 -2.68888 2.08894 180 200 230
-0.87772 3.50229 6.48461 180 200 230
2.23669 2.81250 6.07261 180 200 230
-3.38299 -0.97818 4.97862 180 200 230
0.07512 -3.70403 8.24648 180 200 230
1.59640 -2.89773 0.99107 180 200 230
-3.27780 0.58062 1.43332 180 200 230
-0.83361 -3.33998 3.60585 180 200 230
1.79200 -3.10409 6.04480 180 200 230
-1.65781 -3.14967 5.41036 180 200 230
-3.25160 -0.56268 0.71272 180 200 230
3.46614 1.37082 8.65004 180 200 230
-0.84769 3.29857 2.88587 180 200 230
-1.45919 3.11030 3.38167 180 200 230
-2.82815 2.19342 5.76027 180 200 230
3.55245 -1.13227 8.53757 180 200 230
0.91899 3.47705 6.10407 180 200 230
-3.60727 -0.96385 8.61874 180 200 230
3.33781 -0.18436 1.79115 180 200 230
-2.61567 -2.41926 5.71849 180 200 230
0.93593 3.54431 7.54714 180 200 230
3.40156 -0.86902 4.74162 180 200 230
-1.77308 2.94330 3.41105 180 200 230
3.57217 1.10806 8.87201 180 200 230
-3.02350 1.39128 1.35072 180 200 230
0.20331 3.45892 3.85575 180 200 230
1.54999 -3.35587 7.92749 180 200 230
0.69517 3.63871 8.15873 180 200 230
1.58823 -3.38321 8.83520 180 200 230
3.60175 0.83296 8.02564 180 200 230
2.95117 -1.40785 0.49224 180 200 230
3.57608 0.97091 8.40808 180 200 230
3.22014 -1.30924 4.01215 180 200 230
3.21095 1.60294 6.00697 180 200 230
2.40648 -2.48069 3.70415 180 200 230
1.79003 -3.19246 7.41634 180 200 230
-2.93495 -1.97910 5.33878 180 200 230
3.58929 0.82568 7.68954 180 200 230
-2.42926 -2.31428 1.84874 180 200 230
-2.47254 -2.25970 1.76617 180 200 230
-3.25677 -1.22356 4.12298 180 200 230
-2.20211 -2.39052 0.04617 180 200 230
3.52625 -0.71623 6.36899 180 200 230
3.40559 -0.09616 2.80225 180 200 230
-3.50542 -0.45394 5.17297 180 200 230
2.75383 1.79165 0.67472 180 200 230
2.23109 2.49787 1.63072 180 200 230
-0.66111 -3.50767 5.75398 180 200 230
3.37657 -0.38430 2.89182 180 200 230
-3.09332 1.31432 2.04554 180 200 230
2.74730 1.94476 2.17780 180 200 230
-2.02840 2.68241 2.04634 180 200 230
-2.67246 2.35578 5.75429 180 200 230
3.34047 -0.07147 1.60322 180 200 230
-1.33405 -3.16893 3.41582 180 200 230
2.65637 2.42831 6.32539 180 200 230
-1.82937 3.00316 4.78308 180 200 230
3.39246 1.06841 5.52788 180 200 230
-1.93476 -2.77360 2.38336 180 200 230
-1.73452 -3.28788 8.43248 180 200 230
3.24190 1.22494 3.88261 180 200 230
-1.74169 2.92319 2.71810 180 200 230
3.03673 -2.12462 8.19144 180 200 230
1.66675 -3.18093 6.03920 180 200 230
-3.18223 -1.60165 5.67542 180 200 230
-3.68071 0.35672 8.04170 180 200 230
3.29026 -0.14787 0.56399 180 200 230
-0.63846 -3.61735 7.62246 180 200 230
3.43842 -1.05460 6.23753 180 200 230
3.09073 1.49216 3.39124 180 200 230
0.79664 3.28649 2.43420 180 200 230
3.24247 0.64202 1.00717 180 200 230
2.51423 -2.74858 8.50305 180 200 230
-1.14269 -3.12650 1.35948 180 200 230
1.48781 3.04434 2.46263 180 200 230
3.55966 -0.58237 6.35319 180 200 230
3.46899 -0.98902 6.51999 180 200 230
0.53049 3.29546 1.53787 180 200 230
-2.20793 -2.92190 7.42021 180 200 230
-1.72979 -3.05953 4.75276 180 200 230
3.67562 0.09279 7.71490 180 200 230
-1.23526 -3.05136 0.84023 180 200 230
0.58511 3.21409 0.41400 180 200 230
2.91214 -2.07915 5.87846 180 200 230
1.75906 -2.83017 1.43630 180 200 230
2.91554 -1.97355 4.88412 180 200 230
0.15455 -3.25385 0.13659 180 200 230
1.85592 3.13394 7.12557 180 200 230
-2.37179 2.84676 8.15057 180 200 230
-0.93765 -3.55269 7.63275 180 200 230
-1.65773 3.33992 8.64935 180 200 230
-0.92160 -3.59250 8.18080 180 200 230
-1.79534 2.98592 4.15576 180 200 230
1.51340 3.10054 3.74171 180 200 230
-3.67740 -0.42152 8.12222 180 200 230
-1.44749 -3.41702 8.38374 180 200 230
-3.71620 -0.40308 8.77140 180 200 230
-2.27744 -2.81967 7.02584 180 200 230
-3.10680 1.27430 1.92598 180 200 230
0.66009 -3.66887 8.53582 180 200 230
-2.18996 -3.01288 8.55455 180 200 230
-3.19827 -1.61966 6.13501 180 200 230
-3.39228 1.45857 7.78977 180 200 230
-3.45612 -0.78914 5.20701 180 200 230
3.53169 1.17234 8.52917 180 200 230
-1.64849 -2.85747 0.90356 180 200 230
1.03863 3.52630 7.84800 180 200 230
2.09446 -2.52695 0.53538 180 200 230
1.30602 -3.16178 3.19963 180 200 230
-3.27423 -0.58109 1.29705 180 200 230
2.00795 -2.87115 4.47264 180 200 230
-1.60972 -2.96341 2.20930 180 200 230
2.34987 2.88674 8.59650 180 200 230
-0.20539 -3.53866 5.19047 180 200 230
3.70069 -0.09753 8.13540 180 200 230
3.28492 0.86496 2.63563 180 200 230
0.10403 3.25765 0.25150 180 200 230
-2.97879 -2.10027 7.08838 180 200 230
-3.10730 1.83253 6.45193 180 200 230
-2.28829 -2.68116 5.06795 180 200 230
-3.14189 -1.89573 7.43026 180 200 230
0.87088 -3.57896 7.64258 180 200 230
3.21034 1.53298 5.44448 180 200 230
-3.48118 1.36273 8.71294 180 200 230
2.31202 -2.79283 6.60253 180 200 230
-2.33654 2.72664 6.22916 180 200 230
-3.43285 -0.08174 3.40427 180 200 230
3.21933 0.43918 0.02200 180 200 230
0.54586 3.33435 2.29037 180 200 230
-3.54229 0.82328 6.98699 180 200 230
-2.90430 2.13900 6.51754 180 200 230
-0.75409 -3.33955 3.12491 180 200 230
-2.72406 -2.30828 5.77802 180 200 230
2.45174 -2.29416 1.86288 180 200 230
2.07341 -2.68099 2.50166 180 200 230
0.20489 3.71022 8.55730 180 200 230
3.44600 0.38348 3.87614 180 200 230
2.06715 -2.68333 2.32773 180 200 230
-1.67042 3.07865 4.54466 180 200 230
-1.98087 2.83324 3.63769 180 200 230
1.96991 3.03596 6.68860 180 200 230
-1.30912 -3.49817 8.68086 180 200 230
-0.66771 3.48731 5.47895 180 200 230
1.57820 3.18309 5.47359 180 200 230
-3.43887 -0.07328 3.43529 180 200 230
0.00926 -3.54337 5.23794 180 200 230
-0.41928 3.38766 3.01745 180 200 230
-0.56687 -3.19335 0.01099 180 200 230
-3.58453 0.87308 7.86555 180 200 230
-2.85954 1.97575 4.02379 180 200 230
-2.22637 2.70777 4.58942 180 200 230
2.01264 2.61433 0.80354 180 200 230
-1.82210 3.18825 7.61763 180 200 230
2.42533 -2.29910 1.62822 180 200 230
2.77310 2.07304 3.85308 180 200 230
3.54804 -0.95149 7.64469 180 200 230
2.72336 2.18172 4.28028 180 200 230
-2.41347 2.84270 8.41855 180 200 230
-2.64148 -2.08389 1.99452 180 200 230
1.89670 -3.08028 6.56385 180 200 230
2.32071 2.93746 8.81472 180 200 230
2.22607 2.72912 5.10499 180 200 230
-2.49450 -2.60271 6.36274 180 200 230
-0.91812 3.33576 3.69435 180 200 230
-2.23537 -2.86328 6.87785 180 200 230
1.59065 -3.34840 8.23016 180 200 230
3.19180 1.67384 6.45805 180 200 230
2.07994 -3.08156 8.45976 180 200 230
3.45020 0.83028 5.45164 180 200 230
2.85829 -2.10905 5.34895 180 200 230
3.37756 -0.52151 2.88116 180 200 230
-1.79524 -3.14534 6.51460 180 200 230
3.67221 -0.36447 8.00124 180 200 230
1.56375 -3.21798 5.96081 180 200 230
3.23934 0.92713 2.21690 180 200 230
3.52475 0.08442 5.05553 180 200 230
3.59837 0.47293 6.91804 180 200 230
-3.55052 1.10678 8.48886 180 200 230
-2.38392 -2.33595 1.49834 180 200 230
-3.29192 0.38497 1.22316 180 200 230
-1.53404 -3.11304 3.87380 180 200 230
-3.15852 1.03499 1.20467 180 200 230
3.60925 0.98893 8.83532 180 200 230
0.51875 3.43818 3.97694 180 200 230
3.51507 -0.16302 4.96190 180 200 230
-1.90778 2.77469 2.16124 180 200 230
-1.57731 3.10695 4.20209 180 200 230
2.14717 3.06707 8.87124 180 200 230
3.49896 -0.28326 4.55847 180 200 230
0.39800 3.22530 0.08574 180 200 230
-2.03805 -2.69065 2.30538 180 200 230
3.60976 0.97650 8.81880 180 200 230
3.42062 1.51796 8.90825 180 200 230
-0.69604 -3.28326 2.00607 180 200 230
-2.35380 -2.67555 5.68704 180 200 230
-1.39774 -2.97824 0.74080 180 200 230
0.42399 3.52918 5.35153 180 200 230
3.29710 -0.31399 1.20827 180 200 230
-3.42446 -1.31556 7.45894 180 200 230
3.66001 -0.70896 8.49015 180 200 230
1.71479 2.86537 1.65342 180 200 230
-2.88904 1.96075 4.32481 180 200 230
-1.69583 2.83951 0.98065 180 200 230
0.10935 -3.42806 3.19944 180 200 230
-0.05013 -3.28489 0.62756 180 200 230
-3.37397 0.28594 2.51040 180 200 230
3.72946 0.37970 8.91765 180 200 230
1.48171 2.91734 0.43083 180 200 230
3.50154 1.14418 7.80474 180 200 230
1.88488 -2.69937 0.74589 180 200 230
-0.87238 3.41805 4.92005 180 200 230
2.57845 2.35875 4.22868 180 200 230
-2.26119 2.94662 8.42279 180 200 230
2.96776 1.56632 1.89843 180 200 230
3.30853 -0.44212 1.71677 180 200 230
-1.44508 3.33894 6.85471 180 200 230
3.30453 -1.47791 6.65531 180 200 230
-1.47895 -3.28809 6.42406 180 200 230
-2.98674 -1.31722 0.25267 180 200 230
-3.34753 0.51949 2.46754 180 200 230
-1.40734 -3.39038 7.64165 180 200 230
-1.38949 -3.28285 5.55920 180 200 230
3.55496 0.23535 5.57118 180 200 230
2.85304 -1.86683 2.80084 180 200 230
-2.28462 2.49612 2.46974 180 200 230
-2.24878 2.96499 8.54976 180 200 230
-3.01435 2.00481 6.67307 180 200 230
-1.31375 -3.05076 1.21675 180 200 230
-2.64957 2.61590 8.47456 180 200 230
-2.48883 2.52566 5.39589 180 200 230
3.15917 1.33107 3.14625 180 200 230
-2.98958 1.72666 3.73054 180 200 230
2.13517 2.91865 6.65276 180 200 230
2.12303 -2.71617 3.53981 180 200 230
-1.79371 3.05438 5.36382 180 200 230
3.49906 -0.87811 6.52301 180 200 230
-1.34408 -3.08088 1.86351 180 200 230
0.14416 -3.72792 8.52961 180 200 230
3.26374 -1.11168 3.35525 180 200 230
0.24111 3.46234 3.93241 180 200 230
-3.29192 -1.48116 6.41796 180 200 230
3.44600 0.90155 5.62970 180 200 230
2.80332 2.05722 4.12075 180 200 230
-2.39895 2.66699 5.99051 180 200 230
-1.52716 -3.38239 8.17838 180 200 230
1.79702 -3.18794 7.30078 180 200 230
-0.14735 3.65991 7.50750 180 200 230
-0.01965 -3.38818 2.45303 180 200 230
0.55723 3.41954 3.93300 180 200 230
3.53148 0.13443 5.14191 180 200 230
3.09193 1.10030 0.42630 180 200 230
-3.12228 -1.86133 7.03806 180 200 230
-3.43002 0.06148 3.05472 180 200 230
-0.43534 3.37353 2.67757 180 200 230
3.38155 0.13920 2.46149 180 200 230
-3.09382 -1.40887 2.68496 180 200 230
1.41102 -3.11948 3.18940 180 200 230
3.23317 1.48546 5.59478 180 200 230
-0.30139 -3.53790 5.40626 180 200 230
-2.24467 -2.53137 2.42814 180 200 230
-3.32647 0.43394 1.96790 180 200 230
3.49911 1.09675 7.52536 180 200 230
2.92054 -1.52126 0.89227 180 200 230
-3.47377 0.49570 4.77587 180 200 230
-2.83677 2.07176 4.84517 180 200 230
2.29072 -2.71732 5.32211 180 200 230
2.08984 -3.05120 8.03242 180 200 230
-0.50877 -3.53675 5.76311 180 200 230
1.78748 -3.28261 8.77816 180 200 230
2.62163 2.59960 7.91043 180 200 230
0.23092 -3.36159 2.04524 180 200 230
-1.59134 2.98128 2.29258 180 200 230
2.31428 -2.54353 3.25085 180 200 230
-2.36822 2.51456 3.67900 180 200 230
3.33427 1.18396 5.13431 180 200 230
-2.89949 1.73003 2.21158 180 200 230
0.14316 -3.35990 2.11700 180 200 230
-3.44941 -0.02020 3.58659 180 200 230
0.30669 -3.57135 6.18686 180 200 230
3.51279 0.79155 6.32738 180 200 230
1.65133 3.35285 8.79916 180 200 230
-3.09109 -1.30566 1.93013 180 200 230
-2.59466 2.27842 3.69137 180 200 230
-1.58699 -3.38222 8.70249 180 200 230
3.49888 -0.83875 6.34406 180 200 230
-1.91226 -3.00747 5.48303 180 200 230
-3.06604 1.75234 5.01526 180 200 230
-3.17066 -0.86448 0.72757 180 200 230
3.16141 -1.92840 8.09814 180 200 230
-1.66356 -3.16541 5.77704 180 200 230
1.16303 -3.35019 5.30053 180 200 230
-1.12075 3.34055 5.01440 180 200 230
-0.12364 -3.46355 3.68202 180 200 230
2.16861 2.60242 2.41813 180 200 230
-0.00511 -3.62779 6.91277 180 200 230
2.58557 -2.38079 4.74628 180 200 230
2.64596 -1.91650 0.32809 180 200 230
2.57110 2.31279 3.74808 180 200 230
1.78517 -3.25292 8.39791 180 200 230
2.65585 2.19533 3.51810 180 200 230
-3.42939 0.46837 3.87696 180 200 230
-1.46803 -3.25250 5.76379 180 200 230
-3.64031 0.36145 7.31288 180 200 230
-1.92167 3.03187 6.15526 180 200 230
-1.48564 -3.36451 7.72856 180 200 230
-1.76073 -2.80862 1.09417 180 200 230
-3.21826 -1.84620 8.36382 180 200 230
-3.64276 -0.65769 8.18824 180 200 230
-0.96418 -3.37725 4.83252 180 200 230
-2.92482 2.04089 5.77081 180 200 230
3.05418 1.40842 2.02748 180 200 230
-3.38997 -0.81283 4.19131 180 200 230
-0.55669 -3.30682 1.93296 180 200 230
-0.99249 3.11035 0.21245 180 200 230
2.37135 2.89418 8.83937 180 200 230
2.87439 -1.77784 2.46039 180 200 230
2.33055 -2.68573 5.49085 180 200 230
-2.51143 -2.31231 2.84080 180 200 230
0.78298 -3.34390 3.48871 180 200 230
3.40117 -0.67531 3.73538 180 200 230
-3.10363 -1.44284 3.16209 180 200 230
0.13043 3.56617 5.88261 180 200 230
-2.40053 -2.85804 8.67102 180 200 230
2.98852 -1.77772 4.01634 180 200 230
-1.37213 -3.47505 8.77565 180 200 230
3.54446 0.58974 6.14921 180 200 230
3.09912 -1.77720 5.61448 180 200 230
0.07796 -3.37538 2.25458 180 200 230
-2.69075 1.90804 0.60587 180 200 230
3.67519 -0.28943 7.74423 180 200 230
-0.62764 -3.48989 5.32118 180 200 230
1.58273 -3.08512 3.88738 180 200 230
3.42874 -1.27923 7.40169 180 200 230
3.30936 0.84036 2.93647 180 200 230
0.55791 -3.60754 7.15708 180 200 230
-2.58444 2.23992 3.09687 180 200 230
2.52119 -2.71626 8.33248 180 200 230
2.46071 -2.34309 2.54162 180 200 230
1.57795 -2.93025 1.31809 180 200 230
0.65667 -3.53888 6.41489 180 200 230
0.91665 -3.20904 1.55758 180 200 230
-1.07594 3.57294 8.57302 180 200 230
-2.98868 1.98943 6.04159 180 200 230
2.52602 2.22854 2.19653 180 200 230
1.63227 -2.94313 1.98981 180 200 230
-2.25796 -2.94927 8.35749 180 200 230
-2.70712 -2.31848 5.62135 180 200 230
0.09106 3.69437 8.10166 180 200 230
-2.46555 -2.17467 1.05994 180 200 230
-3.56085 1.04541 8.37057 180 200 230
3.52003 -0.10467 4.84009 180 200 230
2.34184 -2.72220 6.15484 180 200 230
-3.40233 -0.56044 3.50862 180 200 230
1.18039 -3.06797 0.57012 180 200 230
1.90803 3.20352 8.64613 180 200 230
3.01055 2.22803 8.95473 180 200 230
-2.33760 -2.50978 3.43320 180 200 230
-0.54009 -3.67653 8.52726 180 200 230
3.14895 1.09044 1.60405 180 200 230
1.01136 3.17798 1.48036 180 200 230
-3.19781 -0.76280 0.70447 180 200 230
3.18623 1.32721 3.67691 180 200 230
-2.90897 1.50407 0.50493 180 200 230
-3.43023 0.38787 3.70786 180 200 230
2.93465 -1.57015 1.32603 180 200 230
-1.45280 3.31845 6.69713 180 200 230
1.79799 3.20669 7.58515 180 200 230
3.58642 0.16932 6.32524 180 200 230
2.42516 2.32394 1.91186 180 200 230
0.01979 -3.63710 7.01239 180 200 230
-3.17987 1.14659 2.37029 180 200 230
1.15340 3.45536 6.94815 180 200 230
3.23157 -1.44623 5.26278 180 200 230
0.80485 -3.34890 3.45228 180 200 230
2.47621 2.16556 0.80400 180 200 230
-0.43597 3.64281 7.53518 180 200 230
2.17235 -3.01216 8.49161 180 200 230
-1.27057 -3.35810 6.13283 180 200 230
3.51882 -1.25325 8.70138 180 200 230
3.30531 1.71696 8.44394 180 200 230
0.53245 -3.30647 1.85697 180 200 230
3.21052 1.67187 6.70325 180 200 230
-1.77660 2.93372 3.29307 180 200 230
0.01471 -3.50139 4.54842 180 200 230
-0.80732 -3.22925 1.50234 180 200 230
3.72711 0.04960 8.78841 180 200 230
1.07496 3.45120 6.65925 180 200 230
0.60543 -3.33594 2.53217 180 200 230
2.41729 2.45240 3.49600 180 200 230
-1.60337 3.08051 3.96060 180 200 230
1.46666 3.32540 6.84465 180 200 230
2.83910 2.39275 8.37307 180 200 230
1.76613 -2.91792 3.03712 180 200 230
3.24063 1.31477 4.41304 180 200 230
-3.46424 -0.79838 5.49178 180 200 230
-1.21745 -3.23235 3.69575 180 200 230
3.28934 1.24507 4.69770 180 200 230
-2.21249 -2.46013 1.01561 180 200 230
-1.68313 2.88453 1.60315 180 200 230
1.73402 -2.99419 3.76631 180 200 230
1.09572 -3.54904 8.28143 180 200 230
0.93413 -3.29985 3.29357 180 200 230
-2.71564 2.00808 2.37319 180 200 230
1.59658 -3.25653 6.80440 180 200 230
-2.54703 -2.71170 8.57166 180 200 230
-2.52298 2.40882 4.29250 180 200 230
2.84585 1.58016 0.08332 180 200 230
3.28845 1.46788 6.32757 180 200 230
-0.03051 3.46436 3.89344 180 200 230
-1.10436 3.42929 6.20011 180 200 230
3.05441 -1.49567 2.63222 180 200 230
3.25081 -0.00127 0.02336 180 200 230
2.12537 2.69337 3.24873 180 200 230
3.38516 -1.27263 6.47257 180 200 230
-0.93103 -3.32437 3.69373 180 200 230
-3.36100 0.02939 2.08734 180 200 230
3.35147 -0.98085 4.33650 180 200 230
-0.82197 -3.54049 6.88653 180 200 230
-2.75836 -1.84069 1.14621 180 200 230
0.90751 3.49140 6.35882 180 200 230
0.12522 3.58556 6.14553 180 200 230
2.91905 -1.81408 3.48964 180 200 230
0.81349 3.64350 8.75052 180 200 230
3.62741 0.74659 8.10949 180 200 230
-0.34722 3.39368 2.98828 180 200 230
-3.23277 0.39693 0.30111 180 200 230
-2.51640 2.30526 2.91549 180 200 230
3.08630 -1.31711 1.95183 180 200 230
-3.07258 1.72519 5.08376 180 200 230
2.84621 -2.38327 8.31395 180 200 230
-3.05388 -2.06598 7.90201 180 200 230
-3.37987 -0.51628 2.89221 180 200 230
1.85762 2.93512 4.01621 180 200 230
-0.43120 3.24401 0.35295 180 200 230
2.37079 -2.61645 5.05574 180 200 230
0.61392 -3.22301 0.61116 180 200 230
-3.51773 1.20628 8.48244 180 200 230
3.10570 -1.99781 7.87253 180 200 230
1.41790 -3.05399 2.04018 180 200 230
2.74321 2.33056 6.42602 180 200 230
-2.78162 -2.18381 5.26856 180 200 230
1.10270 -3.47962 7.31059 180 200 230
1.25524 -3.26936 4.44126 180 200 230
2.80742 1.81501 1.83057 180 200 230
0.56898 3.53643 5.90345 180 200 230
-2.81521 1.71207 0.77288 180 200 230
-0.03640 3.55140 5.41532 180 200 230
2.60333 2.12456 2.02663 180 200 230
-2.48815 -2.60991 6.29911 180 200 230
-3.66540 -0.17224 7.53974 180 200 230
1.85575 2.73027 1.05249 180 200 230
-2.95657 -1.78334 3.75911 180 200 230
3.34430 1.37333 6.72364 180 200 230
-2.48020 2.24145 1.56538 180 200 230
0.93688 -3.42316 5.25451 180 200 230
2.77381 -2.29324 6.18444 180 200 230
0.10283 3.43348 3.34328 180 200 230
2.32656 -2.83007 7.57398 180 200 230
2.72824 -2.20670 4.75641 180 200 230
-2.79224 -2.21927 5.79073 180 200 230
3.30394 -0.37153 1.34982 180 200 230
0.07855 3.26843 0.22366 180 200 230
2.98051 1.37913 0.48944 180 200 230
2.05103 -3.08244 8.18818 180 200 230
-3.67768 0.20980 8.00751 180 200 230
-2.08096 3.00267 7.36426 180 200 230
3.16129 1.14336 1.90340 180 200 230
3.23631 1.39142 4.88858 180 200 230
3.07451 1.97061 7.26519 180 200 230
1.45497 3.28507 6.20966 180 200 230
3.25083 -0.61165 1.10936 180 200 230
-0.72435 3.62323 8.11710 180 200 230
1.36814 -3.05323 1.53661 180 200 230
3.32491 0.40760 1.64157 180 200 230
-1.61320 3.32915 8.16351 180 200 230
2.90319 -1.94137 4.52275 180 200 230
1.36768 3.16274 3.50890 180 200 230
-0.74992 3.45438 5.14041 180 200 230
1.73162 -3.31999 8.84338 180 200 230
2.39881 2.29243 1.14799 180 200 230
3.42823 1.19021 6.92685 180 200 230
3.35357 -0.72803 3.15494 180 200 230
-2.73575 1.86445 1.12378 180 200 230
-1.89987 -2.90703 3.95560 180 200 230
2.46397 2.53037 5.09674 180 200 230
0.62661 3.30480 1.96304 180 200 230
-3.34108 0.85827 3.80495 180 200 230
-1.62205 -3.19104 5.86676 180 200 230
-0.95087 3.41269 5.34334 180 200 230
2.70904 -2.39944 6.63303 180 200 230
0.71535 -3.60886 7.61117 180 200 230
-3.27937 -1.10113 3.83974 180 200 230
-3.35231 0.87846 3.96542 180 200 230
-2.56222 -2.39226 4.63091 180 200 230
-0.40692 -3.51622 5.25351 180 200 230
2.18480 2.47661 1.04093 180 200 230
2.05269 -2.72888 2.95547 180 200 230
-3.33466 0.22236 1.64291 180 200 230
3.17273 -1.36483 3.62722 180 200 230
3.58874 -1.02938 8.77603 180 200 230
3.47940 0.67999 5.39914 180 200 230
-2.59758 2.30517 4.02338 180 200 230
-3.49248 -0.58071 5.24975 180 200 230
-3.48056 -0.88423 6.16058 180 200 230
1.52573 -3.11969 4.07405 180 200 230
2.20236 2.70011 4.18925 180 200 230
-2.58787 -2.50727 6.44361 180 200 230
3.07083 -1.15823 0.58699 180 200 230
3.52656 -0.07333 5.01938 180 200 230
3.52519 0.22369 5.08397 180 200 230
3.58668 -0.62441 6.92449 180 200 230
2.68717 2.59457 8.85442 180 200 230
-3.54380 -0.83786 7.26263 180 200 230
0.08000 3.50693 4.69468 180 200 230
-2.61661 -2.06653 1.62028 180 200 230
3.44232 0.81561 5.44877 180 200 230
0.26957 3.67069 7.59297 180 200 230
-1.16268 3.53481 8.42972 180 200 230
3.16681 -1.85657 7.51612 180 200 230
-2.89701 -1.67979 1.80381 180 200 230
-0.93847 -3.49156 6.54072 180 200 230
-1.65491 -3.29981 7.98580 180 200 230
-2.80821 2.25594 6.26491 180 200 230
3.58734 0.31685 6.30653 180 200 230
2.74498 2.18561 4.66198 180 200 230
-3.45765 0.91542 5.87841 180 200 230
3.18264 -1.23024 2.78644 180 200 230
0.02574 3.29821 0.85449 180 200 230
-1.16885 -3.47212 7.53724 180 200 230
1.72433 -3.30192 8.52062 180 200 230
3.07085 -2.03697 7.78626 180 200 230
-0.92405 3.29733 3.15154 180 200 230
2.99690 -1.38083 0.89962 180 200 230
-2.64092 -2.12894 2.65524 180 200 230
-3.67128 -0.19410 7.66662 180 200 230
0.63523 -3.52291 6.04446 180 200 230
0.26454 3.72379 8.71972 180 200 230
1.31275 -3.16475 3.23227 180 200 230
-2.08108 -2.86295 5.12063 180 200 230
1.11665 -3.48386 7.21223 180 200 230
2.07628 -2.65179 2.22590 180 200 230
-2.76358 -2.50983 8.69768 180 200 230
3.45892 0.81285 5.48469 180 200 230
-0.96240 3.11111 0.07637 180 200 230
2.35137 -2.26379 0.24326 180 200 230
-2.57883 -2.64303 8.00336 180 200 230
2.76010 -2.28171 5.95150 180 200 230
-2.72078 2.41305 6.97963 180 200 230
-3.65414 -0.10857 7.16023 180 200 230
2.25191 -2.63354 3.94260 180 200 230
0.27612 -3.64565 7.28652 180 200 230
-2.67380 2.59106 8.47308 180 200 230
3.30987 0.47383 1.64547 180 200 230
2.65640 -2.48388 6.98887 180 200 230
0.77415 -3.32973 2.91042 180 200 230
-3.23589 1.07030 3.03775 180 200 230
-3.31468 -0.99108 3.87269 180 200 230
1.04455 3.53820 7.84518 180 200 230
-2.77317 1.70897 0.21363 180 200 230
1.80071 2.96752 4.06481 180 200 230
0.88164 3.48549 6.25678 180 200 230
1.88114 -2.71741 1.06078 180 200 230
-2.37321 2.77965 7.23159 180 200 230
1.47434 -3.42332 8.50995 180 200 230
-3.25478 0.53859 0.87480 180 200 230
3.01207 1.43539 1.46381 180 200 230
-2.40569 2.85181 8.78245 180 200 230
1.82845 2.81324 1.88722 180 200 230
-1.14520 -3.09381 0.75979 180 200 230
3.16885 -1.97229 8.59694 180 200 230
0.30419 -3.69422 8.09152 180 200 230
0.63677 -3.52576 6.04350 180 200 230
2.28770 -2.70024 5.12028 180 200 230
0.61866 -3.65804 8.31823 180 200 230
-3.26064 -1.49879 6.04137 180 200 230
-0.79986 -3.50344 6.06644 180 200 230
-3.17212 1.85039 7.67415 180 200 230
3.22742 1.53827 6.02207 180 200 230
-0.96972 -3.38376 4.69300 180 200 230
-0.61211 -3.40128 3.66251 180 200 230
0.57688 3.46221 4.68867 180 200 230
3.37296 -1.00431 4.86203 180 200 230
3.24343 1.11073 3.39915 180 200 230
-0.30697 -3.47044 4.19297 180 200 230
3.58230 -0.71892 7.31483 180 200 230
-1.25916 3.23058 3.90652 180 200 230
2.78255 -1.70598 0.24720 180 200 230
1.56258 -2.99951 2.68258 180 200 230
-0.12488 -3.37261 2.20444 180 200 230
3.50044 -1.04586 7.24318 180 200 230
-1.97599 -2.87084 4.20357 180 200 230
-3.39491 0.10924 2.65659 180 200 230
-1.64801 -3.26891 7.39072 180 200 230
-2.77336 1.71577 0.18591 180 200 230
-1.51598 2.98049 1.66512 180 200 230
3.19142 1.81360 7.53029 180 200 230
-2.54678 2.45227 5.11351 180 200 230
1.19805 -3.44997 7.07058 180 200 230
3.45650 -1.23374 7.62691 180 200 230
3.67569 -0.57858 8.51082 180 200 230
0.88820 3.17036 0.61106 180 200 230
-3.29241 -1.58562 7.29200 180 200 230
-3.21429 -1.65684 6.50736 180 200 230
1.50581 3.00403 1.97324 180 200 230
-3.23862 -1.82383 8.42390 180 200 230
-2.25516 2.63164 3.79431 180 200 230
3.46016 -1.30981 8.04909 180 200 230
-0.11612 3.55140 5.59761 180 200 230
1.79266 -3.03292 4.90013 180 200 230
2.65469 -2.01006 1.52652 180 200 230
-0.32944 -3.70152 8.27612 180 200 230
0.78051 3.45885 5.16665 180 200 230
-0.21241 3.25571 0.05850 180 200 230
3.20806 -0.58865 0.17685 180 200 230
3.23679 1.67052 7.10566 180 200 230
2.47448 2.23986 1.54894 180 200 230
3.52097 -0.47699 5.54102 180 200 230
0.60710 -3.55839 6.26506 180 200 230
-0.07731 -3.40218 2.64745 180 200 230
1.89551 2.99548 5.27963 180 200 230
-3.37371 0.23485 2.28380 180 200 230
2.00960 -3.13334 8.54767 180 200 230
-1.74928 3.23611 7.81534 180 200 230
1.19318 3.17363 2.72880 180 200 230
3.51534 0.24214 4.91863 180 200 230
-2.51867 -2.44207 4.66625 180 200 230
-1.01489 3.59332 8.66321 180 200 230
2.26361 -2.61115 3.70191 180 200 230
-0.74048 3.46392 5.21655 180 200 230
2.15702 3.03156 8.39823 180 200 230
3.22695 -0.81887 1.55769 180 200 230
3.45204 -0.77670 5.11187 180 200 230
-1.31187 -3.03281 1.01551 180 200 230
3.21431 -1.55255 5.70651 180 200 230
1.81302 2.93096 3.44271 180 200 230
-3.62449 0.92234 8.72731 180 200 230
0.98488 3.32429 3.89647 180 200 230
-3.29393 0.44173 1.30536 180 200 230
0.94056 -3.55381 7.59064 180 200 230
2.05471 -3.02636 7.47854 180 200 230
3.59881 0.09419 6.38648 180 200 230
-2.78934 2.32224 6.85605 180 200 230
3.38054 -0.12604 2.51215 180 200 230
-3.02898 -1.90401 5.92320 180 200 230
-0.93552 3.13205 0.36744 180 200 230
-2.57134 2.15471 1.87815 180 200 230
-1.63702 3.33819 8.42875 180 200 230
-3.43654 1.17422 6.77254 180 200 230
-3.17156 1.15340 2.19443 180 200 230
-3.30600 -0.14265 1.06980 180 200 230
-3.63219 0.82374 8.56964 180 200 230
-3.29267 -0.33451 1.07745 180 200 230
3.33323 0.59230 2.44070 180 200 230
3.16494 1.12659 1.74345 180 200 230
-2.23950 2.35074 0.07270 180 200 230
2.55730 -2.25624 2.96959 180 200 230
0.94715 -3.61040 8.78305 180 200 230
2.64114 2.18924 3.22487 180 200 230
-3.51036 0.11405 4.69908 180 200 230
-2.87136 -2.21535 6.83117 180 200 230
-3.51409 0.41728 5.11716 180 200 230
-1.17445 -3.43499 6.81056 180 200 230
3.59278 -0.06179 6.09498 180 200 230
2.93286 2.03313 5.62736 180 200 230
-3.55513 -0.34810 5.99053 180 200 230
-3.64745 -0.28410 7.29116 180 200 230
-3.33236 -1.37734 6.52041 180 200 230
1.82041 3.16685 7.22757 180 200 230
-2.14712 -2.54156 1.39458 180 200 230
3.45762 0.98902 6.23587 180 200 230
-0.20175 -3.61356 6.75394 180 200 230
-1.77113 -2.91729 2.83822 180 200 230
-1.78364 3.22407 7.93845 180 200 230
3.40571 -0.23599 2.88214 180 200 230
1.60155 -2.96693 2.31779 180 200 230
-3.57418 -0.90659 7.87423 180 200 230
3.38338 -0.20197 2.34661 180 200 230
1.67742 -3.04711 3.89670 180 200 230
2.22258 2.61817 3.46394 180 200 230
-3.10956 -2.00258 8.13841 180 200 230
-3.04389 -1.69481 4.25751 180 200 230
-2.07081 -2.96405 6.38078 180 200 230
3.40216 -1.32834 7.24719 180 200 230
-3.57302 0.17903 5.79817 180 200 230
3.29344 1.74065 8.52528 180 200 230
-3.61995 0.47276 7.32049 180 200 230
0.81147 -3.35270 3.75872 180 200 230
-2.34854 2.88996 8.58572 180 200 230
3.48161 0.59874 4.88009 180 200 230
-1.07149 3.08250 0.21835 180 200 230
-1.40281 -3.08875 2.46777 180 200 230
3.05443 1.83263 5.74439 180 200 230
-2.37014 2.34158 1.50074 180 200 230
2.38177 2.63847 5.41053 180 200 230
-3.39455 0.51736 3.40589 180 200 230
2.22143 2.73785 4.96846 180 200 230
2.51404 2.05430 0.01841 180 200 230
-1.18635 -3.48639 7.71427 180 200 230
1.88031 2.88225 3.40848 180 200 230
1.87416 2.75014 1.34285 180 200 230
-2.91019 -1.91214 4.10045 180 200 230
3.37037 0.94697 4.53636 180 200 230
3.50511 0.73720 5.88190 180 200 230
-3.19684 1.46899 4.88079 180 200 230
-2.16825 2.45642 0.42016 180 200 230
-3.53605 -1.01815 7.91248 180 200 230
3.48051 -0.14256 4.26908 180 200 230
-3.02869 1.31727 0.74085 180 200 230
-3.23708 -1.67658 7.06382 180 200 230
3.13852 -1.74489 6.08207 180 200 230
-3.55859 0.37751 5.98831 180 200 230
0.67358 -3.40075 4.00127 180 200 230
-3.30214 -1.04211 3.85193 180 200 230
-2.29531 -2.67747 4.98591 180 200 230
2.99552 -1.35247 0.48781 180 200 230
3.41223 0.01509 2.82890 180 200 230
3.04263 -2.18326 8.89820 180 200 230
-3.58885 0.05205 6.10011 180 200 230
-2.71969 -2.15832 3.92832 180 200 230
-3.19690 1.03745 2.11728 180 200 230
-0.24812 3.61104 6.82524 180 200 230
3.10349 1.36638 2.47044 180 200 230
3.14028 -1.12777 1.55310 180 200 230
-2.36811 -2.33490 1.47928 180 200 230
2.52871 -2.57777 6.68673 180 200 230
-0.90890 3.46673 5.92953 180 200 230
-0.57489 3.23407 0.67286 180 200 230
-1.70068 2.84360 1.10449 180 200 230
0.42477 3.54840 5.85093 180 200 230
-3.54375 0.04519 5.29574 180 200 230
3.31269 -1.40295 6.30891 180 200 230
2.38038 -2.34880 1.70090 180 200 230
-3.62132 0.11152 6.66272 180 200 230
-2.16233 3.02538 8.46114 180 200 230
-2.71674 -2.29644 5.56132 180 200 230
-2.55598 -2.17630 1.87086 180 200 230
-1.45563 -3.29337 6.25205 180 200 230
-3.33878 -0.75953 3.23608 180 200 230
3.23010 0.54818 0.47579 180 200 230
3.02480 1.56635 2.86057 180 200 230
3.65555 -0.60786 8.20220 180 200 230
-0.08211 -3.47050 3.85730 180 200 230
3.49482 -1.17825 7.85335 180 200 230
-1.87940 2.98106 4.73760 180 200 230
-3.43398 -0.76644 4.81268 180 200 230
-1.42061 2.92527 0.05058 180 200 230
3.00688 -1.93657 5.87955 180 200 230
-0.77701 3.21571 1.03576 180 200 230
-1.21012 -3.28406 4.46935 180 200 230
1.53449 3.01420 2.47116 180 200 230
2.72558 2.12108 3.68698 180 200 230
1.96900 2.92229 4.99269 180 200 230
-3.20720 -0.60044 0.13974 180 200 230
1.89747 -2.80943 2.69668 180 200 230
3.74589 -0.01695 8.91264 180 200 230
-2.34794 -2.28055 0.55413 180 200 230
-3.34387 -0.71670 3.01770 180 200 230
0.78472 -3.32537 3.03662 180 200 230
3.16699 1.34091 3.56880 180 200 230
1.31424 -3.35647 6.29782 180 200 230
0.17725 -3.36354 2.35455 180 200 230
-3.42896 -0.64388 4.30284 180 200 230
3.54657 0.51583 5.94766 180 200 230
1.01362 3.27265 3.04442 180 200 230
-2.54023 2.71488 8.56876 180 200 230
3.48590 -1.34929 8.82918 180 200 230
-2.13994 -2.53730 1.14834 180 200 230
-3.42898 -0.21774 3.24222 180 200 230
-3.35762 0.24459 1.98179 180 200 230
0.62945 -3.30241 1.78253 180 200 230
-1.56291 3.13376 4.57962 180 200 230
2.93584 1.98240 5.23081 180 200 230
-1.53549 -3.11168 3.98961 180 200 230
-1.61176 2.97521 2.58514 180 200 230
-1.55313 3.02033 2.64090 180 200 230
-3.58614 1.04883 8.93440 180 200 230
0.16939 3.70774 8.35596 180 200 230
2.89392 -1.55087 0.73147 180 200 230
2.05353 -2.94264 6.05047 180 200 230
3.47800 -0.19495 4.27242 180 200 230
3.50418 -0.79371 6.33386 180 200 230
-1.40316 3.27319 5.52478 180 200 230
-2.70298 2.51922 8.06339 180 200 230
-1.04884 -3.11171 0.64583 180 200 230
3.41123 0.34076 3.29585 180 200 230
3.74620 -0.14391 8.87772 180 200 230
3.34030 0.22792 1.74079 180 200 230
-3.25014 -0.65150 1.22157 180 200 230
-1.76576 -3.15069 6.68415 180 200 230
3.13787 -1.87852 7.10313 180 200 230
-2.22415 -2.83545 6.18800 180 200 230
-2.99427 -2.08952 7.09271 180 200 230
-1.12041 3.42197 6.37646 180 200 230
-2.79266 -1.79504 1.30159 180 200 230
-0.00669 -3.56448 5.62456 180 200 230
-3.62247 -0.35602 7.09924 180 200 230
0.68161 -3.61812 7.86100 180 200 230
3.06839 1.43477 2.33939 180 200 230
-1.69558 2.85161 1.22234 180 200 230
3.52538 -0.90956 7.13572 180 200 230
-1.50947 3.03548 2.43557 180 200 230
-2.35335 -2.26214 0.30882 180 200 230
-3.62913 -0.45580 7.51602 180 200 230
3.23191 -1.35959 4.71458 180 200 230
1.78133 2.91804 3.08465 180 200 230
-0.99463 3.10167 0.11061 180 200 230
2.12166 -2.48803 0.34136 180 200 230
-1.83827 -3.16264 7.23462 180 200 230
-3.37524 -0.93590 4.56810 180 200 230
-2.62782 2.04098 1.43372 180 200 230
-2.92288 1.82121 3.37692 180 200 230
3.06714 -1.32904 1.58056 180 200 230
-1.57457 -2.91055 1.08410 180 200 230
3.06544 -1.46375 2.61934 180 200 230
3.47736 -0.61397 5.10353 180 200 230
-3.21008 -0.97670 2.00154 180 200 230
-2.65289 -2.19155 3.24057 180 200 230
-1.93972 -2.90754 4.46223 180 200 230
1.84414 -2.93972 3.93840 180 200 230
-1.79038 -2.78515 1.23411 180 200 230
2.46106 2.16004 0.37529 180 200 230
3.05186 -1.15473 0.34301 180 200 230
-1.82710 -2.91675 3.30045 180 200 230
2.48036 -2.64407 6.59460 180 200 230
-2.95810 1.51337 1.25847 180 200 230
-3.60385 0.57738 7.18623 180 200 230
-1.35449 -3.35051 6.56790 180 200 230
0.53702 -3.20724 0.03822 180 200 230
2.87749 1.54581 0.25856 180 200 230
-2.80133 1.84409 1.86070 180 200 230
0.40878 -3.25945 0.54116 180 200 230
3.51574 -0.17164 4.94151 180 200 230
3.27013 0.23964 0.38240 180 200 230
-0.33955 3.63882 7.32147 180 200 230
-3.41662 0.76712 4.59750 180 200 230
0.61293 3.57040 6.67467 180 200 230
3.58206 0.61178 6.87225 180 200 230
-3.39603 -0.86157 4.72168 180 200 230
-2.19355 -2.99529 8.37024 180 200 230
-3.22714 1.87957 8.91858 180 200 230
-2.34924 2.50553 3.38395 180 200 230
3.30039 -0.29921 1.20763 180 200 230
-3.40727 0.48430 3.42053 180 200 230
1.00071 -3.21191 2.12640 180 200 230
-0.81509 3.42597 4.93839 180 200 230
1.66767 -3.02500 3.55882 180 200 230
1.56766 -3.13986 4.48418 180 200 230
-0.40327 3.61076 6.98082 180 200 230
-1.89563 -2.82183 2.59792 180 200 230
-1.46223 -3.21235 4.99593 180 200 230
-3.19733 1.20552 3.16346 180 200 230
0.54249 -3.60372 7.16905 180 200 230
-1.24645 3.33756 5.90181 180 200 230
-3.24030 0.32126 0.08228 180 200 230
3.57562 -0.22154 6.08163 180 200 230
1.44765 3.01112 1.62661 180 200 230
2.17555 2.90830 6.64377 180 200 230
2.22504 2.76655 5.26171 180 200 230
3.45536 -0.04105 3.77004 180 200 230
1.93029 3.03800 6.37956 180 200 230
1.35283 3.43191 7.78408 180 200 230
-1.23769 -3.42340 7.11541 180 200 230
0.21089 -3.53013 5.06631 180 200 230
-3.57956 -0.61457 6.62823 180 200 230
3.44854 -0.37701 3.88274 180 200 230
3.54742 0.88494 7.20360 180 200 230
-2.66572 -2.52928 7.54813 180 200 230
-2.60467 -2.05918 1.31605 180 200 230
-1.46179 3.04443 2.26321 180 200 230
2.73352 -2.00074 2.56103 180 200 230
-3.16174 -1.09098 1.58780 180 200 230
0.07931 3.44858 3.68860 180 200 230
2.85182 1.76883 1.84175 180 200 230
2.78514 2.22039 5.51212 180 200 230
2.63828 -1.98530 0.97687 180 200 230
-0.00657 3.38862 2.56032 180 200 230
2.99413 -1.98013 6.12938 180 200 230
2.51574 2.36594 3.74332 180 200 230
3.45264 -0.34969 3.95145 180 200 230
1.82526 -3.16073 7.28093 180 200 230
2.78516 2.49392 8.87001 180 200 230
3.03838 1.82423 5.24180 180 200 230
1.08577 -3.11137 0.76122 180 200 230
2.91398 1.55617 0.98909 180 200 230
-0.28497 3.71614 8.73534 180 200 230
1.14028 -3.41785 6.24921 180 200 230
3.03533 -1.99165 6.88781 180 200 230
0.39910 -3.58365 6.21856 180 200 230
2.57567 -2.13370 1.71579 180 200 230
-3.24000 -1.28018 4.19520 180 200 230
0.67562 -3.58937 7.28213 180 200 230
-2.05752 3.06110 7.86789 180 200 230
0.74455 -3.31003 2.25583 180 200 230
-1.51876 -3.21393 5.51627 180 200 230
-2.97748 -1.51310 1.50301 180 200 230
3.72657 -0.18040 8.64859 180 200 230
-3.32803 0.63963 2.39507 180 200 230
-2.64363 -2.45911 6.66382 180 200 230
-3.37531 -0.21035 2.19816 180 200 230
-0.23548 3.56025 5.69379 180 200 230
-1.73484 3.13858 6.07449 180 200 230
3.39639 -0.45542 3.10078 180 200 230
-2.85482 2.29863 7.46061 180 200 230
-1.58374 -3.33328 8.03047 180 200 230
-3.34834 -1.50164 7.77208 180 200 230
2.64219 -2.19126 3.12234 180 200 230
0.17521 -3.62338 6.81723 180 200 230
3.09110 1.71586 5.19250 180 200 230
-2.18492 2.80069 5.48679 180 200 230
-0.83077 -3.40507 4.45712 180 200 230
1.87980 3.01867 5.55438 180 200 230
-3.32468 -0.07185 1.30017 180 200 230
-1.42978 3.15240 3.83694 180 200 230
3.06554 1.32096 1.69777 180 200 230
3.40143 -0.06100 2.65439 180 200 230
3.00162 -1.42712 1.22567 180 200 230
-0.05221 -3.35868 2.02473 180 200 230
1.10449 3.47534 7.14266 180 200 230
3.52499 -0.25456 5.10630 180 200 230
-2.22312 -2.39113 0.22859 180 200 230
3.57699 -0.77421 7.19905 180 200 230
3.57406 0.97966 8.23529 180 200 230
1.70772 3.27346 7.98811 180 200 230
-1.61788 -3.28924 7.49665 180 200 230
3.12317 -2.06055 8.93485 180 200 230
1.59302 3.16484 5.43192 180 200 230
-1.52766 3.40629 8.68496 180 200 230
-3.17090 -1.96174 8.56877 180 200 230
3.41451 -0.00727 2.96107 180 200 230
1.13147 -3.50742 7.84294 180 200 230
3.23476 -1.68516 7.23391 180 200 230
-1.65460 -3.24797 7.08961 180 200 230
2.65651 -2.57851 8.12301 180 200 230
-3.44966 -0.15280 3.61204 180 200 230
2.45972 2.43385 3.75674 180 200 230
-0.89996 -3.46509 5.90540 180 200 230
-2.91857 -2.16207 6.76004 180 200 230
-3.68066 0.33976 7.98196 180 200 230
-0.57766 3.64856 7.94878 180 200 230
0.76962 -3.52591 6.61768 180 200 230
1.59903 -3.37550 8.63663 180 200 230
-2.19811 2.51914 1.70652 180 200 230
3.34982 -1.63411 8.58154 180 200 230
-2.24008 2.39322 0.61924 180 200 230
2.76730 2.21881 5.15730 180 200 230
1.64540 2.84421 0.86847 180 200 230
-3.54799 0.12231 5.26763 180 200 230
3.02977 1.66224 3.66607 180 200 230
-0.64753 -3.21967 0.78624 180 200 230
1.00427 -3.44896 5.97590 180 200 230
-3.45126 -1.10865 6.70284 180 200 230
2.61045 -2.06861 1.66523 180 200 230
3.45489 -1.02056 6.38264 180 200 230
-3.16775 1.08276 1.71023 180 200 230
2.82281 1.76977 1.31639 180 200 230
0.39068 3.30334 1.41138 180 200 230
-1.94400 -2.96417 5.54451 180 200 230
-3.03107 2.03815 7.11513 180 200 230
-1.41342 -3.26674 5.52429 180 200 230
-1.82304 -3.16074 7.37971 180 200 230
-2.80471 -2.18596 5.47635 180 200 230
2.00107 3.06026 7.27534 180 200 230
-0.83625 3.64265 8.80259 180 200 230
-2.48297 2.39525 3.67417 180 200 230
1.49945 -2.96963 1.43584 180 200 230
-1.37169 -3.02391 1.29800 180 200 230
-2.18248 -2.81124 5.52950 180 200 230
-1.66184 -3.12145 5.08174 180 200 230
-3.33634 -0.06713 1.75981 180 200 230
3.58186 0.91083 8.00224 180 200 230
1.12829 3.55756 8.63557 180 200 230
2.15237 2.61185 2.40477 180 200 230
3.08973 1.31398 1.97205 180 200 230
-1.42497 3.05425 2.03751 180 200 230
0.81236 -3.36228 3.64129 180 200 230
2.75767 2.43528 7.75574 180 200 230
2.71961 2.29110 5.51619 180 200 230
2.33713 2.31562 0.65091 180 200 230
-0.43500 3.47470 4.41712 180 200 230
0.97442 3.14680 0.86929 180 200 230
3.44331 0.30283 3.81318 180 200 230
-0.57380 3.41395 3.78830 180 200 230
3.57556 -0.08326 5.97885 180 200 230
-1.82200 3.01619 5.10345 180 200 230
0.88864 3.57830 7.93984 180 200 230
-3.25965 0.08780 0.15742 180 200 230
0.47193 3.62013 7.07368 180 200 230
-3.03247 -1.19283 0.21940 180 200 230
-2.76641 1.99255 2.87849 180 200 230
2.94498 -2.23028 7.98144 180 200 230
3.23651 -1.57499 6.34754 180 200 230
-0.76772 -3.24821 1.64415 180 200 230
0.74988 3.42486 4.57763 180 200 230
-3.56345 0.58970 6.62244 180 200 230
-1.26832 3.49372 8.47183 180 200 230
1.06765 -3.41109 5.85509 180 200 230
3.21017 0.59513 0.23859 180 200 230
-1.82953 -2.98517 4.65825 180 200 230
-1.47895 2.98433 1.46426 180 200 230
-3.24593 0.38926 0.46163 180 200 230
-1.57359 3.18697 5.53894 180 200 230
-2.40908 2.73985 7.09917 180 200 230
-1.49574 -2.90673 0.34849 180 200 230
-3.01736 -2.06433 7.15653 180 200 230
0.13404 3.60753 6.48689 180 200 230
3.50139 0.98482 6.88324 180 200 230
2.09069 -2.65987 2.32553 180 200 230
-3.45134 0.16696 3.69797 180 200 230
-2.42889 -2.24469 1.14974 180 200 230
-3.36685 0.24372 2.27134 180 200 230
-2.49869 -2.31531 2.86474 180 200 230
-2.38454 -2.44439 3.01838 180 200 230
3.32878 0.31552 1.67259 180 200 230
-3.27011 -0.69349 1.80172 180 200 230
-3.69905 -0.04900 8.16746 180 200 230
3.00225 2.06295 7.15990 180 200 230
-0.08872 -3.42806 3.24866 180 200 230
0.33023 3.70697 8.55898 180 200 230
3.17670 1.13299 2.27180 180 200 230
1.13522 -3.27144 3.81837 180 200 230
2.42249 -2.74319 7.41513 180 200 230
0.20337 3.47439 4.14569 180 200 230
-1.28814 -3.11237 2.23181 180 200 230
3.43693 0.10694 3.46933 180 200 230
-0.63449 -3.46180 4.66642 180 200 230
-3.47836 0.78163 5.73461 180 200 230
0.91027 -3.32879 3.80795 180 200 230
-2.72021 2.16435 4.04068 180 200 230
-2.00848 2.72550 2.50480 180 200 230
1.90491 -2.96919 4.97697 180 200 230
3.26691 0.80925 2.08974 180 200 230
1.41943 3.40651 7.87774 180 200 230
-3.09039 1.90372 6.84346 180 200 230
-2.84751 -1.97037 3.84993 180 200 230
3.63398 0.11677 6.84191 180 200 230
-2.88789 -1.47483 0.06838 180 200 230
-2.47358 2.36733 3.24906 180 200 230
-2.37870 -2.53312 4.12252 180 200 230
2.90676 -1.92317 4.38927 180 200 230
-3.38092 1.31722 6.85540 180 200 230
-3.51255 -1.25410 8.68702 180 200 230
-3.35946 0.80007 3.57361 180 200 230
2.52438 2.32682 3.30480 180 200 230
0.95329 -3.43263 5.64501 180 200 230
2.55027 -2.24280 2.66539 180 200 230
1.25056 -3.07545 1.35463 180 200 230
3.53574 -1.20816 8.67592 180 200 230
-3.59235 0.73151 7.38029 180 200 230
-2.14504 -3.04482 8.65083 180 200 230
1.65583 2.93899 2.07407 180 200 230
3.22172 -0.47282 0.17254 180 200 230
-3.03821 -1.68407 4.09497 180 200 230
-0.27245 3.71126 8.43986 180 200 230
1.13415 -3.12714 1.32552 180 200 230
-2.83498 -1.71265 1.12500 180 200 230
3.12232 -1.02156 0.66463 180 200 230
0.45627 -3.61587 6.99609 180 200 230
2.61426 -2.54090 7.17734 180 200 230
-3.45096 -1.04151 6.39075 180 200 230
-3.26761 -0.35677 0.51379 180 200 230
0.16621 -3.60806 6.63453 180 200 230
2.75027 2.13372 4.19778 180 200 230
3.14848 1.11193 1.51057 180 200 230
3.38999 -0.34836 2.79360 180 200 230
3.03907 -1.76407 4.67056 180 200 230
3.28458 -0.93949 3.11266 180 200 230
3.45418 1.42731 8.74532 180 200 230
-0.42280 3.46920 4.43343 180 200 230
2.81544 -2.00414 3.50154 180 200 230
3.04442 1.91811 6.19614 180 200 230
-3.41757 1.07648 5.99782 180 200 230
-1.76513 2.73215 0.02356 180 200 230
2.59851 -2.44476 5.71524 180 200 230
-3.36041 -0.38331 2.31661 180 200 230
-0.86379 3.33170 3.53059 180 200 230
-3.57510 -0.55016 6.48616 180 200 230
2.68562 2.29217 5.17396 180 200 230
-0.40579 -3.41982 3.47014 180 200 230
-2.45469 -2.25732 1.60092 180 200 230
-2.83194 -2.07685 4.70969 180 200 230
-3.16487 1.30292 3.01729 180 200 230
-1.01554 3.55852 8.26506 180 200 230
3.23187 1.40774 4.96814 180 200 230
3.47782 -1.20215 7.86495 180 200 230
-2.98857 1.72828 3.66691 180 200 230
-3.66018 0.09381 7.53496 180 200 230
-2.33125 2.30889 0.54539 180 200 230
3.39475 -0.25908 2.82154 180 200 230
0.94271 -3.15784 0.75265 180 200 230
2.69832 1.85268 0.30562 180 200 230
-2.88708 -2.33316 8.31496 180 200 230
-3.60306 0.34894 6.57801 180 200 230
0.96251 -3.44576 5.77344 180 200 230
3.51998 -0.05937 4.95179 180 200 230
-0.12698 -3.54833 5.28145 180 200 230
2.36447 -2.68438 5.89353 180 200 230
-3.66279 -0.06066 7.52747 180 200 230
-2.49391 2.53824 5.52430 180 200 230
-2.25598 -2.84437 6.85398 180 200 230
-0.01239 -3.39088 2.66312 180 200 230
0.52529 3.69651 8.80482 180 200 230
-3.27456 -0.06971 0.30789 180 200 230
2.60761 2.26395 3.63387 180 200 230
0.77682 3.61952 8.00143 180 200 230
2.46403 -2.26030 1.72439 180 200 230
2.04002 2.62086 1.35444 180 200 230
1.29067 -3.18087 3.44115 180 200 230
-2.42172 2.49601 4.01231 180 200 230
-1.92373 -3.18495 8.43806 180 200 230
3.10329 -1.96050 7.60919 180 200 230
0.67273 -3.42150 4.33753 180 200 230
1.71897 -3.32492 8.77230 180 200 230
-0.25046 3.56951 5.92515 180 200 230
-2.38171 2.81809 7.93030 180 200 230
-0.36440 -3.35718 2.33830 180 200 230
0.59624 -3.45024 4.56147 180 200 230
0.81393 -3.16575 0.28717 180 200 230
-0.20173 -3.24144 0.08640 180 200 230
0.41595 3.58629 6.47870 180 200 230
-0.80666 3.21830 1.13525 180 200 230
3.30061 -1.25809 5.08827 180 200 230
-3.40582 -1.19869 6.39595 180 200 230
0.09154 -3.27272 0.31123 180 200 230
-2.83199 -2.03577 4.19842 180 200 230
3.19974 -1.64298 6.29273 180 200 230
2.51075 -2.71503 8.06731 180 200 230
-0.24344 3.40034 2.83160 180 200 230
2.79760 -2.47551 8.78320 180 200 230
-1.13626 3.49412 7.68141 180 200 230
-3.33707 1.29752 5.99876 180 200 230
2.05971 -2.78922 3.68204 180 200 230
-1.61964 3.22775 6.52814 180 200 230
-0.92956 3.54883 7.43765 180 200 230
-1.66553 -2.96993 2.86955 180 200 230
3.75514 -0.00764 8.93927 180 200 230
2.51840 2.71777 8.22809 180 200 230
-1.05994 -3.33768 4.53021 180 200 230
-3.55755 -0.60836 6.63068 180 200 230
-2.98478 1.87800 4.87536 180 200 230
-0.00323 -3.64338 6.96065 180 200 230
-3.44720 -1.23706 7.53099 180 200 230
0.96713 -3.12198 0.22432 180 200 230
-0.12685 -3.28321 0.76238 180 200 230
3.41456 -0.32020 3.17481 180 200 230
1.38446 -3.44191 8.30445 180 200 230
3.16378 1.41178 3.74023 180 200 230
0.68340 -3.63469 8.04833 180 200 230
-2.05945 -2.82350 4.32211 180 200 230
2.88001 1.82239 2.73534 180 200 230
-2.91808 -2.27790 8.16028 180 200 230
0.01787 -3.53886 5.20284 180 200 230
1.11827 3.24585 3.39570 180 200 230
-3.00247 1.30126 0.42892 180 200 230
-3.20126 -0.87547 1.06496 180 200 230
-2.84464 1.72719 1.33480 180 200 230
2.44465 -2.41397 3.43553 180 200 230
1.74147 3.11665 5.61636 180 200 230
0.46091 -3.38229 2.90883 180 200 230
0.57755 -3.23814 0.63147 180 200 230
-3.21280 1.08805 2.51251 180 200 230
-3.35911 -0.85074 3.83523 180 200 230
2.12801 3.07122 8.93559 180 200 230
1.16903 3.25723 3.69211 180 200 230
-3.22159 -0.64955 0.85884 180 200 230
0.56304 3.50933 5.38426 180 200 230
1.28978 -3.48158 8.32154 180 200 230
-2.72179 -2.43685 7.18358 180 200 230
3.44387 1.27860 7.60988 180 200 230
-2.33375 2.89891 8.39414 180 200 230
2.25235 -2.77811 5.87460 180 200 230
-0.64327 3.69343 8.95726 180 200 230
-0.61841 -3.21088 0.32158 180 200 230
3.06041 2.04629 7.59757 180 200 230
3.34013 -1.55809 7.78784 180 200 230
-3.51831 1.15918 8.29698 180 200 230
-3.49029 0.18514 4.46439 180 200 230
-3.30662 -1.55167 7.19280 180 200 230
-2.19687 2.54190 1.86082 180 200 230
-0.55004 -3.51358 5.57984 180 200 230
3.43441 0.31558 3.37792 180 200 230
1.86439 3.02975 5.51800 180 200 230
1.34907 3.33498 6.21724 180 200 230
-2.25985 -2.57437 3.27272 180 200 230
2.60471 -2.13830 2.05928 180 200 230
3.14709 1.33005 3.03909 180 200 230
2.15238 -2.86826 6.11582 180 200 230
1.52050 -3.25703 6.22895 180 200 230
3.22105 1.68287 6.79053 180 200 230
2.06378 2.60031 1.21371 180 200 230
-2.15207 2.96030 7.45818 180 200 230
2.70450 2.37437 6.32768 180 200 230
0.17035 -3.26899 0.29453 180 200 230
-3.42364 -0.08756 3.16706 180 200 230
-2.95995 1.85856 4.36081 180 200 230
-0.53968 -3.40016 3.39639 180 200 230
-0.87750 3.17658 1.12813 180 200 230
2.32776 -2.43150 1.97593 180 200 230
-1.84926 -2.68346 0.23781 180 200 230
-1.87943 2.71001 0.89538 180 200 230
-3.29197 -0.84243 2.52608 180 200 230
-0.21788 3.66578 7.47002 180 200 230
3.50895 -0.33212 4.89905 180 200 230
-3.19413 1.36785 3.97884 180 200 230
2.86401 -2.17085 6.09960 180 200 230
3.50303 -0.48687 5.03167 180 200 230
-3.24404 -0.74211 1.26065 180 200 230
-0.42225 -3.34171 2.11931 180 200 230
-3.02332 -1.47515 2.11860 180 200 230
2.98448 1.93550 5.55158 180 200 230
3.33553 -1.02802 4.31503 180 200 230
-3.32479 0.92898 3.64317 180 200 230
2.77804 -2.18118 5.16722 180 200 230
-2.08941 -3.09977 8.74838 180 200 230
2.68968 2.09150 2.97031 180 200 230
-3.05215 1.75230 4.84152 180 200 230
1.16797 3.29922 4.48400 180 200 230
1.74477 3.16712 6.57626 180 200 230
-0.78906 -3.53931 6.69485 180 200 230
3.56065 0.67969 6.68428 180 200 230
3.29193 -0.71110 1.92101 180 200 230
-3.30997 1.07724 4.20199 180 200 230
-3.65463 0.23552 7.39470 180 200 230
-1.05445 3.28533 3.58782 180 200 230
3.21477 1.91805 8.86757 180 200 230
-2.91999 -1.80817 3.43514 180 200 230
-1.96386 2.89934 4.63989 180 200 230
-2.48657 -2.45775 4.43141 180 200 230
-3.25707 -1.19045 4.06260 180 200 230
0.75868 3.59644 7.69070 180 200 230
-3.23316 0.79442 1.48628 180 200 230
-1.26337 3.30797 5.26513 180 200 230
0.23055 3.56578 5.71607 180 200 230
0.45377 -3.64641 7.73877 180 200 230
3.55733 0.26663 5.63308 180 200 230
-0.44132 3.70223 8.66349 180 200 230
-3.61752 -0.71569 7.91765 180 200 230
-3.39647 0.51291 3.28758 180 200 230
3.42547 -1.35213 7.81285 180 200 230
2.06832 -3.09936 8.65056 180 200 230
0.03407 -3.38364 2.44197 180 200 230
-3.54069 -0.31401 5.64273 180 200 230
-3.06663 1.46886 2.67028 180 200 230
3.47349 0.81247 5.99008 180 200 230
1.43824 -2.97506 0.90044 180 200 230
-3.28860 1.52955 6.72880 180 200 230
-1.49940 3.13675 3.93613 180 200 230
-2.79282 -2.21264 5.43887 180 200 230
0.08497 -3.26746 0.24987 180 200 230
-3.56423 -0.51987 6.39147 180 200 230
2.07514 2.84051 4.62391 180 200 230
3.14152 -1.68498 5.77540 180 200 230
2.58527 2.21786 2.98400 180 200 230
3.27604 -0.63408 1.39615 180 200 230
-3.25476 1.23041 4.07800 180 200 230
3.50746 -1.22250 8.52829 180 200 230
2.89147 -1.71861 2.16806 180 200 230
-2.99209 1.99878 6.21964 180 200 230
1.01172 -3.11206 0.48136 180 200 230
3.05284 1.93128 6.58918 180 200 230
2.93851 1.68183 2.26653 180 200 230
-2.15890 2.74896 4.22317 180 200 230
-2.65589 -2.19111 3.46190 180 200 230
3.30378 0.19371 1.08369 180 200 230
-3.41994 -0.32708 3.25847 180 200 230
3.39047 -0.52288 3.30057 180 200 230
2.21007 -2.72529 4.85926 180 200 230
0.40926 3.70073 8.76812 180 200 230
-3.43937 -0.61294 4.39080 180 200 230
1.76048 3.27054 8.27707 180 200 230
-0.29042 3.47767 4.31446 180 200 230
2.93140 -1.54031 1.03299 180 200 230
3.37586 -0.04713 2.18948 180 200 230
0.16210 3.46562 3.82437 180 200 230
0.80780 3.32492 3.07282 180 200 230
-2.74903 2.45884 7.86332 180 200 230
-3.39060 1.20012 6.24439 180 200 230
3.00332 1.88614 5.35970 180 200 230
2.09582 2.79900 4.58216 180 200 230
-3.08398 1.57559 3.73114 180 200 230
0.32589 3.54758 5.65988 180 200 230
1.86174 -2.74189 1.19564 180 200 230
0.03239 -3.33351 1.55481 180 200 230
-3.31431 -0.77016 2.86798 180 200 230
-3.04564 1.37218 1.63631 180 200 230
1.75324 -3.14277 6.23068 180 200 230
1.64179 2.81616 0.23977 180 200 230
2.53847 -2.17115 1.53213 180 200 230
3.52780 1.12368 8.17699 180 200 230
3.31613 -1.73201 8.97978 180 200 230
2.25725 2.68738 4.54863 180 200 230
1.33413 -3.24397 4.61888 180 200 230
3.62361 0.41262 7.06869 180 200 230
1.30168 -3.00396 0.34947 180 200 230
-2.99497 -1.74770 4.00220 180 200 230
3.27713 0.39381 0.95984 180 200 230
0.52494 -3.42431 3.76447 180 200 230
3.01339 2.23473 8.86346 180 200 230
-3.51991 -0.90153 6.89777 180 200 230
-1.84282 3.25434 8.87444 180 200 230
0.20945 -3.63192 6.83153 180 200 230
2.14996 -2.83660 5.62386 180 200 230
-3.54395 0.80909 6.90279 180 200 230
0.17879 -3.58079 6.07302 180 200 230
3.02396 -1.74694 4.33702 180 200 230
-1.26717 -3.15414 2.77014 180 200 230
-1.53719 3.16339 4.84150 180 200 230
-3.29371 0.77300 2.45410 180 200 230
0.43941 3.47792 4.54060 180 200 230
-3.21556 0.85998 1.39960 180 200 230
0.09154 3.54459 5.24462 180 200 230
1.18814 -3.15935 2.33116 180 200 230
-2.62348 -2.16804 2.77976 180 200 230
-2.35112 -2.60830 4.65161 180 200 230
2.57049 2.13367 1.55436 180 200 230
3.72503 0.03418 8.68365 180 200 230
0.84916 -3.37887 4.18232 180 200 230
-3.30991 -0.90116 3.32041 180 200 230
2.97243 -1.36345 0.28205 180 200 230
-3.58499 -0.85447 7.66972 180 200 230
0.78318 3.47082 5.78094 180 200 230
-1.10182 -3.28378 3.90574 180 200 230
-1.02489 -3.22186 2.33318 180 200 230
3.32578 1.45243 6.82408 180 200 230
-1.29290 -3.49786 8.54016 180 200 230
0.80464 3.35419 3.58128 180 200 230
-0.09427 3.31785 1.29312 180 200 230
3.23904 0.64777 1.04923 180 200 230
-2.26184 -2.33029 0.06196 180 200 230
-0.41521 -3.60098 6.81403 180 200 230
0.45710 3.71044 8.84370 180 200 230
0.99003 -3.61546 8.93954 180 200 230
0.27544 -3.63670 7.16228 180 200 230
-2.81147 1.79001 1.55155 180 200 230
3.39664 1.55231 8.81278 180 200 230
-0.64446 3.35716 3.09557 180 200 230
1.73405 2.95025 3.14896 180 200 230
3.47764 -0.92048 6.32065 180 200 230
1.35422 -2.98702 0.47330 180 200 230
3.23799 1.73732 7.51987 180 200 230
-3.72949 -0.31616 8.97762 180 200 230
-0.38644 3.62859 7.08306 180 200 230
3.57608 0.73162 7.14028 180 200 230
-1.51597 3.10429 3.66799 180 200 230
2.29032 2.36596 0.63506 180 200 230
0.62249 3.59766 7.23539 180 200 230
-1.64639 3.15535 5.52666 180 200 230
-3.11690 2.00866 8.23407 180 200 230
-3.24720 0.65243 1.11334 180 200 230
-3.38519 -0.43191 2.88602 180 200 230
-2.35414 2.50688 3.39695 180 200 230
-3.60130 0.03735 6.28482 180 200 230
-3.17132 1.79943 7.19305 180 200 230
3.63589 -0.82619 8.67195 180 200 230
3.09934 1.40271 2.79653 180 200 230
-3.00526 -1.80164 4.60346 180 200 230
1.13400 3.06773 0.27975 180 200 230
-2.39742 2.38427 2.40282 180 200 230
-3.30282 -0.99263 3.51893 180 200 230
0.21908 -3.54996 5.49701 180 200 230
3.45802 -0.48703 4.39836 180 200 230
-3.44443 0.13811 3.43157 180 200 230
-0.15667 3.57050 5.76452 180 200 230
0.94761 -3.54468 7.54468 180 200 230
0.60002 3.32350 2.29736 180 200 230
-3.42597 -0.16891 3.23385 180 200 230
2.05656 -2.95723 6.47452 180 200 230
-2.99568 2.06910 7.10842 180 200 230
-3.43725 -1.28595 7.51692 180 200 230
2.45066 2.28832 1.99533 180 200 230
3.30901 1.21410 5.01224 180 200 230
3.68735 -0.31860 8.15491 180 200 230
1.49882 3.12862 3.68217 180 200 230
-1.78032 2.98679 4.02771 180 200 230
-3.74677 -0.11032 8.87209 180 200 230
-2.33013 2.34565 1.08589 180 200 230
2.95710 2.07382 6.47992 180 200 230
1.20176 3.46833 7.73008 180 200 230
-3.32574 0.13700 1.44381 180 200 230
-3.35271 1.35672 6.55707 180 200 230
1.03975 -3.32808 4.38865 180 200 230
-1.39406 3.40862 7.75265 180 200 230
3.45118 -1.35852 8.21794 180 200 230
-0.75472 3.60893 7.92040 180 200 230
-1.60371 2.86157 0.62098 180 200 230
3.44859 -1.13699 6.92591 180 200 230
1.99821 -3.12764 8.33768 180 200 230
-1.45714 3.25618 5.74072 180 200 230
-2.81797 2.17778 5.55955 180 200 230
1.79199 -2.73703 0.43474 180 200 230
3.16338 1.90016 7.77920 180 200 230
-0.90947 3.15436 0.44760 180 200 230
-3.34890 -0.67284 2.96350 180 200 230
1.76655 -3.26642 8.37445 180 200 230
-3.42110 -1.47067 8.57668 180 200 230
-3.74007 0.24052 8.93184 180 200 230
3.40092 -0.82514 4.44818 180 200 230
2.48806 2.23301 1.69520 180 200 230
0.65743 -3.43865 4.55230 180 200 230
2.30789 2.36767 0.98329 180 200 230
-0.39741 -3.66892 7.92065 180 200 230
-3.40731 -0.94572 5.20180 180 200 230
-0.31810 3.44688 3.79732 180 200 230
-3.16833 -0.88469 0.76599 180 200 230
2.51177 -2.37611 3.80424 180 200 230
-3.63083 0.64112 7.86649 180 200 230
3.60299 0.14901 6.46101 180 200 230
3.08451 1.14577 0.79400 180 200 230
-2.24588 -2.47246 1.52958 180 200 230
-1.51062 -3.10485 3.68634 180 200 230
-2.70210 1.91752 0.97393 180 200 230
0.16879 3.71839 8.44348 180 200 230
-0.75971 -3.49843 6.01340 180 200 230
-1.10361 3.11684 0.91162 180 200 230
3.25898 1.63512 7.19576 180 200 230
-2.91052 1.85708 3.46737 180 200 230
-3.27871 -0.82294 2.32701 180 200 230
3.46398 -0.75993 5.28553 180 200 230
-2.72564 -1.78359 0.12945 180 200 230
0.90432 3.37385 4.34904 180 200 230
1.81478 -3.19593 7.67502 180 200 230
-0.95649 3.58629 8.39321 180 200 230
3.31949 -0.86837 3.23083 180 200 230
-1.63353 3.19049 5.92621 180 200 230
2.83483 -1.81110 2.15895 180 200 230
2.56928 -2.44469 5.19833 180 200 230
2.22375 -2.55477 2.41221 180 200 230
3.43424 0.86764 5.29799 180 200 230
1.96036 -2.70284 1.64148 180 200 230
-0.66930 -3.67127 8.50402 180 200 230
-1.87017 3.19435 8.04307 180 200 230
-3.42567 0.21340 3.17882 180 200 230
-2.32365 -2.80576 7.09722 180 200 230
3.09806 -1.14765 0.91829 180 200 230
0.68182 -3.56392 6.78251 180 200 230
-3.06068 1.47562 2.67650 180 200 230
-2.02961 -2.63089 1.30020 180 200 230
1.41251 3.31374 6.24009 180 200 230
-3.10950 1.61049 4.38843 180 200 230
0.90392 -3.40471 4.93057 180 200 230
-2.75385 -2.18050 4.84490 180 200 230
0.68234 -3.21853 0.57292 180 200 230
-3.27957 -0.20254 0.49543 180 200 230
-2.59806 2.43534 5.56216 180 200 230
-0.16769 -3.57518 5.76234 180 200 230
2.72462 1.82065 0.45537 180 200 230
3.41216 -0.46144 3.55990 180 200 230
3.37264 -1.13407 5.66596 180 200 230
2.61509 -2.44436 6.05210 180 200 230
2.74113 -2.43882 7.54176 180 200 230
-3.45847 -0.24064 3.94499 180 200 230
-3.52972 0.04556 5.09241 180 200 230
1.51204 -3.20896 5.36189 180 200 230
-0.70906 3.34382 2.94982 180 200 230
1.92422 -2.65148 0.51954 180 200 230
0.98680 3.09521 0.04114 180 200 230
2.66142 -2.52748 7.60926 180 200 230
-3.24933 -0.85794 1.90929 180 200 230
1.97495 -2.97750 5.81921 180 200 230
-3.54524 0.15284 5.34835 180 200 230
-2.69243 -2.18306 3.75255 180 200 230
3.30253 -1.63630 7.58576 180 200 230
-3.14348 1.77441 6.41698 180 200 230
0.60601 3.20819 0.21985 180 200 230
3.05993 1.96843 7.09775 180 200 230
-2.96742 -1.88264 4.72321 180 200 230
-2.62949 -2.20567 3.27190 180 200 230
-2.63132 -2.49300 6.66521 180 200 230
3.50089 0.83273 6.30943 180 200 230
3.36362 0.58521 2.93655 180 200 230
2.96521 -2.28764 8.85721 180 200 230
-1.20601 -3.38327 5.98114 180 200 230
2.70202 2.33184 5.60264 180 200 230
2.93814 1.48862 0.67307 180 200 230
1.78856 2.89238 2.64714 180 200 230
1.21828 -3.26002 4.18280 180 200 230
-0.60203 -3.52607 5.82226 180 200 230
-2.26108 -2.68656 4.77520 180 200 230
-2.30417 -2.81361 6.97929 180 200 230
2.14695 -2.63293 2.49132 180 200 230
-1.80797 3.12581 6.44980 180 200 230
-1.60659 3.29359 7.44136 180 200 230
-3.24811 1.64404 6.99659 180 200 230
3.63337 -0.23602 7.04688 180 200 230
-3.46967 -1.24667 8.05747 180 200 230
-3.14694 -0.95518 0.81062 180 200 230
1.31999 -3.35895 6.40642 180 200 230
1.62941 3.35612 8.73664 180 200 230
-2.93695 1.98515 5.31829 180 200 230
-2.11878 -2.60627 2.07003 180 200 230
3.73522 -0.28177 8.98973 180 200 230
1.88809 2.75842 1.66921 180 200 230
-3.27587 1.01846 3.16637 180 200 230
2.77508 -1.87115 1.64425 180 200 230
-0.53407 -3.44637 4.34133 180 200 230
-2.62021 -2.27457 3.92792 180 200 230
-0.15615 3.49394 4.58222 180 200 230
1.42849 3.43103 8.39231 180 200 230
-2.46460 2.48912 4.46536 180 200 230
-0.11282 3.51406 4.79169 180 200 230
1.33024 -3.45615 8.04096 180 200 230
-0.67141 -3.60617 7.45117 180 200 230
1.72307 -2.90529 2.27900 180 200 230
1.54901 2.86360 0.12522 180 200 230
-1.31366 3.31979 5.81269 180 200 230
0.42677 -3.64470 7.68431 180 200 230
1.82389 3.02080 5.13354 180 200 230
2.05338 2.66808 2.01191 180 200 230
-2.69702 2.43684 6.79083 180 200 230
1.39482 3.30479 6.16488 180 200 230
3.11517 1.68471 5.24162 180 200 230
-1.41330 3.39542 7.84253 180 200 230
2.58571 -2.56630 7.16290 180 200 230
3.36871 1.24959 6.15059 180 200 230
-3.28252 -1.44762 6.12279 180 200 230
-3.30252 -1.38021 6.10075 180 200 230
-3.46396 -0.67976 4.88554 180 200 230
-3.48854 -0.12079 4.33581 180 200 230
3.58530 0.38981 6.51520 180 200 230
3.40699 1.04698 5.64473 180 200 230
-3.49483 -0.24650 4.57052 180 200 230
3.25402 -0.65664 1.21491 180 200 230
-3.02026 1.97104 6.44805 180 200 230
-3.52854 0.61979 5.95775 180 200 230
3.41226 -0.38620 3.22785 180 200 230
0.62393 -3.37271 3.35762 180 200 230
0.42553 -3.34986 2.34453 180 200 230
-3.73472 -0.11115 8.67909 180 200 230
2.94970 -2.20276 7.81545 180 200 230
-3.08841 -1.72772 5.20622 180 200 230
-1.91262 -2.87992 3.77151 180 200 230
0.84702 -3.52267 6.75201 180 200 230
-2.93110 1.94959 4.90908 180 200 230
3.57270 -1.08021 8.79719 180 200 230
3.27253 -0.24706 0.53172 180 200 230
-2.79518 -1.70415 0.33107 180 200 230
0.61873 3.48763 5.27351 180 200 230
0.52395 -3.32134 1.93788 180 200 230
-1.55809 3.19882 5.59016 180 200 230
-3.22452 -1.69703 7.13843 180 200 230
2.84419 1.72340 1.32351 180 200 230
1.22832 -3.25741 4.12495 180 200 230
3.48289 -0.91558 6.33211 180 200 230
3.04961 2.05078 7.58953 180 200 230
-0.40383 -3.47730 4.62804 180 200 230
2.15386 -2.57580 1.96518 180 200 230
2.74717 2.25834 5.42583 180 200 230
0.07026 3.49026 4.25061 180 200 230
-2.83656 2.29097 7.05595 180 200 230
1.83644 -3.02830 5.15719 180 200 230
-3.39238 0.14009 2.64841 180 200 230
2.36357 2.74856 6.90484 180 200 230
-0.14073 3.51365 4.81970 180 200 230
-3.27734 0.68133 1.69607 180 200 230
3.43691 0.86553 5.22398 180 200 230
-2.53164 -2.72999 8.56463 180 200 230
3.55959 0.57117 6.47954 180 200 230
0.65590 -3.33895 2.82799 180 200 230
-0.36565 -3.59127 6.52615 180 200 230
2.24840 -2.53614 2.67835 180 200 230
1.93274 2.95091 5.04272 180 200 230
-2.81567 -2.11643 4.89880 180 200 230
0.65479 -3.31607 2.35059 180 200 230
-3.41378 -0.33891 3.27992 180 200 230
2.53242 2.72422 8.51276 180 200 230
2.74733 1.96785 2.38061 180 200 230
-2.87392 -2.25531 7.30756 180 200 230
-3.59454 0.05404 6.14536 180 200 230
3.18549 -1.50974 4.95275 180 200 230
1.67873 -2.88635 1.31711 180 200 230
-0.55114 -3.31113 1.95035 180 200 230
3.32672 -0.36946 1.70960 180 200 230
-1.21082 -3.33754 5.43501 180 200 230
3.12425 2.04839 8.77614 180 200 230
3.26931 1.73267 7.96038 180 200 230
1.31446 -2.99259 0.24396 180 200 230
-2.16947 2.59896 2.59595 180 200 230
2.95888 -1.52444 1.50512 180 200 230
2.75286 2.52864 8.79542 180 200 230
1.06639 3.19883 2.24084 180 200 230
0.48580 -3.31370 1.92011 180 200 230
2.05188 -2.92053 5.73643 180 200 230
2.36904 -2.61354 5.16343 180 200 230
2.73710 1.96609 2.14950 180 200 230
-2.64946 2.43214 6.17161 180 200 230
-2.00355 -2.62995 0.93255 180 200 230
2.84452 -1.59194 0.18747 180 200 230
0.22770 3.29376 0.79299 180 200 230
-2.78069 -2.02946 3.43544 180 200 230
2.32125 2.93572 8.78958 180 200 230
-0.06033 -3.52821 5.08344 180 200 230
2.53365 2.61533 6.90684 180 200 230
3.41872 -0.00038 3.03719 180 200 230
3.03232 1.98551 6.59934 180 200 230
-1.47844 -3.43643 8.71495 180 200 230
0.58137 -3.38903 3.37036 180 200 230
-0.18826 3.74686 8.99199 180 200 230
-0.10849 3.57474 5.89110 180 200 230
-2.98480 -2.06007 6.85428 180 200 230
-2.31053 -2.47521 2.39489 180 200 230
-0.65962 -3.52103 5.93210 180 200 230
-3.06949 -1.69486 4.75969 180 200 230
1.70414 3.31704 8.63281 180 200 230
3.29615 -1.70188 8.19422 180 200 230
1.73320 2.99959 3.72561 180 200 230
-3.41985 -1.48599 8.55202 180 200 230
3.23210 -1.77678 8.02581 180 200 230
3.03100 -1.84512 5.46704 180 200 230
1.62384 2.86386 0.79067 180 200 230
0.23915 3.33387 1.53782 180 200 230
-2.63748 -1.96350 0.74057 180 200 230
-1.72504 2.82838 1.03721 180 200 230
-0.44768 -3.70920 8.80629 180 200 230
-3.33168 -0.47212 2.02132 180 200 230
-0.36314 3.57978 6.35147 180 200 230
-3.03123 1.89606 5.87453 180 200 230
-1.29030 -3.32660 5.82736 180 200 230
0.73733 -3.28493 1.96986 180 200 230
-2.41945 2.59073 5.36904 180 200 230
2.81572 2.18369 5.77803 180 200 230
-2.13671 2.81708 5.28987 180 200 230
-2.28485 -2.44758 1.77737 180 200 230
0.22325 -3.60927 6.63231 180 200 230
2.39525 -2.25896 0.70546 180 200 230
3.45184 -0.84153 5.47405 180 200 230
-3.42369 -0.63894 4.08536 180 200 230
2.46705 -2.31067 2.37765 180 200 230
-0.27780 3.65359 7.36191 180 200 230
-3.10685 -1.22223 1.68093 180 200 230
-3.59804 -0.90901 8.43510 180 200 230
0.43262 -3.66619 8.02351 180 200 230
0.49702 -3.39688 3.39665 180 200 230
-0.74975 3.32057 2.88677 180 200 230
2.50619 -2.18551 1.31761 180 200 230
2.88022 -2.33756 8.29353 180 200 230
3.38540 -1.14149 5.79515 180 200 230
-3.15460 0.85993 0.30710 180 200 230
3.49503 -0.27696 4.75964 180 200 230
0.71780 -3.21968 0.82560 180 200 230
-2.02270 -2.90460 5.31948 180 200 230
-3.19728 1.44949 4.74107 180 200 230
1.80228 -2.74629 0.79806 180 200 230
0.32525 -3.65187 7.43491 180 200 230
-2.90315 -1.73069 2.48996 180 200 230
3.52299 -0.06318 5.03216 180 200 230
0.01209 3.57194 5.89690 180 200 230
-2.34686 -2.90138 8.68265 180 200 230
-1.51479 3.16080 4.60498 180 200 230
-3.58569 0.97263 8.30162 180 200 230
-1.82146 2.91259 3.34385 180 200 230
-1.86831 3.17938 7.79139 180 200 230
-2.41477 2.35999 2.24261 180 200 230
3.37992 1.25729 6.49666 180 200 230
3.19126 0.81641 0.85283 180 200 230
-0.58860 -3.70456 8.88230 180 200 230
-1.39459 3.46441 8.61161 180 200 230
3.45319 0.46304 4.13938 180 200 230
3.07357 1.72715 4.87475 180 200 230
1.18791 3.35561 5.53210 180 200 230
3.24189 1.01324 2.60754 180 200 230
3.39128 -1.19339 6.20780 180 200 230
-3.28669 -1.50545 6.41809 180 200 230
-2.76735 2.17387 4.88535 180 200 230
-3.25971 -0.67959 1.41477 180 200 230
2.81137 2.41093 8.31819 180 200 230
-0.98455 -3.15413 1.10502 180 200 230
3.51664 -0.68022 5.80915 180 200 230
2.25459 2.42085 0.99061 180 200 230
1.91114 2.72292 1.39938 180 200 230
-2.25249 -2.35865 0.19870 180 200 230
1.98422 2.80188 3.42214 180 200 230
2.51163 2.54508 5.90149 180 200 230
-1.68273 -3.08304 4.85402 180 200 230
-2.64016 -2.43769 6.20848 180 200 230
0.72449 3.52486 6.21242 180 200 230
1.47636 -2.98136 1.34306 180 200 230
2.59537 2.01974 0.55268 180 200 230
-1.77142 3.10223 5.77593 180 200 230
-0.24966 -3.56341 6.02205 180 200 230
-2.67664 -2.32713 5.16697 180 200 230
-2.72999 -1.98531 2.33562 180 200 230
-1.42718 -3.37183 7.39121 180 200 230
-1.99310 -2.61884 0.72900 180 200 230
2.51665 -2.53982 5.83726 180 200 230
-3.00984 -1.38795 1.15564 180 200 230
-2.91760 2.08399 6.03210 180 200 230
0.34929 -3.44337 3.91792 180 200 230
-0.21056 3.62286 6.58829 180 200 230
0.19764 -3.27528 0.50351 180 200 230
-0.66233 3.47397 5.15306 180 200 230
-3.31098 0.41023 1.38723 180 200 230
-0.24380 -3.58510 6.27738 180 200 230
-2.30686 -2.38527 1.15108 180 200 230
2.82166 1.68525 0.70905 180 200 230
-3.41374 1.19136 6.54550 180 200 230
1.24525 -3.04107 0.61245 180 200 230
3.35637 -0.06823 2.13783 180 200 230
-3.58079 0.75803 7.51176 180 200 230
3.14631 1.88551 7.38155 180 200 230
-2.45415 2.74223 7.76340 180 200 230
-3.42421 0.21710 3.07905 180 200 230
3.16040 1.57119 4.91144 180 200 230
2.39548 -2.74278 7.06854 180 200 230
-3.22324 -0.80154 1.31306 180 200 230
-3.13506 1.82453 6.64330 180 200 230
-2.64507 1.99418 0.93677 180 200 230
3.64937 0.65604 8.26741 180 200 230
-3.55924 -0.42411 5.88094 180 200 230
-3.46946 0.53664 4.60010 180 200 230
-1.98750 2.88981 4.52294 180 200 230
-1.81669 -2.81074 1.73214 180 200 230
-2.90608 1.81793 3.26199 180 200 230
-3.25383 -1.57542 6.66783 180 200 230
2.64309 -2.32894 5.02736 180 200 230
-2.31785 2.66645 4.92252 180 200 230
-2.68713 2.00638 1.86272 180 200 230
2.39395 -2.68451 6.34722 180 200 230
-2.17319 2.69193 3.68345 180 200 230
-3.10475 1.24366 1.74540 180 200 230
1.16772 -3.53242 8.52631 180 200 230
-2.95191 -1.92228 4.72094 180 200 230
3.21718 -1.41902 4.91207 180 200 230
-3.67907 0.68595 8.84328 180 200 230
-3.40888 0.45184 3.44978 180 200 230
3.58508 0.99115 8.51987 180 200 230
1.16951 3.40211 6.38719 180 200 230
-3.46267 -0.88905 5.84422 180 200 230
1.29706 3.10985 2.22981 180 200 230
-3.14217 0.94329 0.49934 180 200 230
-0.72267 3.40160 4.09951 180 200 230
3.22613 0.42432 0.09858 180 200 230
-3.24360 0.51145 0.68442 180 200 230
-2.16143 -2.83288 5.51015 180 200 230
-1.90713 3.08019 6.64426 180 200 230
0.55342 -3.28958 1.60596 180 200 230
2.19744 2.87200 6.71468 180 200 230
3.12213 2.01710 8.57689 180 200 230
3.33354 -1.44650 6.80674 180 200 230
3.21902 -1.72629 7.16646 180 200 230
-3.00768 2.00164 6.43705 180 200 230
-2.95092 1.62392 2.13915 180 200 230
2.04174 -2.77211 3.39888 180 200 230
-3.66298 -0.71119 8.57220 180 200 230
2.65970 2.40837 6.09153 180 200 230
2.73864 2.41057 7.20401 180 200 230
2.53431 2.73748 8.73679 180 200 230
0.64824 -3.31160 2.20161 180 200 230
-2.74399 -2.04402 3.03880 180 200 230
-1.10078 3.40486 5.94742 180 200 230
1.71165 2.77643 0.23569 180 200 230
2.52947 2.48110 5.29671 180 200 230
-0.19815 -3.65822 7.37316 180 200 230
2.68064 -2.33760 5.64469 180 200 230
-3.33521 -0.65968 2.79652 180 200 230
0.51387 -3.57681 6.64156 180 200 230
-0.68752 3.25515 1.39870 180 200 230
-3.17870 -1.89782 8.11015 180 200 230
-3.05172 1.25198 0.97035 180 200 230
3.14413 1.93201 7.84316 180 200 230
-3.50406 0.27873 4.64044 180 200 230
1.98550 -2.85217 4.01657 180 200 230
3.33045 1.12352 4.66614 180 200 230
-3.31689 0.48044 1.90956 180 200 230
2.43604 -2.48980 4.27975 180 200 230
0.91723 -3.56569 7.72547 180 200 230
-3.65265 0.15041 7.30680 180 200 230
1.58056 2.93347 1.55978 180 200 230
2.08983 -2.93314 6.19821 180 200 230
2.10633 3.02255 7.78644 180 200 230
-0.61528 3.61647 7.46848 180 200 230
2.46358 2.44124 3.98952 180 200 230
-3.17586 0.83653 0.46382 180 200 230
-2.55806 -2.69669 8.41937 180 200 230
1.61249 -3.06320 3.71855 180 200 230
-3.33509 0.82649 3.40006 180 200 230
3.57551 -0.66531 6.94871 180 200 230
-2.79510 -1.92163 2.50472 180 200 230
-2.91772 -2.24594 7.59675 180 200 230
1.48764 2.93277 0.73265 180 200 230
1.33309 3.37419 6.78560 180 200 230
-3.31214 -1.73047 8.71185 180 200 230
-0.68067 -3.67852 8.96484 180 200 230
1.03977 3.55446 8.35750 180 200 230
-3.66566 0.36935 7.90581 180 200 230
-2.10512 2.67206 2.64301 180 200 230
-3.46932 1.40487 8.71879 180 200 230
0.64661 3.65483 8.39185 180 200 230
2.23136 2.72233 4.96866 180 200 230
-1.48622 3.13273 3.77482 180 200 230
2.24631 -2.42494 1.04979 180 200 230
1.20793 -3.34028 5.46907 180 200 230
2.90222 2.15503 6.43548 180 200 230
2.95273 1.81732 3.79235 180 200 230
-3.46300 0.15347 3.81096 180 200 230
-0.60549 3.48453 5.31572 180 200 230
1.45060 -2.91796 0.26902 180 200 230
-3.72181 0.32396 8.64483 180 200 230
2.04745 -2.71955 2.74534 180 200 230
2.58276 2.08786 1.35020 180 200 230
3.19394 -0.60767 0.05327 180 200 230
0.39553 -3.66689 7.78668 180 200 230
-0.41965 -3.66932 7.84057 180 200 230
3.07074 -1.21097 0.91656 180 200 230
-3.26978 0.61730 1.45761 180 200 230
2.06597 2.80221 4.19115 180 200 230
-3.35457 0.06533 1.77266 180 200 230
1.44682 -3.33054 6.74280 180 200 230
2.08480 -2.53488 0.55981 180 200 230
-3.52184 0.25390 5.10534 180 200 230
-0.38344 -3.43403 3.59910 180 200 230
0.06700 3.49885 4.34459 180 200 230
0.42233 3.43809 3.98180 180 200 230
-2.85301 -1.71789 1.46616 180 200 230
-2.97286 1.59200 2.09712 180 200 230
1.74185 2.78526 0.62478 180 200 230
0.23604 -3.30063 1.10705 180 200 230
-3.66455 -0.75043 8.81401 180 200 230
-3.37130 -0.43434 2.65158 180 200 230
1.26744 3.16106 2.90403 180 200 230
0.18461 3.31305 1.21922 180 200 230
-1.28071 -3.40275 6.91095 180 200 230
2.21760 -2.97675 8.35990 180 200 230
1.61023 3.27191 7.21039 180 200 230
1.35991 -3.29214 5.66366 180 200 230
0.86699 -3.55270 7.41276 180 200 230
1.37438 -3.18085 3.79460 180 200 230
-3.20427 -1.80756 7.80955 180 200 230
-2.18286 2.93246 7.28574 180 200 230
0.42788 -3.22076 0.01682 180 200 230
-3.47156 0.43977 4.55104 180 200 230
0.59729 3.34340 2.51048 180 200 230
-2.69483 1.89682 0.82995 180 200 230
-3.54528 0.96469 7.69563 180 200 230
-3.24863 -0.10914 0.07721 180 200 230
2.89859 -2.17451 6.69389 180 200 230
-3.17968 1.98539 8.90051 180 200 230
-0.76080 3.42275 4.49854 180 200 230
3.34736 -0.80701 3.49389 180 200 230
0.18004 3.55562 5.60361 180 200 230
3.64946 0.25531 7.33899 180 200 230
1.98230 -2.73487 2.28396 180 200 230
3.24100 -0.95385 2.38162 180 200 230
-1.47632 -3.24964 5.61504 180 200 230
-3.11275 2.04051 8.49308 180 200 230
-3.28154 -0.92559 2.82424 180 200 230
1.69946 -3.00127 3.54414 180 200 230
2.81739 -2.47318 8.94386 180 200 230
2.66945 2.00496 1.68405 180 200 230
2.22257 -2.42731 0.74130 180 200 230
-2.63889 -2.39666 5.46055 180 200 230
3.20392 0.65885 0.23429 180 200 230
2.59872 2.10853 1.72338 180 200 230
3.42250 1.00680 5.74833 180 200 230
3.39132 -1.13597 6.07721 180 200 230
-3.14395 1.56433 4.75417 180 200 230
-0.73958 -3.36986 3.60816 180 200 230
3.54493 0.03825 5.34097 180 200 230
0.95883 -3.44763 5.93492 180 200 230
-3.63696 0.41227 7.32838 180 200 230
3.23485 -1.68417 7.23634 180 200 230
-3.56061 -0.47022 6.12294 180 200 230
0.89305 -3.59036 8.10566 180 200 230
-2.52071 -2.66632 7.62566 180 200 230
-3.30165 -0.42845 1.27705 180 200 230
3.53779 -1.19280 8.63491 180 200 230
-3.69380 0.10216 8.08464 180 200 230
2.66837 -2.14084 3.03181 180 200 230
3.17067 0.73130 0.19569 180 200 230
-1.95444 -2.97204 5.58730 180 200 230
2.96156 -1.83638 4.10487 180 200 230
2.92941 -2.14879 6.86242 180 200 230
-3.50700 0.33032 4.88089 180 200 230
-3.24533 0.57487 0.73646 180 200 230
1.25522 -3.14069 2.32520 180 200 230
-1.88043 3.17891 8.00595 180 200 230
3.02295 -1.25969 0.36391 180 200 230
-0.01555 3.61656 6.75101 180 200 230
3.03545 1.53220 2.76448 180 200 230
0.47851 -3.45172 4.23394 180 200 230
-2.91374 1.98756 4.93809 180 200 230
-2.08487 2.66085 2.37572 180 200 230
-1.54063 3.22600 6.01075 180 200 230
3.56739 -0.44060 6.37436 180 200 230
-2.96659 -1.43433 0.81871 180 200 230
3.43864 -0.17484 3.51854 180 200 230
-2.01030 3.01555 6.81774 180 200 230
-3.09736 1.85895 6.62009 180 200 230
0.84037 3.43032 5.05962 180 200 230
-3.30732 1.54707 7.10553 180 200 230
3.06023 1.25646 1.03415 180 200 230
3.31959 0.01164 1.13437 180 200 230
-3.43004 1.04170 6.05894 180 200 230
-0.09008 -3.60514 6.37276 180 200 230
-3.38602 1.41339 7.42324 180 200 230
-3.32389 -0.37765 1.72915 180 200 230
-3.31404 1.17866 4.81088 180 200 230
-3.53562 -0.60115 6.08828 180 200 230
0.54001 -3.32773 2.12925 180 200 230
1.16768 -3.32265 4.81204 180 200 230
1.88074 -3.04507 5.89126 180 200 230
0.78636 3.26910 2.04291 180 200 230
-3.31889 0.90023 3.53379 180 200 230
1.63933 -2.93780 2.06055 180 200 230
3.45926 -1.32259 8.17979 180 200 230
-3.25389 -0.90080 2.25172 180 200 230
-3.31180 0.14576 1.15964 180 200 230
0.30006 -3.26296 0.33931 180 200 230
3.26619 -0.17060 0.43429 180 200 230
-2.98811 1.50054 1.82878 180 200 230
1.80863 3.06260 5.62487 180 200 230
1.64538 -2.81005 0.17099 180 200 230
-0.83829 -3.30154 2.71585 180 200 230
2.00585 2.58847 0.56144 180 200 230
-1.53951 3.09274 3.78996 180 200 230
-3.09652 -1.07593 0.46883 180 200 230
-0.41439 -3.54223 5.61842 180 200 230
0.68777 -3.52751 6.33039 180 200 230
2.01739 2.99805 6.70468 180 200 230
0.69782 3.29155 2.13565 180 200 230
-0.13629 -3.68889 7.88603 180 200 230
2.68614 2.40173 6.34622 180 200 230
-3.27640 0.03788 0.54673 180 200 230
-3.33852 -0.99254 4.12630 180 200 230
-1.93826 3.08177 7.02008 180 200 230
0.97961 -3.26915 2.93946 180 200 230
3.23478 1.17415 3.58859 180 200 230
0.61241 -3.51619 5.81367 180 200 230
-1.99925 -2.61225 0.53475 180 200 230
-3.72902 -0.16922 8.72177 180 200 230
2.32094 -2.39886 1.66763 180 200 230
0.96425 3.11667 0.25805 180 200 230
1.02041 -3.08930 0.05154 180 200 230
1.31966 3.20156 3.75202 180 200 230
3.69203 -0.22190 8.02045 180 200 230
3.58423 0.74848 7.46882 180 200 230
-3.50947 -1.21876 8.25674 180 200 230
1.73890 3.07175 4.96283 180 200 230
-2.91517 1.90248 4.19883 180 200 230
2.06423 2.76542 3.62746 180 200 230
1.13308 3.07583 0.44801 180 200 230
3.44368 1.38805 8.23535 180 200 230
3.49500 0.17590 4.62659 180 200 230
-0.66829 -3.42215 4.25583 180 200 230
-3.36705 1.01364 4.79653 180 200 230
3.50109 1.03130 7.24832 180 200 230
3.12138 -1.25927 2.13678 180 200 230
-1.82943 -3.12064 6.51722 180 200 230
-0.32378 3.60065 6.52495 180 200 230
-3.41929 1.38633 7.72360 180 200 230
-3.24444 0.21914 0.08426 180 200 230
-3.02383 -1.42123 1.62881 180 200 230
2.18499 -2.72906 4.39997 180 200 230
-3.11179 -1.97207 7.73239 180 200 230
3.70710 -0.49849 8.70597 180 200 230
-0.51638 -3.51870 5.50647 180 200 230
3.34809 -0.24198 2.02146 180 200 230
-3.17578 -1.04843 1.76270 180 200 230
-1.55513 -3.22292 5.90011 180 200 230
-0.25575 -3.35709 2.00149 180 200 230
0.10521 -3.52650 5.13570 180 200 230
3.62316 0.56055 7.59818 180 200 230
2.40639 2.48240 3.66333 180 200 230
0.48012 3.40766 3.56031 180 200 230
-0.43945 3.23407 0.34955 180 200 230
2.80798 -1.89882 2.41259 180 200 230
-0.61755 -3.55202 6.41538 180 200 230
2.13582 2.69294 3.39462 180 200 230
-2.98964 1.49137 1.51429 180 200 230
0.14263 3.29807 1.01660 180 200 230
1.58465 -2.88833 0.91449 180 200 230
3.12652 -1.77561 6.07282 180 200 230
1.82881 3.06111 5.66350 180 200 230
-3.04868 1.76260 4.82637 180 200 230
3.35465 -1.02425 4.66353 180 200 230
-1.83592 -2.77927 1.46591 180 200 230
2.36909 -2.58406 4.66613 180 200 230
-2.05623 2.56020 0.57799 180 200 230
0.93171 3.60080 8.37408 180 200 230
-1.18317 -3.06139 0.55969 180 200 230
2.25862 2.64202 3.96996 180 200 230
1.74168 -2.74819 0.00535 180 200 230
0.11072 -3.64192 7.17939 180 200 230
-1.12871 3.14090 1.58903 180 200 230
-3.71244 0.03006 8.36644 180 200 230
0.99696 -3.12204 0.42450 180 200 230
3.36524 -1.45852 7.47731 180 200 230
-2.14748 2.87291 6.05132 180 200 230
0.84211 -3.28050 2.37213 180 200 230
1.14461 3.14617 1.93059 180 200 230
2.82253 -1.95627 3.36984 180 200 230
-1.42965 -3.37624 7.54300 180 200 230
2.11509 3.01911 7.83023 180 200 230
-0.21367 -3.33898 1.67479 180 200 230
-0.55744 -3.38951 3.33090 180 200 230
-0.16298 -3.36495 2.25862 180 200 230
-1.86255 2.74520 1.17674 180 200 230
-0.22939 -3.57450 5.96176 180 200 230
1.58442 -3.03520 3.26178 180 200 230
-1.93002 2.75979 2.14524 180 200 230
0.96314 3.56085 7.86473 180 200 230
2.77268 -2.35667 6.85122 180 200 230
-2.64071 -2.50155 7.07236 180 200 230
-3.17406 0.80674 0.37845 180 200 230
2.69661 -2.54046 8.28359 180 200 230
2.32399 2.66987 5.32827 180 200 230
1.30215 -3.25389 4.69497 180 200 230
-3.25330 0.18783 0.10234 180 200 230
3.57120 0.97756 8.13478 180 200 230
3.47704 -0.60430 5.05339 180 200 230
0.64381 -3.61287 7.51483 180 200 230
0.78759 3.49828 6.04144 180 200 230
3.24243 -1.68571 7.27003 180 200 230
3.30916 -1.42348 6.36945 180 200 230
1.15609 -3.52296 8.33308 180 200 230
2.35558 2.42072 2.14563 180 200 230
1.30918 3.09885 1.92669 180 200 230
0.09175 -3.62014 6.54010 180 200 230
3.00507 -1.80777 4.67318 180 200 230
0.77502 3.46911 5.54470 180 200 230
-3.50058 0.87941 6.50579 180 200 230
1.99236 2.92351 5.08456 180 200 230
-3.61479 0.50270 7.19242 180 200 230
-2.13451 -2.66531 3.01312 180 200 230
3.66041 0.42869 7.80484 180 200 230
-2.05875 -2.58392 1.03469 180 200 230
-2.27887 -2.74589 5.85261 180 200 230
-3.55220 1.03180 8.07068 180 200 230
2.67655 -2.06533 2.40010 180 200 230
2.26553 2.56385 3.08637 180 200 230
3.22207 1.07636 2.88984 180 200 230
-3.53516 0.09262 5.23505 180 200 230
-3.39060 -0.71404 3.87346 180 200 230
-0.34541 3.28192 1.03760 180 200 230
3.58474 -0.88143 8.08096 180 200 230
-0.07865 3.35768 1.95124 180 200 230
-0.44591 3.50109 4.96552 180 200 230
1.32781 -3.29387 5.50617 180 200 230
2.89352 -1.52451 0.39373 180 200 230
-3.21523 -0.74290 0.92050 180 200 230
3.70227 0.44537 8.76221 180 200 230
-2.21173 2.83531 6.12016 180 200 230
0.53257 3.22341 0.32448 180 200 230
-3.64309 -0.25261 7.24860 180 200 230
-1.44504 -3.20427 4.73705 180 200 230
-2.56091 2.05336 0.72481 180 200 230
-3.50373 -0.83791 6.26257 180 200 230
0.21756 -3.50710 4.65440 180 200 230
0.08132 3.35825 1.95349 180 200 230
1.23040 3.48391 7.96463 180 200 230
1.16503 -3.19593 2.75917 180 200 230
3.31239 0.78476 2.69565 180 200 230
1.98206 2.74969 2.58685 180 200 230
3.62874 0.28230 7.01752 180 200 230
-3.39398 -1.23118 6.48452 180 200 230
-2.99569 -2.17897 8.18147 180 200 230
-3.31259 -0.65417 2.18183 180 200 230
-3.14161 1.87747 7.18035 180 200 230
-3.48581 -0.64294 5.31291 180 200 230
1.17804 3.20486 2.91886 180 200 230
1.50496 -2.89750 0.34285 180 200 230
3.64294 -0.44225 7.46134 180 200 230
-3.26540 -0.85205 2.29180 180 200 230
-2.52802 2.54857 5.83144 180 200 230
0.91478 -3.40409 5.09815 180 200 230
1.14245 3.05659 0.04251 180 200 230
-1.61414 3.38738 8.95219 180 200 230
3.39977 -1.34655 7.42223 180 200 230
1.36921 3.23599 4.53830 180 200 230
2.73784 2.32693 6.25948 180 200 230
-3.34844 -1.00377 4.45013 180 200 230
-3.08957 -1.89108 6.81966 180 200 230
-2.72111 -1.90351 1.28782 180 200 230
1.78219 2.99110 4.17706 180 200 230
-0.61848 -3.37384 3.16620 180 200 230
0.16972 3.49679 4.29661 180 200 230
3.29811 -1.11526 4.21446 180 200 230
0.45730 3.28070 1.37161 180 200 230
3.72013 0.40625 8.80203 180 200 230
-2.96424 -1.34615 0.15012 180 200 230
0.95307 3.12227 0.09704 180 200 230
-2.38071 -2.49010 3.51398 180 200 230
0.46424 3.53430 5.73226 180 200 230
-3.00504 1.45850 1.71636 180 200 230
1.51211 3.18812 4.95762 180 200 230
-3.26111 1.56442 6.62974 180 200 230
2.16355 2.50184 0.90426 180 200 230
-1.96449 3.18447 8.86908 180 200 230
1.08293 3.25832 3.17674 180 200 230
1.44142 -3.26864 5.92669 180 200 230
-0.42694 -3.27267 1.06395 180 200 230
1.80501 3.13330 6.51367 180 200 230
3.18539 1.82766 7.64639 180 200 230
3.26175 0.53226 1.01178 180 200 230
0.48373 3.27651 1.20772 180 200 230
-3.36627 0.42145 2.66367 180 200 230
-2.63566 1.91788 0.11540 180 200 230
3.68353 -0.66678 8.88273 180 200 230
0.93189 -3.42794 5.53792 180 200 230
3.14438 1.68228 5.61886 180 200 230
2.02332 3.14147 8.65407 180 200 230
3.61910 0.61054 7.57401 180 200 230
2.36897 2.79947 7.42090 180 200 230
-3.36463 -0.62908 3.20316 180 200 230
3.03759 1.58975 3.16008 180 200 230
3.16625 1.25057 2.76235 180 200 230
2.52559 2.31737 3.26917 180 200 230
-1.67486 -3.02015 3.47743 180 200 230
3.30112 0.40351 1.34151 180 200 230
3.37104 -0.65127 3.35398 180 200 230
-2.55027 2.37127 4.18062 180 200 230
-1.76407 2.91610 2.92540 180 200 230
-3.29043 0.52512 1.58154 180 200 230
-3.42130 -0.38559 3.51381 180 200 230
-3.06500 1.68466 4.48899 180 200 230
-3.59998 0.31006 6.61210 180 200 230
-1.93403 3.05884 6.52883 180 200 230
-1.46603 3.01613 1.93287 180 200 230
3.21705 0.55762 0.35446 180 200 230
-1.60592 -3.00108 2.87425 180 200 230
-2.46406 -2.23568 1.50404 180 200 230
-1.69012 -3.02105 3.71767 180 200 230
3.48794 -1.35430 8.82621 180 200 230
-3.30174 0.56375 1.72924 180 200 230
2.52078 -2.31495 3.01275 180 200 230
-3.39569 1.24805 6.65015 180 200 230
-3.48607 0.49359 4.74248 180 200 230
-2.19416 -2.42517 0.42440 180 200 230
0.70810 3.25431 1.54701 180 200 230
0.75797 3.64352 8.45378 180 200 230
-3.29950 -0.20409 0.99146 180 200 230
3.24917 1.49442 5.86179 180 200 230
0.30620 3.64403 7.23211 180 200 230
0.91338 -3.26510 2.51848 180 200 230
-3.52739 0.81799 6.64965 180 200 230
3.30030 0.55725 1.62375 180 200 230
3.15649 1.26678 2.69761 180 200 230
2.98865 -1.65490 2.94786 180 200 230
3.60377 -1.00493 8.97044 180 200 230
-2.13772 -2.62086 2.04296 180 200 230
1.31597 3.03814 1.23963 180 200 230
-2.50863 2.73664 8.37304 180 200 230
-1.13828 3.13283 1.54913 180 200 230
0.81150 -3.61376 7.97763 180 200 230
-3.48339 -0.82680 5.99720 180 200 230
0.65754 -3.48781 5.34665 180 200 230
-2.32236 2.78898 6.87804 180 200 230
2.46632 -2.64257 6.65804 180 200 230
-2.98917 1.42586 1.06146 180 200 230
-3.25256 1.85864 8.99571 180 200 230
-3.71509 0.25487 8.51004 180 200 230
-3.10514 -2.02036 8.12554 180 200 230
2.81560 -2.20928 5.74841 180 200 230
-3.39090 0.92180 4.86513 180 200 230
3.19189 -1.49865 4.98539 180 200 230
-2.55712 2.01800 0.14463 180 200 230
-1.58450 3.13050 4.65575 180 200 230
-1.00059 3.44038 5.76129 180 200 230
3.55470 0.47523 6.06957 180 200 230
1.99041 -2.77078 3.13589 180 200 230
3.06951 1.66828 4.40223 180 200 230
-1.80721 3.08534 5.87259 180 200 230
-0.00996 3.47176 4.01365 180 200 230
-0.13031 -3.72642 8.68138 180 200 230
3.28490 -1.48102 6.47899 180 200 230
1.32737 -2.97914 0.01175 180 200 230
-1.38976 2.95346 0.22511 180 200 230
-3.46335 0.98835 6.34641 180 200 230
0.06471 3.47510 3.87079 180 200 230
3.25924 -1.68706 7.63805 180 200 230
2.45629 2.27042 1.65338 180 200 230
3.10418 -0.96663 0.13421 180 200 230
1.34588 -3.18360 3.64748 180 200 230
-0.86523 -3.51412 6.74560 180 200 230
0.56157 -3.69672 8.76196 180 200 230
-1.97241 3.13640 8.01497 180 200 230
-0.99558 3.35691 4.51736 180 200 230
-2.68342 2.47519 7.40952 180 200 230
1.36966 2.98895 0.67773 180 200 230
-0.08112 -3.54625 5.30588 180 200 230
-3.67338 0.58077 8.36083 180 200 230
2.61017 -2.27767 3.72299 180 200 230
2.69940 -2.58707 8.66359 180 200 230
1.87705 2.79413 2.10125 180 200 230
0.64301 3.23991 1.01521 180 200 230
-2.97592 1.87183 4.88272 180 200 230
2.71874 2.51522 8.21647 180 200 230
-1.26876 -3.17151 2.94285 180 200 230
-0.28410 -3.63774 7.30031 180 200 230
-0.59714 -3.28134 1.61781 180 200 230
-3.56869 0.67588 6.82769 180 200 230
1.95353 -2.94500 5.17057 180 200 230
-2.63195 -2.06404 1.67231 180 200 230
3.60907 -0.14494 6.58910 180 200 230
1.44497 -3.31407 6.55105 180 200 230
-0.60919 -3.45953 4.79914 180 200 230
2.40088 2.35022 2.14647 180 200 230
1.64934 -2.88738 1.26822 180 200 230
-1.27491 3.50165 8.64018 180 200 230
-3.12931 1.74825 6.04417 180 200 230
-3.55681 0.84776 7.37834 180 200 230
-1.76440 3.14776 6.40451 180 200 230
2.85154 2.31226 7.55196 180 200 230
1.04451 3.17148 1.55411 180 200 230
1.15533 -3.30875 4.63328 180 200 230
-2.06911 -2.93503 6.14342 180 200 230
3.09628 -1.16240 0.99353 180 200 230
1.44127 -3.01024 1.43538 180 200 230
-2.92261 2.06173 5.85196 180 200 230
0.83069 -3.58832 7.88825 180 200 230
-3.18339 -1.65819 6.08446 180 200 230
-0.73908 3.18396 0.34991 180 200 230
3.68065 -0.58084 8.75173 180 200 230
2.98604 -1.43986 1.33738 180 200 230
2.56867 2.18545 2.21225 180 200 230
1.99164 -3.16369 8.78939 180 200 230
3.21500 1.70709 7.04855 180 200 230
3.35835 -1.61086 8.46488 180 200 230
-2.59725 -2.57018 7.35583 180 200 230
1.79008 3.09671 6.00865 180 200 230
1.39274 -3.09689 2.69609 180 200 230
-3.40165 -0.33842 3.08697 180 200 230
3.46730 1.36147 8.55563 180 200 230
1.10267 -3.51134 7.81914 180 200 230
0.81766 -3.32847 3.38688 180 200 230
-3.41052 0.38607 3.51309 180 200 230
-0.40345 -3.38317 2.81746 180 200 230
3.30737 0.85248 3.08019 180 200 230
-1.52482 3.34307 7.81984 180 200 230
-1.51179 -2.88688 0.10157 180 200 230
0.42357 3.45875 4.08338 180 200 230
-3.54351 1.14124 8.51816 180 200 230
3.21351 -1.46442 5.04203 180 200 230
1.61647 -3.08800 4.21400 180 200 230
-3.17909 -1.21263 2.95369 180 200 230
-2.91867 -1.52701 0.71180 180 200 230
2.55948 -2.19978 2.13642 180 200 230
2.15688 -2.50750 0.86977 180 200 230
2.81808 1.74639 1.21551 180 200 230
-3.25361 0.71488 1.56426 180 200 230
1.24029 3.18238 2.85719 180 200 230
2.82303 1.62719 0.10654 180 200 230
-0.98215 3.59944 8.57966 180 200 230
-2.54397 -2.12195 1.18821 180 200 230
0.94982 -3.31824 3.60259 180 200 230
3.14433 -1.92749 7.98062 180 200 230
-2.92691 1.53900 1.02393 180 200 230
-3.09047 1.64072 4.51325 180 200 230
2.10664 3.02778 7.68269 180 200 230
1.20244 3.32947 5.16966 180 200 230
2.67950 2.01169 2.00497 180 200 230
3.58299 -0.54673 6.74046 180 200 230
2.50374 2.58683 6.26787 180 200 230
0.14341 -3.43414 3.41111 180 200 230
-1.35032 2.97744 0.44731 180 200 230
-3.16920 -0.75344 0.07599 180 200 230
2.55247 -2.62699 7.51728 180 200 230
3.15011 -1.33583 3.03760 180 200 230
0.20355 3.31189 1.32070 180 200 230
2.98316 -1.85996 4.82698 180 200 230
-0.04794 3.71734 8.33143 180 200 230
1.09937 -3.06586 0.08201 180 200 230
3.26520 0.31384 0.54164 180 200 230
-3.38255 -0.76126 3.91138 180 200 230
-0.54440 -3.55461 6.22088 180 200 230
1.85195 -2.96167 4.44581 180 200 230
2.00158 -3.10509 8.13427 180 200 230
-0.99030 3.12325 0.42557 180 200 230
2.07418 -2.73920 3.20832 180 200 230
-1.53427 3.07554 3.31147 180 200 230
0.34918 3.41170 3.20855 180 200 230
3.49659 0.03237 4.55020 180 200 230
0.32764 3.64063 7.21706 180 200 230
2.51539 2.31610 3.00376 180 200 230
-1.65045 -3.23601 6.81819 180 200 230
2.04639 2.63093 1.40248 180 200 230
-3.04868 -1.81292 5.20287 180 200 230
2.41026 2.45513 3.52933 180 200 230
-0.99495 -3.37853 5.01189 180 200 230
-0.73273 3.22608 1.03514 180 200 230
-1.34235 3.47324 8.60821 180 200 230
-2.35188 -2.85699 8.20785 180 200 230
3.40713 -1.37516 7.52529 180 200 230
3.68945 -0.19488 8.09357 180 200 230
-2.07694 2.60035 1.40488 180 200 230
3.30533 -1.15896 4.69436 180 200 230
-2.60096 -2.21638 3.00412 180 200 230
3.08174 -2.05303 8.04699 180 200 230
3.30524 0.58440 1.80781 180 200 230
3.29859 0.69766 2.09400 180 200 230
3.21238 1.62597 6.31502 180 200 230
1.10701 -3.11204 0.85508 180 200 230
2.34640 2.76329 6.71303 180 200 230
1.50848 3.03489 2.54360 180 200 230
-3.08562 -1.83531 6.08899 180 200 230
3.56342 -0.97614 7.92471 180 200 230
-3.24499 -1.45567 5.63733 180 200 230
-0.36640 -3.33722 2.02660 180 200 230
1.24908 3.02815 0.47464 180 200 230
2.80409 -1.67804 0.43116 180 200 230
3.09054 1.13193 0.85489 180 200 230
-0.72612 3.47127 5.37314 180 200 230
-3.29306 0.98542 3.28264 180 200 230
0.50463 3.34538 2.31036 180 200 230
-1.73678 -2.88522 2.08822 180 200 230
-1.61235 -3.36000 8.56664 180 200 230
0.78895 3.22879 1.13991 180 200 230
3.40253 0.18385 2.88345 180 200 230
3.12162 1.57371 4.40387 180 200 230
3.24729 0.00873 0.00452 180 200 230
3.07072 -2.07577 8.33307 180 200 230
-2.38821 -2.29018 0.95241 180 200 230
2.32011 2.74905 6.27795 180 200 230
2.98875 1.96359 5.80675 180 200 230
1.50755 -3.33355 7.37668 180 200 230
1.34328 -3.32905 6.00488 180 200 230
3.26385 -1.60200 7.03451 180 200 230
1.87550 2.92570 3.94922 180 200 230
-3.47344 -0.48933 4.55878 180 200 230
2.60069 2.48800 6.44613 180 200 230
1.00137 -3.39573 5.27197 180 200 230
-3.00092 1.83936 4.76372 180 200 230
-1.12409 -3.17385 1.95906 180 200 230
3.32840 0.64173 2.45015 180 200 230
0.59985 -3.38287 3.37729 180 200 230
0.41776 3.22320 0.09019 180 200 230
1.91081 -2.89684 3.91411 180 200 230
1.27437 2.98904 0.02694 180 200 230
0.88228 -3.42755 5.24160 180 200 230
2.40126 2.69304 6.46635 180 200 230
-1.83438 -3.03253 5.21574 180 200 230
0.66050 -3.55227 6.37401 180 200 230
-2.45831 2.13368 -0.00016 180 200 230
0.11684 3.27982 0.57332 180 200 230
-2.01580 2.98518 6.41794 180 200 230
-1.05626 3.50448 7.32336 180 200 230
-2.42956 -2.68922 6.58505 180 200 230
3.45434 0.99327 6.10704 180 200 230
3.49018 0.92978 6.49550 180 200 230
-0.85204 3.52241 6.77605 180 200 230
-0.61072 3.56894 6.64355 180 200 230
1.60641 3.25681 6.76186 180 200 230
-0.68119 -3.21950 0.71301 180 200 230
3.24685 0.48841 0.61009 180 200 230
3.05354 -1.57440 3.40140 180 200 230
0.16626 -3.53167 4.90705 180 200 230
-2.97841 2.08049 6.97589 180 200 230
2.16267 -2.65014 3.15908 180 200 230
-2.50218 -2.29566 2.60832 180 200 230
-3.29637 -1.55697 7.13855 180 200 230
-1.30621 3.12467 2.36841 180 200 230
-1.90604 -3.13706 7.47761 180 200 230
2.13262 2.56785 1.69269 180 200 230
-3.39240 -0.53510 3.38634 180 200 230
2.57553 2.30276 3.76636 180 200 230
-3.21076 1.15260 2.83407 180 200 230
-2.42356 -2.17130 0.03241 180 200 230
1.88684 2.79537 2.23986 180 200 230
0.59746 3.37561 3.18583 180 200 230
1.31958 -3.14333 2.96494 180 200 230
-0.13080 3.64250 7.17417 180 200 230
2.69722 1.84684 0.45768 180 200 230
-1.67700 3.01936 3.65555 180 200 230
3.00297 -1.29637 0.36245 180 200 230
-1.28427 -3.48337 8.41518 180 200 230
-3.25021 -1.66725 7.21402 180 200 230
2.01605 -3.15834 8.84970 180 200 230
-1.98032 -3.12862 8.24137 180 200 230
1.27966 -3.16531 2.98490 180 200 230
-1.98614 -3.00945 6.35744 180 200 230
2.24381 -2.56915 2.89937 180 200 230
-2.62587 -2.59334 8.05473 180 200 230
-0.32309 3.44681 3.85430 180 200 230
3.32979 0.87993 3.53646 180 200 230
2.92597 2.27906 8.27432 180 200 230
-3.66116 -0.28688 7.61443 180 200 230
3.68339 -0.66032 8.71685 180 200 230
0.19515 -3.27876 0.64097 180 200 230
0.53643 -3.32694 2.31327 180 200 230
-1.75743 -2.92062 2.84672 180 200 230
2.85929 -1.98314 3.97723 180 200 230
-0.31883 -3.48008 4.41888 180 200 230
-0.17864 3.39645 2.76006 180 200 230
-3.64936 0.01187 7.21630 180 200 230
-2.78023 1.90627 2.12499 180 200 230
1.82699 3.10665 6.40078 180 200 230
0.63422 3.61743 7.74357 180 200 230
-0.77933 3.47048 5.58485 180 200 230
1.58552 3.04729 3.33744 180 200 230
0.68376 3.28185 1.79346 180 200 230
2.87118 -1.66425 1.28811 180 200 230
-2.00546 3.02234 6.81581 180 200 230
1.63514 -3.08745 4.38278 180 200 230
3.00690 1.28754 0.44745 180 200 230
3.71758 -0.42676 8.86414 180 200 230
0.33370 -3.58015 6.17991 180 200 230
3.05799 -2.03035 7.67852 180 200 230
-3.43347 -0.56398 4.10308 180 200 230
-2.47063 -2.78603 8.62494 180 200 230
-2.14887 2.57048 1.90321 180 200 230
-3.04448 1.38545 1.76787 180 200 230
0.01729 -3.70525 8.07206 180 200 230
3.51016 1.13975 8.08469 180 200 230
3.41406 0.79815 4.65184 180 200 230
2.34424 -2.34657 1.20672 180 200 230
2.63214 2.17770 2.88669 180 200 230
-0.65949 -3.58300 6.90174 180 200 230
1.14577 3.49216 7.69381 180 200 230
-2.29097 2.55915 3.27760 180 200 230
-0.88698 3.16022 0.59054 180 200 230
-3.58350 0.21787 6.13117 180 200 230
1.68062 -3.21499 6.77503 180 200 230
2.45684 -2.44041 3.97510 180 200 230
0.62033 3.49526 5.40215 180 200 230
-1.96044 3.19246 8.89371 180 200 230
1.75291 -2.88415 2.32851 180 200 230
2.99953 1.89392 5.31215 180 200 230
2.63858 2.38271 5.64936 180 200 230
-3.50475 0.45212 5.09980 180 200 230
0.92219 -3.57820 7.89122 180 200 230
-1.83085 3.05291 5.59630 180 200 230
3.17941 1.48228 4.73157 180 200 230
3.24126 -0.66343 1.18079 180 200 230
3.34806 -1.35215 6.45903 180 200 230
-1.92211 -2.71314 1.26645 180 200 230
-1.35483 -2.96953 0.25697 180 200 230
3.20144 -1.41666 4.55760 180 200 230
-2.18666 -2.77783 5.30808 180 200 230
0.89635 -3.64148 8.99202 180 200 230
-3.51539 0.82027 6.53886 180 200 230
0.50639 3.64046 7.71612 180 200 230
1.70474 -2.98733 3.26568 180 200 230
-1.40423 -3.21072 4.74099 180 200 230
-0.91758 3.61501 8.78397 180 200 230
-2.47912 -2.42597 3.91443 180 200 230
1.48362 -3.34258 7.36146 180 200 230
-0.44865 3.49055 4.89353 180 200 230
0.38350 -3.34790 2.13179 180 200 230
3.18960 1.55868 5.37829 180 200 230
-2.37700 -2.37547 2.07694 180 200 230
3.24860 -0.02177 0.02950 180 200 230
2.25363 -2.51216 2.24335 180 200 230
2.38087 -2.36126 1.84293 180 200 230
-1.46038 -3.12164 3.49079 180 200 230
-3.58541 0.89212 8.05780 180 200 230
-1.52521 -3.09930 3.64550 180 200 230
-1.59254 3.31954 7.68654 180 200 230
-3.34416 -1.15127 5.15778 180 200 230
-3.15299 -0.80279 0.07379 180 200 230
-3.22329 -0.90863 1.80162 180 200 230
-3.16104 1.95112 8.42042 180 200 230
-2.14037 2.83947 5.58913 180 200 230
-1.79720 3.25191 8.40566 180 200 230
0.53995 3.37220 2.93216 180 200 230
-3.34503 1.35984 6.57583 180 200 230
2.68971 2.45505 7.05707 180 200 230
3.04543 -2.16695 8.79562 180 200 230
2.96032 1.38584 0.17541 180 200 230
1.94795 -3.18241 8.59739 180 200 230
0.19005 3.45273 3.67949 180 200 230
2.22174 -2.93140 7.62488 180 200 230
-0.65536 -3.46703 5.06079 180 200 230
3.11945 -1.69013 5.23785 180 200 230
2.35773 -2.50338 3.38521 180 200 230
-1.10987 -3.49696 7.54347 180 200 230
1.95957 2.75782 2.50559 180 200 230
-3.33802 -1.06250 4.59093 180 200 230
-1.88824 2.98251 5.19890 180 200 230
2.73202 -2.38504 6.80144 180 200 230
2.42575 -2.51174 4.40552 180 200 230
-1.40805 3.30856 6.25882 180 200 230
-1.65077 -3.08019 4.52874 180 200 230
-1.89137 3.05255 6.07472 180 200 230
-1.56873 -3.23765 6.20477 180 200 230
-2.73254 -2.37482 6.51304 180 200 230
-3.66622 -0.25259 7.49857 180 200 230
2.54889 -2.44207 5.02499 180 200 230
0.08332 3.35653 1.84396 180 200 230
1.05744 -3.43983 6.25302 180 200 230
-1.22026 -3.05440 0.74286 180 200 230
-0.65674 3.29973 2.08510 180 200 230
-3.22129 1.72674 7.23076 180 200 230
3.17315 1.46923 4.07378 180 200 230
-2.87381 -2.02182 4.64263 180 200 230
2.85395 -2.42540 8.89398 180 200 230
2.49294 2.27753 2.23647 180 200 230
2.20355 2.40640 0.18907 180 200 230
-3.26682 0.52653 1.06970 180 200 230
-0.65955 3.31795 2.32343 180 200 230
-0.60943 3.56738 6.65711 180 200 230
-2.34283 -2.78429 7.09016 180 200 230
-2.99521 1.89406 5.24557 180 200 230
1.89792 -2.80604 2.42169 180 200 230
-3.17373 1.52017 4.85543 180 200 230
-2.44132 -2.15984 0.14471 180 200 230
-2.88677 2.15637 6.27174 180 200 230
-0.13490 3.56265 5.67839 180 200 230
-3.20675 0.58395 0.21100 180 200 230
-0.67497 -3.59729 7.44518 180 200 230
3.47796 -1.06257 6.98271 180 200 230
3.30028 0.89543 2.91436 180 200 230
-3.50357 -0.71012 5.86439 180 200 230
-2.33866 -2.68537 5.56505 180 200 230
2.85392 1.70529 1.37176 180 200 230
1.59875 -2.94435 1.84418 180 200 230
-0.58357 3.54705 6.28455 180 200 230
2.62853 -2.63144 8.43948 180 200 230
-3.35232 -1.15027 5.34179 180 200 230
2.04833 2.89815 5.26602 180 200 230
-0.24233 -3.57258 5.96387 180 200 230
1.91497 2.90446 4.12481 180 200 230
-0.60660 -3.22153 0.52277 180 200 230
1.23677 -3.23009 3.72437 180 200 230
-3.30055 -1.69556 8.15644 180 200 230
-0.48266 3.62062 7.34146 180 200 230
-3.43294 1.42607 8.38750 180 200 230
-3.27207 -0.58210 1.46343 180 200 230
-1.77592 -3.03684 4.71363 180 200 230
-2.36584 -2.64727 5.41663 180 200 230
-2.71842 1.96400 2.00087 180 200 230
0.17182 -3.34569 1.91683 180 200 230
0.48980 -3.61792 7.14332 180 200 230
-1.18622 -3.38337 6.18531 180 200 230
-0.49715 3.54830 5.96821 180 200 230
-3.32612 0.64758 2.53301 180 200 230
-3.20256 1.43979 4.72130 180 200 230
1.32792 -2.97623 0.22336 180 200 230
1.18482 -3.09547 1.24647 180 200 230
2.34275 -2.62122 4.82427 180 200 230
0.40303 3.39167 2.92800 180 200 230
-0.03624 -3.73231 8.71109 180 200 230
2.40009 -2.54302 4.40389 180 200 230
1.64989 2.85041 0.80447 180 200 230
3.16046 0.81014 0.17251 180 200 230
2.85451 2.22883 6.65119 180 200 230
-2.62230 -2.06598 1.63948 180 200 230
-2.94763 1.58096 1.79313 180 200 230
1.17622 3.27039 3.97251 180 200 230
-3.33176 -0.59883 2.50592 180 200 230
0.79000 -3.48055 5.69837 180 200 230
2.16055 -2.75600 4.53193 180 200 230
0.03576 -3.30696 1.07055 180 200 230
2.74588 -2.40518 7.16681 180 200 230
-2.75949 -2.11795 3.99101 180 200 230
1.85554 -3.04625 5.64759 180 200 230
-2.82228 1.61716 0.03816 180 200 230
2.14882 -2.86276 5.78476 180 200 230
2.68963 -2.06437 2.68054 180 200 230
-1.36176 -3.22483 4.61026 180 200 230
-3.08969 1.42917 2.81787 180 200 230
-0.74244 3.68122 8.96819 180 200 230
-1.53639 3.00695 2.19591 180 200 230
2.49300 2.73477 8.26448 180 200 230
3.54767 1.08316 8.30749 180 200 230
-2.97401 1.77354 3.94766 180 200 230
3.28777 0.90318 2.87582 180 200 230
2.52627 -2.35482 3.58312 180 200 230
-2.20493 -3.03315 8.91012 180 200 230
1.98129 -2.96855 5.71803 180 200 230
-3.31602 1.20759 5.06135 180 200 230
0.53258 3.22513 0.34712 180 200 230
-0.92185 3.56444 7.70936 180 200 230
2.02221 -2.61607 0.80606 180 200 230
2.35641 2.26617 0.45384 180 200 230
-1.08669 -3.22452 2.60553 180 200 230
0.53222 3.45731 4.44272 180 200 230
-2.23695 2.95337 8.11439 180 200 230
3.65098 0.06990 7.21296 180 200 230
-3.33276 0.44043 1.88475 180 200 230
2.38494 2.48760 3.50143 180 200 230
2.31576 -2.81194 7.12824 180 200 230
2.88079 2.03082 4.90313 180 200 230
-0.00775 3.34825 1.66715 180 200 230
3.44176 0.32094 3.72039 180 200 230
3.55725 -0.15930 5.78169 180 200 230
-2.35589 -2.90074 8.77475 180 200 230
-2.22512 -2.81624 6.09676 180 200 230
-3.23563 -0.38525 0.15677 180 200 230
2.43701 -2.65954 6.47497 180 200 230
2.09077 2.66720 2.38256 180 200 230
0.97711 -3.54092 7.83269 180 200 230
1.21220 -3.23109 3.60940 180 200 230
3.27020 0.75536 1.90372 180 200 230
2.35492 2.59381 4.37153 180 200 230
-3.23712 -0.98806 2.42327 180 200 230
2.84896 1.81282 2.24254 180 200 230
-0.71614 3.47282 5.31477 180 200 230
-2.99364 2.07117 7.01654 180 200 230
2.02639 3.07299 7.59859 180 200 230
-0.98082 -3.30968 3.73541 180 200 230
-3.28086 0.10184 0.64412 180 200 230
-2.23708 -2.69782 4.51628 180 200 230
-3.43178 0.55903 4.06316 180 200 230
-2.85871 1.75220 1.87908 180 200 230
-3.69663 0.17691 8.12193 180 200 230
3.02101 -2.20899 8.78224 180 200 230
-2.60491 1.99348 0.49928 180 200 230
-2.28631 -2.84507 7.26209 180 200 230
1.80327 -3.09503 5.95529 180 200 230
-2.45355 -2.33579 2.48131 180 200 230
0.53608 3.53765 5.86226 180 200 230
2.38981 2.30020 1.23393 180 200 230
-2.76062 -1.77336 0.66922 180 200 230
-0.53087 -3.71255 8.94510 180 200 230
0.42038 -3.55425 5.87293 180 200 230
-1.17253 -3.18148 2.40449 180 200 230
3.47652 0.07546 4.21072 180 200 230
0.55609 -3.68456 8.57945 180 200 230
-2.75247 -2.12460 4.10808 180 200 230
3.69107 -0.27460 8.15860 180 200 230
0.33687 -3.66513 7.88928 180 200 230
-3.10092 1.45425 3.24593 180 200 230
-1.61414 -3.22534 6.39618 180 200 230
-2.67559 -2.38696 6.08539 180 200 230
-1.89853 3.10279 7.05024 180 200 230
-3.37230 -0.72114 3.44485 180 200 230
0.93012 3.15564 0.50346 180 200 230
2.84466 1.75134 1.63493 180 200 230
-0.37889 -3.53885 5.69872 180 200 230
-2.72130 2.42576 7.08353 180 200 230
0.13006 -3.62163 6.91930 180 200 230
-3.53416 0.25945 5.40769 180 200 230
1.20979 -3.06744 0.81570 180 200 230
-0.21220 -3.24546 0.16771 180 200 230
0.32324 -3.63108 7.14457 180 200 230
-3.18413 1.51471 5.10264 180 200 230
3.53950 -0.88089 7.14940 180 200 230
-2.76720 1.87412 1.55676 180 200 230
0.92633 -3.33305 3.82406 180 200 230
-3.70405 0.24265 8.31758 180 200 230
0.31226 3.32241 1.64041 180 200 230
-2.26105 -2.37509 0.59354 180 200 230
-3.51326 0.69059 6.02373 180 200 230
-0.31428 3.54578 5.50333 180 200 230
-2.75229 2.50339 8.59624 180 200 230
1.98617 3.12698 8.20980 180 200 230
3.62120 -0.29540 6.86122 180 200 230
-2.03035 -2.55673 0.18513 180 200 230
1.61802 3.10504 4.48407 180 200 230
0.33875 -3.68530 8.12156 180 200 230
-2.78529 -2.07430 4.06221 180 200 230
-0.64130 -3.68147 8.68101 180 200 230
-3.08718 -1.81233 6.01513 180 200 230
3.06855 1.22536 1.05168 180 200 230
1.01946 3.36944 4.74332 180 200 230
0.42382 -3.58197 6.39273 180 200 230
0.08984 -3.28576 0.63007 180 200 230
0.08360 -3.43253 3.25000 180 200 230
3.59858 0.34507 6.58013 180 200 230
1.12972 -3.12861 1.50347 180 200 230
-3.18560 1.28150 3.28397 180 200 230
-1.24870 -3.37895 6.34296 180 200 230
-0.50329 3.60449 7.08769 180 200 230
0.42993 -3.48629 4.82678 180 200 230
3.70649 -0.41435 8.63664 180 200 230
-0.08244 3.70730 8.37021 180 200 230
0.74519 -3.41456 4.42164 180 200 230
-2.63491 -2.04253 1.53341 180 200 230
-0.52664 3.60362 7.06492 180 200 230
-0.92998 3.24996 2.31083 180 200 230
-0.42352 -3.65456 7.66636 180 200 230
-0.75986 3.46625 5.43823 180 200 230
3.30520 1.02349 3.70226 180 200 230
2.48382 -2.51649 5.16472 180 200 230
-2.99629 -1.87387 4.95387 180 200 230
0.19753 -3.70653 8.36493 180 200 230
-2.67407 -2.02683 2.04248 180 200 230
-3.70061 -0.38403 8.39358 180 200 230
0.40935 -3.24323 0.30286 180 200 230
3.57252 0.73179 7.03230 180 200 230
-1.40800 3.43662 8.32172 180 200 230
-2.41347 -2.48953 3.70148 180 200 230
3.08653 -1.13373 0.70401 180 200 230
-2.87515 2.26949 7.33847 180 200 230
3.62914 -0.56800 7.66705 180 200 230
0.11377 -3.42685 3.17292 180 200 230
-3.50572 0.33369 4.82702 180 200 230
-3.30714 1.57763 7.37987 180 200 230
2.30568 2.43813 1.83242 180 200 230
-2.66490 -2.35521 5.80882 180 200 230
3.28755 1.12220 4.03469 180 200 230
-3.01355 1.43954 1.66691 180 200 230
0.28304 3.65767 7.56903 180 200 230
3.29079 -0.92729 3.06661 180 200 230
-2.43221 2.82023 8.44664 180 200 230
-3.53607 0.23912 5.27628 180 200 230
-2.49218 2.47679 4.79077 180 200 230
2.25392 2.62928 3.96863 180 200 230
-2.08289 2.77118 3.76201 180 200 230
0.66334 -3.60024 7.45337 180 200 230
-2.60259 -2.48105 6.23439 180 200 230
-3.37468 1.39995 7.07085 180 200 230
1.48709 -3.13104 3.94823 180 200 230
3.38532 0.08827 2.48138 180 200 230
1.52656 -2.92298 0.83589 180 200 230
3.38481 1.32873 7.09753 180 200 230
2.37134 -2.51659 3.89578 180 200 230
3.32232 -1.13581 4.74339 180 200 230
1.47005 -3.16679 4.38482 180 200 230
3.44877 0.42674 4.03923 180 200 230
-3.54596 -0.58925 6.29064 180 200 230
1.69373 -3.13685 5.62908 180 200 230
-3.57811 -1.03994 8.76544 180 200 230
-2.11753 2.56172 1.33117 180 200 230
-3.48723 0.64945 5.31699 180 200 230
2.87219 1.59535 0.60967 180 200 230
-3.65747 0.08473 7.36680 180 200 230
3.50876 0.62026 5.69634 180 200 230
-2.14326 -2.73159 4.01430 180 200 230
-2.82879 2.32667 7.31748 180 200 230
1.25495 3.24950 4.25543 180 200 230
3.35519 0.36792 2.16734 180 200 230
3.09000 -1.64556 4.41285 180 200 230
-3.07607 -1.13634 0.68302 180 200 230
-2.23254 -2.95229 8.13655 180 200 230
0.66349 -3.55602 6.70117 180 200 230
-2.54027 -2.59155 6.95611 180 200 230
-3.15774 1.91862 7.93716 180 200 230
-2.54127 -2.62530 7.22576 180 200 230
-0.05496 3.47564 4.04568 180 200 230
-3.06511 -1.24377 1.13908 180 200 230
0.94925 3.31292 3.51321 180 200 230
3.22396 -1.84099 8.44439 180 200 230
-3.71982 -0.22389 8.57098 180 200 230
0.36862 3.61803 7.02129 180 200 230
-2.14997 -2.58668 1.94865 180 200 230
2.82595 1.80137 1.85535 180 200 230
-3.38165 1.48818 7.98235 180 200 230
2.21507 -2.48202 1.35963 180 200 230
0.39753 -3.52793 5.41138 180 200 230
-0.99443 -3.30168 3.55791 180 200 230
-3.35225 0.62632 2.85732 180 200 230
-3.39360 1.17670 6.23356 180 200 230
3.72367 0.26505 8.65941 180 200 230
-2.95164 -2.14557 7.10530 180 200 230
-3.10176 -1.63005 4.53606 180 200 230
3.47554 0.11532 4.12611 180 200 230
2.41592 2.81231 8.21982 180 200 230
3.53502 0.27679 5.35794 180 200 230
-0.07004 3.50595 4.63036 180 200 230
3.59197 0.08698 6.28139 180 200 230
-2.93648 1.67814 2.25472 180 200 230
-3.25764 0.48677 0.61398 180 200 230
-3.39455 1.41653 7.77196 180 200 230
1.11494 3.38715 5.61596 180 200 230
-3.30830 -0.49333 1.57639 180 200 230
1.33329 -3.12977 2.82103 180 200 230
-0.95633 3.61000 8.91599 180 200 230
-1.37269 3.30952 5.85551 180 200 230
-3.44742 -0.95070 5.87081 180 200 230
0.33484 3.26893 0.69544 180 200 230
-1.95764 3.18172 8.73901 180 200 230
-3.53389 1.08869 8.09339 180 200 230
-2.68008 2.32411 5.08719 180 200 230
1.41750 -3.10129 2.92569 180 200 230
2.10221 -2.93227 6.41404 180 200 230
-3.01407 2.10763 7.58517 180 200 230
-3.46031 1.17777 7.17850 180 200 230
3.60823 -1.00188 8.80662 180 200 230
-3.57372 -0.06934 5.87747 180 200 230
3.41456 -0.14959 3.03474 180 200 230
0.28101 -3.48572 4.64251 180 200 230
-0.32711 3.64827 7.43904 180 200 230
0.44405 3.36082 2.51760 180 200 230
1.82568 2.83977 2.20125 180 200 230
1.25358 -3.40484 6.64712 180 200 230
-1.21866 3.26460 4.15944 180 200 230
-1.64928 -3.27713 7.44090 180 200 230
-3.22117 -0.82999 1.37644 180 200 230
1.57741 -3.04847 3.16754 180 200 230
0.01742 -3.39130 2.54322 180 200 230
3.32605 1.40837 6.41218 180 200 230
-1.91993 3.09245 6.94693 180 200 230
-3.46108 -0.43942 4.26419 180 200 230
1.15415 -3.29390 4.46340 180 200 230
-0.74532 -3.24120 1.26569 180 200 230
-3.43752 -1.10270 6.44697 180 200 230
1.34478 -3.50050 8.93524 180 200 230
-3.34590 1.44969 7.10794 180 200 230
3.16641 1.15482 2.12378 180 200 230
2.45690 -2.59875 5.75593 180 200 230
-3.35536 -0.56593 2.79231 180 200 230
1.17268 -3.05093 0.29162 180 200 230
-2.60234 2.09612 1.71790 180 200 230
-2.80876 -1.74686 0.98590 180 200 230
-1.63648 2.92893 1.86911 180 200 230
-3.07675 1.96411 7.26084 180 200 230
2.04587 2.72122 2.77249 180 200 230
-0.19152 -3.62696 6.92747 180 200 230
-0.70437 3.65695 8.56917 180 200 230
-1.13288 3.36179 5.32369 180 200 230
-2.13286 2.77880 4.52931 180 200 230
-3.29753 1.49823 6.86791 180 200 230
-2.93258 -1.52134 0.93348 180 200 230
-1.42244 -3.16661 4.01282 180 200 230
-1.57826 -3.13097 4.65007 180 200 230
-3.25136 1.69074 7.56590 180 200 230
-3.63837 0.41579 7.42097 180 200 230
2.33740 2.83704 7.71331 180 200 230
-3.57968 -0.48668 6.41219 180 200 230
2.51767 -2.45343 4.93471 180 200 230
-3.55144 0.90116 7.53863 180 200 230
3.40925 -1.39929 7.92733 180 200 230
1.95327 2.90482 4.48500 180 200 230
-0.30802 -3.73648 8.87913 180 200 230
-0.96370 -3.56570 7.94001 180 200 230
-1.46335 -3.18894 4.75473 180 200 230
-1.71009 -2.80473 0.66786 180 200 230
3.33167 0.47007 2.13704 180 200 230
-0.18043 -3.64223 7.09472 180 200 230
-3.30706 0.00656 1.06772 180 200 230
-3.44659 -0.52783 4.38921 180 200 230
3.38323 1.11982 5.59471 180 200 230
1.39664 3.42531 7.96991 180 200 230
3.11706 -1.95059 7.70335 180 200 230
-1.45627 3.33483 6.98997 180 200 230
-2.71506 2.13678 3.82678 180 200 230
1.23590 3.07647 1.36342 180 200 230
-2.41675 -2.64563 6.16605 180 200 230
-0.19539 -3.34026 1.73149 180 200 230
3.11364 -1.67973 5.20865 180 200 230
-3.46264 -1.42316 8.83735 180 200 230
-0.56650 3.48722 5.11060 180 200 230
3.23514 1.54633 5.95367 180 200 230
-0.36384 3.58231 6.23476 180 200 230
-2.69980 -2.48357 7.55999 180 200 230
3.42548 -0.56234 4.07438 180 200 230
3.07387 1.66976 4.63868 180 200 230
-2.55960 2.16212 1.68101 180 200 230
-1.76944 -3.09022 5.68201 180 200 230
-3.03184 -1.53452 2.80000 180 200 230
-2.03476 -2.86417 4.72889 180 200 230
-3.53539 0.83215 7.01015 180 200 230
-0.34831 3.24143 0.17001 180 200 230
-3.51821 0.38277 5.23180 180 200 230
-2.46164 2.26732 1.65734 180 200 230
-0.86040 -3.29066 2.64771 180 200 230
1.54796 2.88511 0.33518 180 200 230
-3.34005 0.08086 1.62000 180 200 230
3.61645 -0.95129 8.88783 180 200 230
-3.66967 -0.74299 8.98788 180 200 230
0.29015 3.60259 6.60435 180 200 230
3.28780 -1.40195 5.65625 180 200 230
0.13371 3.64075 7.10019 180 200 230
0.02745 -3.70211 8.12534 180 200 230
2.72352 2.23962 4.83316 180 200 230
1.95675 -2.62020 0.34092 180 200 230
1.52446 3.27023 6.51332 180 200 230
-2.94840 2.31146 8.87033 180 200 230
3.30532 -0.72531 2.44995 180 200 230
-3.06652 -1.67068 4.33160 180 200 230
-0.30226 3.42829 3.40248 180 200 230
3.45136 0.01360 3.66958 180 200 230
3.61529 0.15431 6.61767 180 200 230
-0.53175 3.41457 3.55889 180 200 230
-3.66646 -0.62459 8.50345 180 200 230
-3.64063 0.34665 7.20902 180 200 230
2.87681 -1.53753 0.26752 180 200 230
0.32487 -3.65895 7.45770 180 200 230
3.23890 -1.65708 7.06448 180 200 230
-3.50555 -0.25990 4.80851 180 200 230
-3.31935 1.15593 4.63151 180 200 230
-3.36744 -1.48464 7.60356 180 200 230
-2.41294 2.50107 3.98142 180 200 230
0.81152 3.22894 1.52596 180 200 230
1.76882 -2.92092 2.95791 180 200 230
-1.43305 -3.07199 2.51631 180 200 230
-1.64478 3.19534 6.26574 180 200 230
-3.15948 1.10883 1.70855 180 200 230
0.54955 3.53404 5.94726 180 200 230
-3.21730 -1.34068 4.35461 180 200 230
-2.30773 2.84891 7.63989 180 200 230
2.49088 -2.47294 4.52522 180 200 230
-3.65572 -0.65847 8.40790 180 200 230
-3.14608 1.94890 8.15883 180 200 230
-0.00799 -3.34313 1.76940 180 200 230
2.98490 -2.02576 6.30983 180 200 230
1.37977 -3.06000 2.04487 180 200 230
-3.65874 0.11689 7.49940 180 200 230
-2.21627 2.80431 5.86747 180 200 230
-1.78564 -2.89873 2.78442 180 200 230
1.38062 -3.09040 2.36653 180 200 230
3.43904 -0.46435 4.02531 180 200 230
-3.53217 0.97223 7.30436 180 200 230
-1.79381 -3.17914 7.26566 180 200 230
-0.87291 3.14396 0.32288 180 200 230
2.90226 1.77759 2.86026 180 200 230
-0.06659 3.46572 3.96431 180 200 230
3.53082 0.32235 5.42450 180 200 230
-3.32744 -0.19733 1.43153 180 200 230
-2.39068 2.44672 3.16438 180 200 230
-1.60965 -3.32659 8.03211 180 200 230
-2.61487 -2.31451 4.44991 180 200 230
1.78768 3.15098 6.81578 180 200 230
-1.61516 -3.11275 4.52341 180 200 230
1.34119 3.23219 4.34492 180 200 230
3.57304 0.13371 5.74538 180 200 230
3.32034 -0.62922 2.46244 180 200 230
3.32678 0.56953 2.37340 180 200 230
-2.04670 3.14807 8.90996 180 200 230
-2.39437 -2.80385 7.89048 180 200 230
-2.48337 2.63208 6.76035 180 200 230
-2.44356 2.25997 1.31418 180 200 230
-0.55702 -3.21873 0.29220 180 200 230
-2.68008 -2.00316 1.67598 180 200 230
-3.68495 -0.42740 8.47552 180 200 230
2.76657 -2.39868 7.43887 180 200 230
2.74261 2.21466 4.86706 180 200 230
-3.66507 0.70470 8.73742 180 200 230
0.22886 3.32629 1.40353 180 200 230
3.43769 0.80952 5.18966 180 200 230
3.31765 -0.43960 1.74971 180 200 230
-0.34259 -3.40202 2.89775 180 200 230
0.78363 3.63265 8.49557 180 200 230
-3.01758 2.12266 7.88424 180 200 230
0.49634 3.26982 0.97832 180 200 230
-1.34604 -3.10277 2.37060 180 200 230
-2.09735 2.86976 5.50336 180 200 230
2.87160 -1.58191 0.59190 180 200 230
0.93155 3.40983 5.10848 180 200 230
-2.08367 2.87452 5.41453 180 200 230
3.08899 -1.41078 2.75566 180 200 230
2.55310 -2.25998 2.77491 180 200 230
-0.90201 3.24346 2.17995 180 200 230
-3.69183 0.39424 8.45789 180 200 230
2.56929 -2.30256 3.65505 180 200 230
-1.69625 -3.11481 5.42165 180 200 230
-2.21640 -2.58781 2.85344 180 200 230
-1.91956 -3.04834 6.45472 180 200 230
2.90719 -1.57498 0.97495 180 200 230
-3.27608 -0.35489 0.68992 180 200 230
1.50843 3.30090 6.81664 180 200 230
-3.56006 0.61617 6.66398 180 200 230
-0.44772 -3.35539 2.51469 180 200 230
-3.43277 0.16979 3.34550 180 200 230
-1.44011 3.43014 8.64057 180 200 230
-1.65582 -2.85399 1.00295 180 200 230
-3.17701 1.02720 1.74943 180 200 230
3.38005 -0.80429 4.02927 180 200 230
-2.04085 2.73098 2.67252 180 200 230
-0.72549 -3.50180 5.98466 180 200 230
-3.39301 -1.22329 6.34877 180 200 230
3.10951 1.64802 4.89711 180 200 230
-3.49332 0.67190 5.65134 180 200 230
3.42504 0.63473 4.05953 180 200 230
0.90330 -3.53362 6.95572 180 200 230
-0.31780 -3.25919 0.40650 180 200 230
3.24553 1.06609 2.95776 180 200 230
-3.60003 0.00691 6.29500 180 200 230
3.32273 -0.81896 3.11228 180 200 230
-0.71120 3.21601 0.75620 180 200 230
2.83182 -1.94268 3.25332 180 200 230
2.10830 2.94412 6.53095 180 200 230
3.30957 0.13737 1.17075 180 200 230
-3.55349 -0.68994 6.64582 180 200 230
0.24605 3.63495 7.08674 180 200 230
2.59836 -2.46397 5.86338 180 200 230
-1.55988 -3.01085 2.32048 180 200 230
-1.41484 -3.37905 7.34388 180 200 230
-1.56113 -2.98375 2.04256 180 200 230
-1.60173 -3.34678 8.20395 180 200 230
-0.06556 -3.61624 6.48877 180 200 230
-1.58767 -2.88314 0.52731 180 200 230
1.84202 -3.14731 7.29288 180 200 230
-3.28331 -1.25535 4.71807 180 200 230
-2.05312 2.80033 4.23471 180 200 230
-3.39870 0.71839 3.94259 180 200 230
-3.31608 1.30727 5.61044 180 200 230
-1.79193 3.14130 6.64554 180 200 230
-3.17976 1.86790 8.12121 180 200 230
-2.54548 2.24452 2.58821 180 200 230
2.73792 2.29825 5.82373 180 200 230
1.74541 -3.14896 6.31176 180 200 230
0.14588 -3.58897 6.21084 180 200 230
-1.82997 2.98460 4.59789 180 200 230
3.25066 -1.16726 3.67452 180 200 230
3.45106 -1.13662 6.97379 180 200 230
2.12010 -2.67307 2.83868 180 200 230
3.30271 0.61655 1.98293 180 200 230
-2.43130 2.54969 5.07107 180 200 230
-3.27078 0.89840 2.53863 180 200 230
-0.63861 -3.20695 0.32111 180 200 230
-2.17580 -2.46210 0.49732 180 200 230
-1.57004 -3.25014 6.38728 180 200 230
0.40295 -3.71115 8.77430 180 200 230
3.31161 -1.11212 4.25203 180 200 230
-3.14890 -1.05624 1.40879 180 200 230
3.01819 -2.07782 7.45419 180 200 230
1.34343 -3.11420 2.48109 180 200 230
-1.97064 3.19663 8.96285 180 200 230
1.38252 -3.26947 5.22539 180 200 230
2.50165 2.27188 2.21254 180 200 230
1.90175 2.94569 4.62467 180 200 230
3.42480 -0.16413 3.16484 180 200 230
-3.28678 1.57985 7.12136 180 200 230
-3.20234 0.80898 1.01696 180 200 230
3.50917 -1.11512 7.78797 180 200 230
-2.35816 2.78436 7.01599 180 200 230
0.30167 3.67560 7.82505 180 200 230
3.27610 1.74309 8.11154 180 200 230
-3.33211 -0.47679 2.18653 180 200 230
1.09349 3.34319 4.84891 180 200 230
3.38037 1.45793 7.72723 180 200 230
1.33201 -3.18350 3.54984 180 200 230
-1.55560 2.88967 0.58262 180 200 230
-2.99220 -1.63008 2.76121 180 200 230
2.67669 2.06672 2.29935 180 200 230
-3.67967 -0.12912 7.89994 180 200 230
-2.36261 -2.57494 4.33491 180 200 230
-3.42727 1.11684 6.28696 180 200 230
-1.95052 3.18378 8.68097 180 200 230
-1.26986 3.15192 2.83182 180 200 230
2.81013 2.30647 6.96343 180 200 230
2.43928 2.16941 0.22010 180 200 230
-3.30006 0.08926 1.00081 180 200 230
2.14826 2.55825 1.54810 180 200 230
0.56748 3.37028 2.95330 180 200 230
1.76514 2.97689 3.78349 180 200 230
1.13258 -3.30907 4.45384 180 200 230
-3.21317 1.05034 2.33132 180 200 230
-3.10771 -1.06596 0.63830 180 200 230
-3.11321 -1.78764 6.23490 180 200 230
-2.59365 1.97593 0.22900 180 200 230
-1.09674 3.49220 7.38010 180 200 230
-2.75343 2.50716 8.40186 180 200 230
-3.52956 -0.78483 6.52141 180 200 230
-2.24702 2.76616 5.51576 180 200 230
2.33969 2.70881 6.05509 180 200 230
3.06825 -1.84889 6.01265 180 200 230
-0.41131 -3.70559 8.42329 180 200 230
3.41093 1.50846 8.69971 180 200 230
2.87716 -1.93688 3.99934 180 200 230
1.70854 3.12946 5.70302 180 200 230
2.99702 2.11282 7.32218 180 200 230
1.50652 2.87658 0.01025 180 200 230
3.21768 -1.43986 4.90242 180 200 230
0.64334 3.52813 6.01820 180 200 230
0.83060 -3.50903 6.58172 180 200 230
-2.14347 -2.69411 3.47143 180 200 230
-3.38043 -0.38876 2.79869 180 200 230
-2.22477 2.50461 1.73933 180 200 230
2.95872 1.95509 5.17693 180 200 230
-0.90795 -3.59763 8.31881 180 200 230
-2.92000 2.27141 8.12058 180 200 230
-3.36789 -0.75251 3.38994 180 200 230
3.20513 1.08078 2.44819 180 200 230
0.59115 -3.59512 7.20229 180 200 230
-1.28666 -3.39032 6.64850 180 200 230
-3.45199 -0.64279 4.70844 180 200 230
-3.45361 0.08014 3.65626 180 200 230
-1.73005 2.84196 1.18721 180 200 230
-1.99735 3.04467 7.17076 180 200 230
3.24114 1.48718 5.70640 180 200 230
-1.33243 -3.17234 3.54576 180 200 230
3.56630 1.03545 8.31424 180 200 230
3.58476 0.03196 6.07816 180 200 230
3.64089 0.71783 8.40329 180 200 230
1.00915 3.35114 4.43018 180 200 230
-3.15264 -1.48826 4.25178 180 200 230
-1.55697 -3.37227 8.47108 180 200 230
-3.27275 1.77949 8.66173 180 200 230
-3.13439 2.02696 8.66958 180 200 230
-3.23884 -1.69632 7.46166 180 200 230
-2.86482 -1.99540 4.32206 180 200 230
1.89307 -2.78565 2.00359 180 200 230
1.45256 -3.13331 3.60514 180 200 230
1.65718 -3.32823 8.47987 180 200 230
1.91963 -2.85647 3.42343 180 200 230
2.64238 -2.48666 6.92487 180 200 230
-3.49246 -1.26522 8.35007 180 200 230
-3.08655 -2.10236 8.75092 180 200 230
-0.53054 -3.68229 8.55931 180 200 230
1.11470 3.35927 5.15268 180 200 230
-2.23558 2.68647 4.58812 180 200 230
3.18931 -1.95020 8.89643 180 200 230
-3.32580 -0.47893 2.07806 180 200 230
3.17131 1.06995 1.79035 180 200 230
-3.10005 2.09089 8.68966 180 200 230
1.91697 3.05402 6.33649 180 200 230
-2.18450 2.76970 4.98555 180 200 230
-3.18892 -0.92595 1.26615 180 200 230
-3.51363 -0.11343 4.77926 180 200 230
-3.72404 0.22328 8.52944 180 200 230
3.52725 0.40824 5.57803 180 200 230
-3.26081 1.17154 3.79825 180 200 230
3.47345 0.63919 5.11775 180 200 230
-3.05755 2.08182 8.03661 180 200 230
-2.23786 -2.96113 8.26377 180 200 230
2.43433 2.46215 3.75692 180 200 230
3.09317 -1.78309 5.62281 180 200 230
-2.31278 -2.47877 2.64665 180 200 230
0.70550 3.41739 4.21958 180 200 230
-2.64779 2.07826 2.09372 180 200 230
2.88927 2.01458 4.94254 180 200 230
3.52374 0.49164 5.35845 180 200 230
2.96226 -1.73030 3.18738 180 200 230
-1.53611 -3.02343 2.58065 180 200 230
0.61765 -3.27742 1.44565 180 200 230
-2.39184 -2.30834 1.33723 180 200 230
3.00865 -1.99625 6.53124 180 200 230
2.67010 -2.04656 2.11030 180 200 230
3.09560 1.18439 1.13242 180 200 230
1.39074 3.47871 8.99069 180 200 230
-2.68719 2.06312 2.46712 180 200 230
-2.00693 3.11508 8.12084 180 200 230
-3.51761 -0.57011 5.63317 180 200 230
-0.37580 3.60492 6.56203 180 200 230
1.03981 -3.38304 5.20504 180 200 230
3.34896 0.15780 1.72661 180 200 230
0.94975 -3.55824 7.70250 180 200 230
-2.88175 2.28295 7.53874 180 200 230
3.44119 0.11107 3.29584 180 200 230
2.07875 -2.97504 6.98680 180 200 230
-3.33584 1.15960 5.04564 180 200 230
-0.58615 -3.66012 8.23167 180 200 230
2.64159 -2.52952 7.32286 180 200 230
3.19431 0.69954 0.39611 180 200 230
-0.28174 3.67975 7.97833 180 200 230
2.73663 2.53424 8.73574 180 200 230
2.96168 2.09572 6.79817 180 200 230
3.12691 -1.11155 1.15066 180 200 230
1.25091 -3.43592 7.36222 180 200 230
-2.36291 2.68954 5.97103 180 200 230
-1.31446 -3.16176 3.19686 180 200 230
3.22781 -1.78918 8.01900 180 200 230
0.64560 3.48092 5.24646 180 200 230
3.66789 0.32698 7.75298 180 200 230
1.61594 -3.21587 6.16927 180 200 230
-0.57968 -3.34602 2.73290 180 200 230
1.99791 3.15948 8.78984 180 200 230
-3.54252 0.23079 5.29442 180 200 230
1.87340 2.96987 4.81107 180 200 230
-2.77085 -2.08351 3.78793 180 200 230
-1.99248 -2.65616 1.30701 180 200 230
-0.60142 3.55361 6.31041 180 200 230
0.66874 -3.40816 4.03626 180 200 230
-3.67055 0.61459 8.44836 180 200 230
-1.01321 -3.60192 8.70573 180 200 230
-2.32313 -2.80141 7.01915 180 200 230
-3.22240 1.03006 2.30465 180 200 230
-0.95903 3.48692 6.57043 180 200 230
0.92235 3.12373 0.19782 180 200 230
-0.09345 -3.66617 7.52570 180 200 230
-2.20084 -2.72749 4.60325 180 200 230
-0.71738 3.64336 8.46690 180 200 230
3.37626 -0.70806 3.55332 180 200 230
1.25540 -3.15117 2.49727 180 200 230
2.62268 2.68276 8.95824 180 200 230
1.84391 3.01168 4.93491 180 200 230
-3.54993 -1.00836 7.84051 180 200 230
2.96471 2.22246 8.24887 180 200 230
3.42827 -0.78129 4.82620 180 200 230
-2.25845 -2.66198 4.26146 180 200 230
3.23578 1.42868 5.13339 180 200 230
-3.44871 1.27881 7.70866 180 200 230
0.65341 3.67141 8.70273 180 200 230
-3.41342 0.20505 3.10021 180 200 230
0.06782 3.62825 6.76742 180 200 230
1.66679 -2.95245 2.70401 180 200 230
-0.64149 -3.49374 5.64947 180 200 230
3.04839 -2.02779 7.33962 180 200 230
1.18649 3.49825 8.03980 180 200 230
-2.62025 2.29861 4.19831 180 200 230
1.17857 -3.24374 3.47983 180 200 230
-2.37170 2.40633 2.40729 180 200 230
-2.40185 2.28151 1.27960 180 200 230
3.42628 -0.30134 3.43606 180 200 230
0.48185 -3.65473 7.91610 180 200 230
2.22432 -2.66080 3.92740 180 200 230
-2.85161 1.88671 2.99831 180 200 230
-3.11193 -1.86472 6.77185 180 200 230
-3.20325 1.02849 2.05346 180 200 230
-3.22646 1.04176 2.43311 180 200 230
2.58776 2.67705 8.45928 180 200 230
1.80143 -2.75625 0.78557 180 200 230
-2.68063 2.20226 3.88926 180 200 230
-3.08174 -1.74050 5.34623 180 200 230
2.10436 -2.64120 2.19044 180 200 230
0.49944 -3.36115 2.66304 180 200 230
1.07404 3.18513 2.11240 180 200 230
-2.52130 -2.32367 3.25520 180 200 230
-3.70618 0.09943 8.14171 180 200 230
-0.22124 3.46374 4.04356 180 200 230
3.35604 0.88099 3.91838 180 200 230
-2.36929 -2.51641 3.63375 180 200 230
0.69621 -3.66785 8.69789 180 200 230
3.08890 -1.18456 1.12630 180 200 230
-2.26096 2.91543 7.91505 180 200 230
-2.75256 2.02061 3.08976 180 200 230
1.93736 3.18414 8.63384 180 200 230
3.39408 -0.32910 2.97972 180 200 230
1.92929 -2.66999 0.79782 180 200 230
3.38867 -0.92466 4.84052 180 200 230
-3.36944 0.09853 2.16833 180 200 230
0.90971 3.52300 6.89189 180 200 230
-3.21932 -1.59433 6.05689 180 200 230
-2.49483 2.58771 6.31320 180 200 230
-1.93210 2.73577 1.84641 180 200 230
3.14226 1.78876 6.50620 180 200 230
3.06244 1.51579 2.94327 180 200 230
-2.71151 2.58507 8.98903 180 200 230
3.23794 -1.61921 6.70807 180 200 230
-0.59953 -3.50320 5.46697 180 200 230
0.24385 -3.67022 7.87491 180 200 230
0.35040 3.53850 5.45710 180 200 230
-0.34361 -3.52382 5.13199 180 200 230
-2.80571 1.87296 2.25672 180 200 230
3.34253 1.30862 6.24010 180 200 230
-2.72583 2.11949 3.52458 180 200 230
2.22248 2.40438 0.41603 180 200 230
2.22359 -2.91553 7.43662 180 200 230
1.75791 -2.75874 0.50099 180 200 230
-0.83674 3.48829 6.18915 180 200 230
-2.54409 -2.15694 1.49965 180 200 230
-2.28112 2.62843 4.05196 180 200 230
2.08212 3.03193 7.80612 180 200 230
-1.94959 -2.66247 0.90812 180 200 230
0.22740 -3.57617 6.14407 180 200 230
0.55096 -3.51826 5.66373 180 200 230
2.18138 2.97170 7.87799 180 200 230
-3.33372 -0.26402 1.65077 180 200 230
3.60384 0.54527 7.29731 180 200 230
2.94517 1.87346 4.21078 180 200 230
3.03168 1.69285 4.01670 180 200 230
3.22567 1.21172 3.40694 180 200 230
-1.73562 2.98726 3.62461 180 200 230
-2.20590 2.74706 4.83920 180 200 230
-1.06716 -3.14075 1.02558 180 200 230
-1.66816 3.03980 3.98441 180 200 230
2.27803 2.76765 6.01040 180 200 230
3.30973 -1.14770 4.64456 180 200 230
2.36709 -2.35296 1.58581 180 200 230
2.44676 2.42307 3.41870 180 200 230
-2.26860 2.64679 4.14606 180 200 230
1.76735 3.12511 6.15886 180 200 230
3.57604 -0.93948 8.16156 180 200 230
-2.18332 2.77930 5.11111 180 200 230
2.93039 2.07654 6.22466 180 200 230
-0.47676 -3.25367 0.74358 180 200 230
-0.88906 -3.62460 8.61625 180 200 230
0.19244 3.41252 2.97910 180 200 230
-1.49305 3.09870 3.33840 180 200 230
-2.89761 1.71318 2.12149 180 200 230
-0.36628 3.27992 0.81469 180 200 230
-0.88318 3.54234 7.21273 180 200 230
1.07514 -3.19980 2.28631 180 200 230
0.03946 -3.39309 2.67888 180 200 230
-1.17667 -3.12162 1.73684 180 200 230
-1.44330 -3.43994 8.78914 180 200 230
-3.61304 -0.49990 7.13487 180 200 230
-2.19957 2.99088 8.40882 180 200 230
-0.67657 -3.61391 7.82876 180 200 230
2.75720 2.47323 8.20837 180 200 230
2.21269 2.71162 4.47194 180 200 230
2.34474 2.38232 1.63011 180 200 230
-0.37078 -3.40119 3.08679 180 200 230
-2.85590 -1.85144 2.76901 180 200 230
-3.43719 1.11298 6.58071 180 200 230
-3.23059 0.48609 0.24812 180 200 230
1.55683 -2.93770 1.36094 180 200 230
2.59711 2.49095 6.28151 180 200 230
-2.46673 2.22355 1.18416 180 200 230
0.20936 -3.27316 0.46598 180 200 230
-1.80992 -2.76818 1.04919 180 200 230
-3.30627 1.42713 6.34972 180 200 230
0.53333 3.27942 1.33524 180 200 230
3.13166 -1.09554 1.40181 180 200 230
-2.82757 1.84672 2.19080 180 200 230
2.61102 -2.51962 6.87436 180 200 230
0.58463 -3.30917 1.91044 180 200 230
2.10799 -2.49881 0.34186 180 200 230
3.69179 0.39401 8.20418 180 200 230
-3.65726 0.52305 7.95281 180 200 230
-0.19861 3.34670 1.76445 180 200 230
-0.50925 3.34841 2.51777 180 200 230
-0.41573 3.31763 1.80023 180 200 230
-2.77735 2.31787 6.60144 180 200 230
-2.85536 1.79438 2.37549 180 200 230
-2.47389 -2.77220 8.42183 180 200 230
-1.13983 3.48088 7.53665 180 200 230
-0.50611 3.51226 5.44941 180 200 230
-2.08617 2.50221 0.08640 180 200 230
-1.43628 -3.40764 8.01550 180 200 230
3.61992 0.00389 6.67314 180 200 230
-0.07047 -3.65060 7.19418 180 200 230
-1.74258 2.78560 0.69221 180 200 230
-3.21569 -1.67016 6.50515 180 200 230
0.26468 -3.64959 7.33801 180 200 230
-3.71813 -0.25352 8.63491 180 200 230
-2.13963 -2.83675 5.37858 180 200 230
3.08319 -1.69650 4.73232 180 200 230
3.40677 0.64691 3.98741 180 200 230
-2.10788 2.91938 6.44275 180 200 230
3.32214 -1.64425 8.33193 180 200 230
1.85613 -3.03193 5.54995 180 200 230
-2.50203 -2.25743 2.16293 180 200 230
0.42162 3.22386 0.17054 180 200 230
-1.72826 3.11891 5.72102 180 200 230
2.31240 -2.86945 7.85293 180 200 230
-1.04962 -3.11486 0.63591 180 200 230
-0.76868 3.37406 3.73403 180 200 230
2.51065 2.75032 8.49439 180 200 230
0.67606 -3.45314 4.67507 180 200 230
-2.99277 -1.55401 2.10066 180 200 230
3.34599 -0.78247 3.33275 180 200 230
-2.87809 1.91678 3.83068 180 200 230
-1.92868 2.68903 1.12616 180 200 230
-0.90705 3.46430 6.08823 180 200 230
-3.53233 0.40390 5.48249 180 200 230
-1.58116 3.21579 5.97291 180 200 230
3.19750 1.58368 5.64714 180 200 230
-1.24064 3.01502 0.16129 180 200 230
0.65033 3.28411 1.66690 180 200 230
1.33521 -3.06513 1.58305 180 200 230
0.29807 3.28369 0.94208 180 200 230
-3.50161 0.92557 6.74031 180 200 230
-1.54633 -2.93112 1.15305 180 200 230
2.12322 2.89271 6.15298 180 200 230
-3.27909 -0.65295 1.70426 180 200 230
1.90057 -2.71558 1.13559 180 200 230
-2.88098 -1.68143 1.55467 180 200 230
-3.49162 0.38800 4.73590 180 200 230
1.89482 -3.03277 5.95356 180 200 230
3.46433 -1.19214 7.40109 180 200 230
1.43245 -2.99582 1.23295 180 200 230
-2.98876 1.93889 5.69527 180 200 230
-2.77713 -2.34765 7.07310 180 200 230
-3.37241 -0.56986 2.95304 180 200 230
-1.08523 3.11791 0.76711 180 200 230
-3.06253 1.31797 1.49237 180 200 230
1.57508 -2.89658 0.88088 180 200 230
-1.15466 3.51755 8.04555 180 200 230
2.65154 -2.20601 3.54364 180 200 230
3.51439 -0.18944 4.86983 180 200 230
-1.27281 3.41586 7.02791 180 200 230
2.46691 2.39777 3.49643 180 200 230
3.45027 -0.95148 5.98532 180 200 230
1.56699 2.89609 0.73844 180 200 230
0.47058 -3.46817 4.48883 180 200 230
3.20545 0.80401 0.92795 180 200 230
0.30677 3.37309 2.35856 180 200 230
-0.21658 3.38963 2.77766 180 200 230
-1.05749 3.45791 6.58447 180 200 230
3.15075 -1.75013 6.20406 180 200 230
1.64037 3.23494 6.84111 180 200 230
1.51380 2.90923 0.59572 180 200 230
-1.33867 -3.48790 8.94948 180 200 230
3.13359 -0.96796 0.52507 180 200 230
-2.81776 2.35247 7.51990 180 200 230
0.52561 -3.59140 6.78165 180 200 230
3.48194 0.68773 5.47925 180 200 230
1.56083 -3.10838 4.10922 180 200 230
-0.60494 -3.58532 6.92805 180 200 230
2.88817 -2.19370 6.77823 180 200 230
-2.15532 -2.52209 1.31510 180 200 230
3.40702 -1.31595 7.23502 180 200 230
-2.53154 2.09809 0.75673 180 200 230
-0.38337 -3.47878 4.66593 180 200 230
-0.54810 -3.54179 5.94958 180 200 230
-0.42770 3.64151 7.48515 180 200 230
3.06742 -1.67181 4.32831 180 200 230
0.61479 -3.31595 2.25249 180 200 230
2.34174 -2.61113 4.57643 180 200 230
-2.20125 2.57435 2.37653 180 200 230
1.91598 -2.96713 4.91737 180 200 230
-1.38725 3.20705 4.32281 180 200 230
3.55717 -0.80919 7.13024 180 200 230
3.33184 0.50514 2.28288 180 200 230
-2.45769 -2.28443 1.90726 180 200 230
2.65670 2.26152 4.42874 180 200 230
-0.63887 -3.21004 0.48770 180 200 230
-2.21491 2.55446 2.18160 180 200 230
2.35809 -2.49094 3.33354 180 200 230
2.43265 -2.50392 4.55001 180 200 230
-2.29487 2.50333 2.55541 180 200 230
1.30119 -3.28753 5.20271 180 200 230
-1.55003 -3.35599 7.97062 180 200 230
-3.15624 1.56924 5.05217 180 200 230
-1.87915 2.83209 2.71716 180 200 230
0.81188 3.18740 0.59735 180 200 230
3.05807 1.28267 1.31031 180 200 230
-3.51744 -0.38518 5.20774 180 200 230
-3.48747 -0.89638 6.28862 180 200 230
-3.07265 1.12767 0.47963 180 200 230
3.18955 -1.02313 1.77151 180 200 230
3.40494 0.29361 3.01494 180 200 230
2.01583 -2.76340 3.02117 180 200 230
1.17398 -3.55069 8.64920 180 200 230
0.18530 -3.36619 1.94201 180 200 230
-3.24562 -0.51229 0.60273 180 200 230
1.25711 3.19593 3.32696 180 200 230
2.16466 -2.52229 1.28873 180 200 230
-0.11261 -3.31439 1.21433 180 200 230
1.71763 -2.99725 3.82459 180 200 230
0.30417 3.39717 2.89788 180 200 230
-3.11344 -1.10712 0.88209 180 200 230
-3.06927 1.79028 5.59042 180 200 230
-2.23965 -2.69592 4.67604 180 200 230
0.05388 -3.28791 0.74272 180 200 230
1.70044 3.27175 7.83693 180 200 230
1.56723 3.03045 2.69668 180 200 230
3.58884 1.00867 8.67504 180 200 230
2.04762 3.10379 8.42243 180 200 230
0.21448 3.46930 4.06609 180 200 230
3.02557 1.48265 2.17500 180 200 230
-2.26310 2.89156 7.59822 180 200 230
-1.55704 -3.06377 3.40286 180 200 230
0.89576 -3.22864 1.56351 180 200 230
-2.00380 2.91622 5.12190 180 200 230
3.02684 1.76003 4.56543 180 200 230
0.21689 -3.67886 7.72784 180 200 230
-2.80847 2.28840 6.68624 180 200 230
-0.03312 3.69189 7.95141 180 200 230
-3.56191 0.66346 6.73350 180 200 230
3.51393 -0.67342 5.92426 180 200 230
-2.43993 2.51339 4.66244 180 200 230
3.61525 -0.94149 8.89583 180 200 230
-0.07432 3.73201 8.65601 180 200 230
2.89832 2.26410 7.71825 180 200 230
2.00900 3.04499 7.08529 180 200 230
0.52744 -3.50347 5.35322 180 200 230
-3.28751 -0.79173 2.46595 180 200 230
-3.21647 -1.81920 7.94523 180 200 230
3.18759 -0.65577 0.10482 180 200 230
-3.37296 -0.10255 2.16414 180 200 230
2.56667 2.32141 3.79030 180 200 230
-0.69987 -3.49155 5.42875 180 200 230
0.92733 3.41941 5.20448 180 200 230
-2.91586 -1.63990 1.67983 180 200 230
2.01846 -2.62327 1.00685 180 200 230
-3.33138 0.48308 2.11667 180 200 230
-1.34588 3.14887 3.28788 180 200 230
-2.89901 -1.48968 0.13595 180 200 230
2.52348 2.58613 6.36467 180 200 230
-1.19224 3.15134 2.35434 180 200 230
-3.43519 -0.08944 3.31203 180 200 230
-0.08914 3.41676 3.16102 180 200 230
3.40831 0.85819 4.76662 180 200 230
-3.16965 -1.87831 7.81184 180 200 230
-2.71189 1.93801 1.43024 180 200 230
-2.65092 2.17597 3.21408 180 200 230
3.60955 -0.07229 6.36109 180 200 230
2.50335 2.11866 0.42682 180 200 230
2.07787 3.02369 7.55644 180 200 230
2.66376 -2.62185 8.67826 180 200 230
2.43315 2.59959 5.61959 180 200 230
3.23901 -1.84419 8.63381 180 200 230
-1.62904 -3.05169 3.87551 180 200 230
-3.41860 -0.61133 3.89271 180 200 230
-0.58668 3.25273 1.02097 180 200 230
-2.06774 2.51637 0.34323 180 200 230
1.55335 -3.00394 2.32351 180 200 230
3.27011 1.23578 4.46398 180 200 230
0.40829 -3.48744 4.72952 180 200 230
1.58008 -2.96976 2.07217 180 200 230
-0.97325 -3.42755 5.66528 180 200 230
3.16467 1.12824 1.72995 180 200 230
-0.15821 -3.42580 3.08016 180 200 230
-0.56340 -3.30960 1.86689 180 200 230
3.59467 0.29641 6.40191 180 200 230
2.74631 -2.20635 4.80880 180 200 230
2.44545 2.67721 6.74553 180 200 230
3.18553 -0.80124 0.55203 180 200 230
3.13642 1.49448 3.98673 180 200 230
0.28020 3.72466 8.72184 180 200 230
-1.20407 -3.05470 0.51715 180 200 230
2.25519 2.63181 3.92360 180 200 230
1.30007 3.00260 0.39023 180 200 230
3.31496 0.23307 1.40482 180 200 230
1.61136 -3.09108 4.32344 180 200 230
3.22878 0.77768 1.50795 180 200 230
-2.36817 -2.60499 4.82853 180 200 230
-3.23129 -1.83792 8.34759 180 200 230
-3.35322 -0.23721 1.91089 180 200 230
-2.33697 2.33235 1.03013 180 200 230
-1.12442 3.49325 7.51589 180 200 230
3.36217 -0.93234 4.30283 180 200 230
0.81492 -3.60760 8.00642 180 200 230
3.01385 -1.59012 2.89557 180 200 230
-0.36060 -3.55202 5.79528 180 200 230
1.76526 -3.25890 8.35316 180 200 230
3.25340 -0.74494 1.64131 180 200 230
-3.50187 1.04981 7.30483 180 200 230
2.98036 -1.97395 5.83027 180 200 230
3.52027 0.97670 7.41049 180 200 230
2.60026 2.09320 1.63180 180 200 230
-3.47033 0.21014 4.06595 180 200 230
-3.18758 0.94842 1.23529 180 200 230
-3.44975 1.41086 8.66409 180 200 230
-3.19672 -0.76092 0.60437 180 200 230
-3.18733 -0.78372 0.63143 180 200 230
2.54234 -2.68814 8.13914 180 200 230
-1.92929 2.80413 2.84610 180 200 230
-1.43595 3.24855 5.52584 180 200 230
-1.01175 -3.24483 2.72306 180 200 230
-2.13640 -2.88209 5.98182 180 200 230
1.61022 -2.93566 1.83685 180 200 230
-1.26777 3.24494 4.29044 180 200 230
3.52378 0.14165 4.96040 180 200 230
3.21561 -1.17911 3.14901 180 200 230
3.25273 0.92786 2.39073 180 200 230
-1.41586 -3.00949 1.34343 180 200 230
-1.57248 3.24422 6.48503 180 200 230
-2.95733 1.54133 1.60917 180 200 230
1.79070 -2.90032 2.76571 180 200 230
-2.99775 1.65836 3.17909 180 200 230
2.14934 2.74843 4.24935 180 200 230
0.10071 -3.61324 6.45320 180 200 230
3.44902 0.44037 4.01008 180 200 230
-0.56997 3.63814 7.90874 180 200 230
-3.49445 -0.85228 6.25439 180 200 230
-3.40133 1.40228 7.62908 180 200 230
-2.63372 -2.48035 6.57362 180 200 230
-2.44667 2.25890 1.42322 180 200 230
-2.88389 2.36797 8.81479 180 200 230
-2.11809 2.96763 7.18304 180 200 230
2.69258 -2.30640 5.30998 180 200 230
3.31102 0.36126 1.58052 180 200 230
3.10793 -1.23861 1.65017 180 200 230
-2.24152 2.77202 5.67870 180 200 230
-2.28424 2.59481 3.90422 180 200 230
-0.54211 -3.55159 6.22013 180 200 230
-2.62917 2.22342 3.50478 180 200 230
-2.61223 -2.35141 4.77575 180 200 230
2.75998 -1.91060 1.79384 180 200 230
1.89549 -2.74446 1.48524 180 200 230
-3.26837 -0.31655 0.72901 180 200 230
-0.76075 -3.57744 7.46799 180 200 230
-2.75799 2.21143 5.15585 180 200 230
0.60699 -3.67611 8.55448 180 200 230
1.74806 3.18841 6.86154 180 200 230
3.50016 1.03198 7.02835 180 200 230
-3.40761 -0.89167 4.74128 180 200 230
0.79094 3.57419 7.43171 180 200 230
-0.49677 -3.69428 8.51131 180 200 230
2.91080 2.15203 6.62057 180 200 230
3.29622 0.17611 1.01490 180 200 230
-1.60848 -3.19161 6.00251 180 200 230
-3.31489 -0.01665 1.15582 180 200 230
3.13573 -0.97514 0.74415 180 200 230
0.05687 3.59914 6.36933 180 200 230
2.62241 2.56556 7.59782 180 200 230
3.30044 0.48255 1.51974 180 200 230
-3.09590 1.13116 0.71395 180 200 230
2.97952 2.18820 8.03996 180 200 230
0.53225 -3.27476 1.26783 180 200 230
2.93085 1.42409 0.33966 180 200 230
3.18027 -1.72878 6.61458 180 200 230
-3.55787 -0.93388 7.70845 180 200 230
-1.16158 -3.31581 4.79046 180 200 230
2.40471 2.59051 5.01759 180 200 230
2.89383 1.82389 3.17893 180 200 230
-2.04495 2.68184 2.26751 180 200 230
-3.60286 -0.46514 6.91171 180 200 230
-3.27023 -1.67928 7.72204 180 200 230
-1.64426 3.00034 3.03473 180 200 230
-0.48201 3.36218 2.59620 180 200 230
3.37324 -0.39580 2.54007 180 200 230
-0.46541 3.24645 0.48821 180 200 230
2.19953 2.58929 2.66366 180 200 230
-2.07079 2.52053 0.24818 180 200 230
-1.21274 3.44497 7.19846 180 200 230
-2.98307 1.59785 2.43010 180 200 230
-2.56803 -2.52685 6.34508 180 200 230
-2.81658 -2.13273 5.04689 180 200 230
-1.17283 -3.48184 7.62056 180 200 230
2.06545 3.10954 8.66627 180 200 230
3.29588 0.97879 3.45794 180 200 230
0.83793 -3.19594 0.84968 180 200 230
0.74301 3.54882 6.86351 180 200 230
-1.30865 2.98978 0.20598 180 200 230
-3.23584 0.92513 2.12266 180 200 230
-0.69004 -3.21064 0.51356 180 200 230
1.91510 3.17350 8.13871 180 200 230
2.66016 -1.87203 0.05132 180 200 230
-1.52622 3.16421 4.59489 180 200 230
3.44930 -0.37724 3.97457 180 200 230
-0.79192 3.50022 6.01690 180 200 230
-0.51791 -3.35912 2.74414 180 200 230
-2.63831 2.58354 7.93046 180 200 230
1.87334 -3.09671 6.73060 180 200 230
-3.37859 0.81323 4.04975 180 200 230
2.36123 -2.49768 3.37288 180 200 230
0.09075 -3.66634 7.43508 180 200 230
-3.11378 -1.86875 6.92768 180 200 230
0.00022 3.47352 3.74636 180 200 230
-0.21203 3.41542 3.22044 180 200 230
3.26728 -0.17627 0.37564 180 200 230
2.93963 -1.48880 0.78656 180 200 230
2.11679 2.50760 0.52013 180 200 230
0.92805 3.12568 0.23631 180 200 230
2.60974 2.07240 1.46332 180 200 230
1.10770 3.50924 7.78929 180 200 230
-0.91648 3.54747 7.28217 180 200 230
1.92219 -3.13112 7.69029 180 200 230
2.94987 2.00967 5.76231 180 200 230
2.63249 -2.40688 5.76477 180 200 230
3.26069 -0.58112 1.18932 180 200 230
-0.71315 3.52844 6.42247 180 200 230
-3.27302 0.92345 2.65372 180 200 230
-3.45563 -0.64410 4.83330 180 200 230
1.02369 3.58140 8.61881 180 200 230
-0.42554 -3.65966 7.90454 180 200 230
-2.95733 -1.62578 2.21805 180 200 230
2.76134 2.34874 6.75037 180 200 230
2.62447 -2.00993 1.00032 180 200 230
-1.05020 3.08681 0.25884 180 200 230
1.81527 2.71664 0.27232 180 200 230
3.31544 -0.37965 1.62763 180 200 230
2.87744 2.17203 6.38697 180 200 230
3.20025 1.26002 3.42127 180 200 230
0.25392 3.24021 0.15478 180 200 230
-1.58290 3.40455 8.89875 180 200 230
-3.22757 1.42562 4.95929 180 200 230
-1.36934 -3.17367 3.70051 180 200 230
-2.33962 2.62993 4.82941 180 200 230
-3.28669 -1.28540 4.83897 180 200 230
3.49738 0.12776 4.39244 180 200 230
-2.67382 2.36028 5.66636 180 200 230
3.47415 -1.25154 8.03252 180 200 230
0.52955 -3.36442 2.85480 180 200 230
-0.20181 -3.48758 4.54392 180 200 230
-1.09163 3.06131 0.03541 180 200 230
-3.67713 0.27368 7.81180 180 200 230
1.91044 -2.82931 2.89319 180 200 230
2.47786 -2.32231 2.57274 180 200 230
-0.91928 -3.63174 8.97945 180 200 230
-3.42185 0.95830 5.41347 180 200 230
2.97506 1.47291 1.18043 180 200 230
2.47245 2.30295 2.51992 180 200 230
3.43645 0.00632 3.32878 180 200 230
-2.37824 2.90441 8.88223 180 200 230
3.43527 0.50839 4.03467 180 200 230
-3.08297 1.33362 2.19025 180 200 230
-2.89528 -2.03597 5.28365 180 200 230
-2.84434 -1.95609 3.80016 180 200 230
-3.08052 -1.11557 0.53047 180 200 230
0.54869 3.63726 7.82178 180 200 230
-3.23940 -0.39247 0.15159 180 200 230
3.67650 -0.46830 8.14159 180 200 230
-3.43433 1.24576 7.22827 180 200 230
2.32366 -2.33855 0.73000 180 200 230
-2.65763 2.45188 6.63713 180 200 230
-2.60666 -2.54338 7.04766 180 200 230
-3.54731 0.40655 5.57174 180 200 230
-1.33550 -3.28961 5.35380 180 200 230
2.62110 -1.97112 0.47945 180 200 230
-3.05463 1.18946 0.57406 180 200 230
0.16817 -3.61451 6.66909 180 200 230
2.44233 -2.22124 1.01465 180 200 230
0.83270 -3.28212 2.29839 180 200 230
3.45897 0.53796 4.65050 180 200 230
3.34179 0.00398 1.56980 180 200 230
2.70934 -2.45104 7.21078 180 200 230
-0.47321 -3.62020 7.36255 180 200 230
3.55465 -0.95729 7.66040 180 200 230
-0.86391 3.15930 0.47854 180 200 230
0.81907 -3.36800 4.01003 180 200 230
1.17050 -3.48856 7.70152 180 200 230
2.14536 -2.68384 3.42067 180 200 230
-1.28400 -3.36776 6.39467 180 200 230
2.29221 2.71159 5.45680 180 200 230
-1.44095 -3.10987 3.27390 180 200 230
-2.68507 -2.06883 2.62065 180 200 230
-1.80074 3.10370 6.01691 180 200 230
0.85435 3.21108 1.28101 180 200 230
2.76602 -2.43549 7.81455 180 200 230
2.22611 2.75892 5.34317 180 200 230
-2.92210 1.55428 1.07091 180 200 230
-2.58436 -2.51384 6.46212 180 200 230
3.41628 -0.61181 4.03925 180 200 230
-1.60376 -2.96009 1.94519 180 200 230
-1.26290 3.51629 8.67194 180 200 230
3.35465 1.34437 6.60262 180 200 230
-1.46398 3.23136 5.49030 180 200 230
-0.97487 3.53847 7.71879 180 200 230
1.48348 -3.20047 5.05329 180 200 230
-2.48521 2.43621 4.13285 180 200 230
2.73013 1.94317 1.80820 180 200 230
2.28078 -2.42947 1.46824 180 200 230
3.45415 0.39352 4.04672 180 200 230
3.48109 0.06583 4.26433 180 200 230
-3.58535 0.57356 6.72095 180 200 230
3.15505 1.46582 4.13850 180 200 230
1.57265 3.18995 5.49127 180 200 230
3.65207 -0.33863 7.57836 180 200 230
2.09455 -3.10865 8.94390 180 200 230
0.30211 -3.41630 3.04610 180 200 230
-1.76584 -3.25032 8.17161 180 200 230
3.48919 1.08099 7.35099 180 200 230
1.68683 -2.81546 0.65571 180 200 230
-3.36760 0.61638 3.15385 180 200 230
2.74166 1.94805 2.08599 180 200 230
-1.12383 3.40405 6.11965 180 200 230
-3.53587 -0.04373 5.15502 180 200 230
3.50114 0.30200 4.61384 180 200 230
-0.05529 3.63682 6.98387 180 200 230
-1.76018 2.93727 3.14597 180 200 230
-3.36272 0.77852 3.59895 180 200 230
3.68971 0.04594 7.86155 180 200 230
-3.43180 -1.49642 8.76577 180 200 230
1.17789 3.44979 7.09444 180 200 230
-2.75597 -1.93048 2.06739 180 200 230
0.22514 3.29748 1.08213 180 200 230
-2.75528 1.93080 1.99350 180 200 230
-2.47181 -2.42962 3.96351 180 200 230
-1.86696 -2.80640 2.25108 180 200 230
3.63626 0.70777 8.16351 180 200 230
-3.51366 -0.78712 6.17453 180 200 230
1.41119 -3.17092 3.90830 180 200 230
0.91773 3.26762 2.59627 180 200 230
-3.37466 -0.68756 3.58022 180 200 230
-3.31642 1.13280 4.44472 180 200 230
2.12288 -2.92441 6.55172 180 200 230
-3.05531 1.23723 0.85969 180 200 230
3.45472 -1.27228 7.71787 180 200 230
-1.90779 -2.71191 1.22368 180 200 230
-3.13599 -1.27326 2.49093 180 200 230
-0.97469 3.61462 8.94632 180 200 230
-2.75054 -1.90806 1.81558 180 200 230
2.23900 2.42203 0.97254 180 200 230
-3.08791 1.79375 5.89135 180 200 230
-0.74265 3.37942 3.69345 180 200 230
-1.58592 -2.89669 0.88324 180 200 230
0.28525 -3.23536 0.03649 180 200 230
2.97082 -1.42935 0.76205 180 200 230
0.61420 3.46781 4.86420 180 200 230
2.52469 -2.23286 2.19673 180 200 230
2.06315 -2.99713 7.10517 180 200 230
2.39176 -2.80283 7.79217 180 200 230
-0.19954 -3.33041 1.38680 180 200 230
-0.38077 3.40552 3.18006 180 200 230
2.39891 -2.31386 1.40352 180 200 230
-2.75617 -1.99055 2.71574 180 200 230
-0.19932 -3.37507 2.27398 180 200 230
1.01221 3.50521 7.18531 180 200 230
1.87870 2.85655 3.25845 180 200 230
-0.58822 3.45336 4.62088 180 200 230
-3.58609 -0.25664 6.20272 180 200 230
-3.17915 1.83659 7.48977 180 200 230
2.59264 -2.21128 2.85003 180 200 230
3.34968 0.27461 1.99384 180 200 230
3.27421 1.80131 8.81893 180 200 230
-1.56315 3.04843 3.02434 180 200 230
1.77944 3.13029 6.17756 180 200 230
-2.99385 1.98684 6.23752 180 200 230
-0.70944 -3.43586 4.78675 180 200 230
3.35887 -0.13899 2.17430 180 200 230
0.98715 3.17855 1.35518 180 200 230
-0.35102 3.48548 4.54381 180 200 230
0.41236 -3.48616 4.75877 180 200 230
-0.50324 3.60914 7.06857 180 200 230
-1.03318 -3.45472 6.51727 180 200 230
-3.21347 -1.85949 8.25684 180 200 230
2.28692 -2.95233 8.75489 180 200 230
3.53635 0.75175 6.67417 180 200 230
3.26251 -0.41742 0.73703 180 200 230
3.37237 -0.77050 3.80303 180 200 230
3.52938 0.49977 5.62970 180 200 230
-3.55942 0.01097 5.46475 180 200 230
-2.72924 1.94578 1.73263 180 200 230
-0.09287 3.54963 5.40073 180 200 230
3.39894 -0.47664 3.29639 180 200 230
1.56248 3.04761 3.19775 180 200 230
-0.31157 3.64962 7.59144 180 200 230
3.46504 0.17919 3.95577 180 200 230
-3.08074 -1.69928 4.90621 180 200 230
2.27413 -2.72103 5.22209 180 200 230
-2.55066 -2.45358 5.22359 180 200 230
-1.95119 -2.74342 2.03020 180 200 230
3.25149 1.43919 5.54723 180 200 230
-0.75055 -3.33875 3.15822 180 200 230
-3.01771 1.94168 6.03698 180 200 230
-3.28361 0.54734 1.39542 180 200 230
-3.22662 -1.90864 8.95046 180 200 230
3.59806 -0.56144 7.05723 180 200 230
-0.03962 -3.47112 3.91303 180 200 230
-1.37600 -3.12183 2.85113 180 200 230
-3.13130 1.42824 3.64574 180 200 230
3.53188 0.77668 6.61612 180 200 230
-3.48511 -0.86419 6.04027 180 200 230
-1.91382 -3.05293 6.44967 180 200 230
-1.04733 -3.53761 8.06153 180 200 230
-2.71563 -2.18633 4.26698 180 200 230
-1.11882 3.41654 6.16427 180 200 230
0.62944 3.41988 4.13335 180 200 230
3.02458 1.92197 5.88794 180 200 230
-1.02379 -3.35271 4.43358 180 200 230
3.57362 -0.66343 7.09769 180 200 230
-3.21082 -0.50901 0.05107 180 200 230
-1.55613 -2.96975 2.05529 180 200 230
-1.20301 -3.18987 2.80569 180 200 230
1.96528 3.15971 8.53993 180 200 230
1.25512 3.27798 4.72386 180 200 230
0.89524 3.32802 3.43049 180 200 230
3.15124 -1.41471 3.79595 180 200 230
3.46027 0.33982 4.22696 180 200 230
-3.55412 -0.94042 7.88112 180 200 230
-2.67960 2.60726 8.68252 180 200 230
-1.98545 -3.10052 7.67775 180 200 230
0.67726 3.61093 7.65663 180 200 230
3.24991 -0.80900 1.89848 180 200 230
-1.65859 2.96314 2.54836 180 200 230
3.19050 -1.60231 5.51619 180 200 230
-3.03633 -1.90558 6.04702 180 200 230
-2.87887 1.71574 1.93309 180 200 230
-0.36750 -3.61725 6.83367 180 200 230
-3.16579 -1.09646 1.90734 180 200 230
2.18200 2.59027 2.49604 180 200 230
-0.95849 -3.26004 2.90233 180 200 230
-3.22684 -1.76063 7.69377 180 200 230
-3.31315 -1.44970 6.71104 180 200 230
-0.26271 -3.52068 4.93503 180 200 230
-2.08606 -3.00737 7.46879 180 200 230
-2.44547 2.73056 7.40965 180 200 230
-1.44049 3.13820 3.66369 180 200 230
-0.01876 3.64716 7.13837 180 200 230
-2.99401 -1.52897 1.96579 180 200 230
-1.08238 3.33922 4.68950 180 200 230
2.40679 2.27206 1.13520 180 200 230
0.70751 -3.39523 4.00010 180 200 230
0.89437 3.40614 4.84293 180 200 230
1.67350 2.82475 0.77006 180 200 230
2.03862 -2.84328 4.32352 180 200 230
-1.06197 -3.42349 6.00767 180 200 230
0.36115 -3.54533 5.67662 180 200 230
-1.93422 2.64958 0.52439 180 200 230
-2.44017 -2.21860 0.91704 180 200 230
3.12621 -1.41878 3.31176 180 200 230
-0.74872 3.59302 7.66568 180 200 230
3.34952 1.54957 7.89683 180 200 230
1.62734 2.99920 2.92763 180 200 230
2.89230 -2.17256 6.59583 180 200 230
-0.69965 3.48518 5.35106 180 200 230
-3.73260 0.20535 8.86083 180 200 230
-3.22239 -0.71113 0.91027 180 200 230
3.41382 -0.87621 5.08935 180 200 230
-1.13073 3.37304 5.48569 180 200 230
-3.38079 -0.45715 2.90966 180 200 230
3.16255 -0.85186 0.45332 180 200 230
0.98632 3.12520 0.50290 180 200 230
-2.84461 -2.00953 4.24291 180 200 230
3.33113 1.40702 6.36467 180 200 230
-0.29378 3.59558 6.43264 180 200 230
3.03591 1.41034 1.72840 180 200 230
-1.77471 3.22086 7.79655 180 200 230
0.93305 3.32302 3.54774 180 200 230
1.11808 -3.56133 8.70006 180 200 230
-3.22794 0.75578 1.13412 180 200 230
-3.04150 2.06700 7.61170 180 200 230
-1.31399 -3.46573 8.22563 180 200 230
3.46320 -1.19303 7.49385 180 200 230
-1.16091 3.45844 7.37534 180 200 230
3.13922 1.39967 3.40306 180 200 230
2.78499 2.29748 6.54772 180 200 230
2.21001 -2.76869 5.36916 180 200 230
1.97052 -2.86629 3.97847 180 200 230
-3.70684 0.57838 8.94184 180 200 230
2.03519 2.71570 2.75102 180 200 230
-3.41820 -0.57423 3.87588 180 200 230
-1.81470 -3.22477 8.17927 180 200 230
-1.68159 2.95952 2.73702 180 200 230
2.88993 1.64882 1.46180 180 200 230
-1.48951 3.06766 2.93133 180 200 230
-1.32803 -3.38990 6.94673 180 200 230
3.65409 -0.49974 7.81210 180 200 230
1.21991 3.08624 1.09850 180 200 230
3.06606 -1.82483 5.74391 180 200 230
-3.40457 0.95158 5.26210 180 200 230
-1.86542 -3.07515 6.15782 180 200 230
2.35716 -2.71814 6.17762 180 200 230
-3.49344 -1.31907 8.65849 180 200 230
3.17538 1.29107 3.26763 180 200 230
-0.33675 3.38554 2.83696 180 200 230
1.15908 -3.35743 5.38537 180 200 230
-3.27930 -1.13178 4.02393 180 200 230
-1.66554 3.07179 4.42454 180 200 230
-2.85960 -1.65023 0.66684 180 200 230
-0.38877 3.31679 1.41899 180 200 230
0.21022 3.71774 8.45473 180 200 230
1.55259 -2.89297 0.65838 180 200 230
-2.87288 2.08541 5.46484 180 200 230
-0.54616 3.59600 6.90575 180 200 230
-2.74668 1.76310 0.11446 180 200 230
2.95542 -1.60947 2.12065 180 200 230
1.45125 3.12416 3.54728 180 200 230
1.39044 3.22585 4.72166 180 200 230
-2.07636 2.72016 3.22250 180 200 230
3.32094 1.32545 5.98460 180 200 230
2.99795 1.52566 2.15496 180 200 230
3.25865 0.22514 0.24632 180 200 230
1.97408 2.58454 0.01515 180 200 230
-2.18417 -2.65333 3.25777 180 200 230
1.13309 3.23803 3.40667 180 200 230
-2.67497 2.58279 8.56731 180 200 230
-0.90248 -3.14955 0.43230 180 200 230
3.44940 0.69905 4.93008 180 200 230
0.90152 3.42692 5.35545 180 200 230
3.61078 -0.09331 6.42451 180 200 230
-2.93156 -2.04556 5.89406 180 200 230
-1.74297 -2.74570 0.07896 180 200 230
-3.55468 -0.35965 5.83339 180 200 230
3.34005 -0.72695 3.04547 180 200 230
2.24729 2.87091 7.06416 180 200 230
3.04870 1.37361 1.79840 180 200 230
1.45964 -3.30634 6.57253 180 200 230
3.57558 0.09205 5.77690 180 200 230
-3.32913 -1.35604 6.01257 180 200 230
3.33649 0.02961 1.68156 180 200 230
-2.08028 2.93069 6.16128 180 200 230
-2.11390 -2.94388 6.75328 180 200 230
-3.34940 -1.02641 4.56540 180 200 230
-3.18505 -1.25786 3.21103 180 200 230
1.83767 2.79170 1.59241 180 200 230
-0.94477 3.27242 2.74575 180 200 230
-0.90725 -3.53618 6.98542 180 200 230
3.41987 0.50421 3.84225 180 200 230
-2.97378 -2.02873 6.45529 180 200 230
-3.61605 -0.38923 6.77970 180 200 230
-2.00087 2.98609 6.20518 180 200 230
-1.82418 3.09449 6.19976 180 200 230
1.07910 -3.39744 5.64748 180 200 230
-2.58946 2.37123 4.82606 180 200 230
2.94293 1.61451 1.88677 180 200 230
3.57146 -0.86837 7.66640 180 200 230
2.55295 2.73129 8.69885 180 200 230
1.02712 -3.34217 4.35868 180 200 230
3.70913 0.32579 8.43660 180 200 230
-2.46928 2.82228 8.98310 180 200 230
-3.49408 -0.33429 4.53602 180 200 230
3.55873 0.67382 6.64329 180 200 230
-0.35708 -3.55938 5.93855 180 200 230
-0.22398 3.36385 2.25636 180 200 230
-3.16293 -0.83690 0.45483 180 200 230
0.91688 -3.36587 4.24021 180 200 230
-3.06190 -1.97333 7.18858 180 200 230
-3.28917 0.94186 3.07067 180 200 230
-1.87675 3.12338 7.16456 180 200 230
3.43626 1.00079 6.03557 180 200 230
3.07536 -1.87077 6.39247 180 200 230
-2.84862 -1.85666 2.70687 180 200 230
-2.36967 -2.57274 4.39083 180 200 230
-3.11222 1.22064 1.73558 180 200 230
-2.34831 2.41682 2.34359 180 200 230
3.17241 0.95755 0.86359 180 200 230
1.61935 2.90189 1.21578 180 200 230
-3.00446 1.51783 2.00571 180 200 230
0.18530 3.55200 5.37627 180 200 230
3.34514 0.95915 4.13051 180 200 230
-3.24932 -0.96651 2.53248 180 200 230
-3.59794 0.82530 7.82271 180 200 230
-3.10631 1.67297 4.88549 180 200 230
0.79327 -3.63138 8.35083 180 200 230
-2.90251 -2.09567 5.86046 180 200 230
3.25218 0.02892 0.15316 180 200 230
0.27723 -3.69774 8.26931 180 200 230
-3.66932 0.40305 7.79141 180 200 230
-3.55980 -0.37748 5.86318 180 200 230
2.70534 -2.25031 4.97231 180 200 230
2.69433 2.20678 4.23665 180 200 230
-2.84550 -2.05114 4.49986 180 200 230
-0.73112 3.56886 7.03266 180 200 230
3.42324 0.80393 4.77832 180 200 230
-3.08896 1.28218 1.68185 180 200 230
-0.68775 3.20786 0.56121 180 200 230
3.31449 0.03109 1.21066 180 200 230
-3.37520 0.14971 2.38852 180 200 230
-1.29165 3.19624 3.46149 180 200 230
-3.38813 1.48839 8.09010 180 200 230
3.37064 0.24890 2.27295 180 200 230
-2.78957 1.97940 3.01956 180 200 230
-3.31679 0.62398 2.12261 180 200 230
-3.45369 0.74876 5.06969 180 200 230
-0.73674 -3.49412 5.70278 180 200 230
3.52046 -0.19293 4.94822 180 200 230
3.66583 0.64839 8.59464 180 200 230
-2.97524 2.27725 8.96123 180 200 230
2.28443 -2.88035 7.61986 180 200 230
-2.57764 -2.60031 7.34399 180 200 230
3.43042 -0.35471 3.44598 180 200 230
-0.80798 -3.45291 5.37285 180 200 230
-0.55342 -3.39030 3.31272 180 200 230
3.23844 1.67796 7.16364 180 200 230
-0.52925 3.30727 1.64193 180 200 230
-2.91045 -1.69198 2.06355 180 200 230
-3.24040 -0.45895 0.37373 180 200 230
0.28156 -3.55151 5.63103 180 200 230
3.59774 -0.14345 6.33101 180 200 230
0.86983 3.12581 0.03298 180 200 230
-3.15895 1.52548 4.75761 180 200 230
2.30986 -2.55974 3.54530 180 200 230
1.92090 -3.10611 7.23285 180 200 230
1.34064 -2.98451 0.37568 180 200 230
-2.38600 -2.25173 0.46857 180 200 230
3.56557 -0.15258 5.73055 180 200 230
-2.22825 2.76691 5.47797 180 200 230
2.73254 2.44885 7.56598 180 200 230
2.39214 2.63092 5.48337 180 200 230
-3.42448 1.46426 8.57347 180 200 230
1.15761 -3.21856 2.97134 180 200 230
-3.30693 1.00947 3.73739 180 200 230
-2.86152 -2.40945 8.81214 180 200 230
-2.07381 2.57122 1.03326 180 200 230
-0.80194 -3.56987 7.26296 180 200 230
1.86570 2.67750 0.11162 180 200 230
-3.46750 -0.44061 4.53970 180 200 230
1.32143 3.06048 1.46828 180 200 230
-3.48830 0.69746 5.54188 180 200 230
-3.31288 1.54638 7.28271 180 200 230
-2.58931 -1.99709 0.31926 180 200 230
-3.31988 -0.19935 1.56699 180 200 230
3.39351 -0.52129 3.23123 180 200 230
2.74686 -1.98751 2.42855 180 200 230
-0.94503 3.32459 3.60297 180 200 230
2.69485 2.56840 8.59474 180 200 230
3.03420 1.30740 0.97284 180 200 230
1.11308 3.28426 3.96816 180 200 230
0.60640 3.42462 4.27466 180 200 230
2.59749 -2.18533 2.65700 180 200 230
3.02008 -1.54261 2.64011 180 200 230
0.44261 3.58891 6.55972 180 200 230
0.19515 -3.55371 5.71015 180 200 230
1.87651 -3.13852 7.40931 180 200 230
-2.48391 2.40676 3.80266 180 200 230
2.46672 -2.57462 5.61110 180 200 230
3.70444 -0.26457 8.09937 180 200 230
3.60637 -0.73987 7.73930 180 200 230
-0.18844 -3.70255 8.32511 180 200 230
-2.34516 2.44563 2.55154 180 200 230
0.53941 3.70744 8.87724 180 200 230
3.65293 -0.16376 7.44001 180 200 230
-0.59896 3.60910 7.25349 180 200 230
-3.32697 1.35651 6.14731 180 200 230
-0.33162 3.72683 8.85934 180 200 230
-3.47021 0.08464 4.13419 180 200 230
2.79293 2.32180 6.79259 180 200 230
1.30644 -3.35770 6.42095 180 200 230
-3.62172 -0.11626 6.71068 180 200 230
-3.17672 1.75937 6.87902 180 200 230
-2.18154 2.53340 1.82098 180 200 230
-3.00942 -1.64914 3.29063 180 200 230
0.64384 -3.38809 3.68607 180 200 230
2.96842 -2.08455 6.84910 180 200 230
1.96730 -3.03557 6.57273 180 200 230
-3.46166 1.23368 7.58526 180 200 230
1.83801 -3.15331 7.19955 180 200 230
-3.49482 -0.63521 5.51706 180 200 230
-2.14621 -2.53468 1.34123 180 200 230
-1.63067 -3.17864 5.86521 180 200 230
-2.97790 2.17268 8.04513 180 200 230
-3.56624 0.31331 5.93297 180 200 230
-1.30333 -3.45500 8.11796 180 200 230
-1.33494 3.50428 8.99202 180 200 230
-0.06653 -3.43005 3.38405 180 200 230
-2.19803 2.86690 6.63451 180 200 230
-3.03471 -1.80734 5.01803 180 200 230
1.82399 -2.97133 4.25498 180 200 230
3.33155 0.48921 2.28094 180 200 230
0.20484 3.37081 2.33696 180 200 230
-3.10509 -1.25582 1.76608 180 200 230
2.80626 2.20806 5.83020 180 200 230
0.91526 3.19540 1.36109 180 200 230
-0.01988 -3.47569 4.04146 180 200 230
3.47452 0.56874 4.86962 180 200 230
-2.67550 -2.21441 4.10385 180 200 230
3.59732 0.78412 7.77020 180 200 230
2.59626 2.31583 4.14834 180 200 230
-2.54944 2.09990 0.79692 180 200 230
3.65444 -0.82244 8.93447 180 200 230
-3.52608 -1.04482 7.68502 180 200 230
-1.36776 3.31831 6.08119 180 200 230
-3.08347 1.92097 6.92119 180 200 230
-3.01004 -1.38816 1.22974 180 200 230
-2.66360 -2.48297 7.00405 180 200 230
-0.37743 3.34109 1.97993 180 200 230
1.14248 3.32289 4.56089 180 200 230
-3.34672 0.09866 1.70015 180 200 230
-2.23187 -2.87177 6.89889 180 200 230
1.37448 -3.09165 2.33679 180 200 230
-2.82171 -1.86102 2.40494 180 200 230
-1.16846 -3.08836 1.04956 180 200 230
-3.59397 0.36300 6.61109 180 200 230
-3.11383 -1.38760 2.80020 180 200 230
-2.32376 -2.65078 4.82400 180 200 230
0.29404 3.41526 3.13594 180 200 230
3.33446 -1.46604 7.08024 180 200 230
-1.90473 2.78993 2.15498 180 200 230
-2.94390 -2.27429 8.50129 180 200 230
-3.16566 -1.27538 3.03608 180 200 230
1.99943 -2.63374 0.99798 180 200 230
2.55742 2.21512 2.28415 180 200 230
2.45386 -2.18453 0.71256 180 200 230
2.27125 2.64294 4.37972 180 200 230
2.08089 2.66638 2.37720 180 200 230
2.39881 -2.81742 8.03569 180 200 230
-0.15625 3.49916 4.81491 180 200 230
-2.57861 -2.18243 2.21949 180 200 230
-3.38720 0.78823 4.22191 180 200 230
3.07518 -1.34761 1.86956 180 200 230
0.66773 -3.26735 1.70794 180 200 230
-1.73098 2.92718 2.84529 180 200 230
1.28508 -3.05132 1.04027 180 200 230
0.50858 3.31735 1.80038 180 200 230
-2.78226 -2.47070 8.47757 180 200 230
0.03585 -3.60292 6.13991 180 200 230
-1.07560 -3.54846 8.33426 180 200 230
-1.87036 -2.81571 2.43890 180 200 230
1.77278 -3.22617 7.78812 180 200 230
-3.22562 -1.18904 3.41187 180 200 230
2.99653 -1.44824 1.38120 180 200 230
2.24302 2.88456 7.33931 180 200 230
-2.02481 2.58651 0.57516 180 200 230
0.71291 -3.38970 3.80036 180 200 230
-1.31022 3.43111 7.46434 180 200 230
-3.33787 1.25052 5.70401 180 200 230
-2.04845 -2.45311 2.82324 140 170 200
-1.40226 -2.74035 0.69800 140 170 200
0.75373 3.34644 6.93065 140 170 200
1.86922 2.74330 5.00959 140 170 200
-2.68167 -1.64234 1.98883 140 170 200
3.25914 -1.27674 8.12158 140 170 200
-1.81932 -3.00883 8.45611 140 170 200
-3.47448 0.34697 8.01629 140 170 200
3.07213 -1.31823 5.29882 140 170 200
1.36085 -2.94381 3.64380 140 170 200
-0.33825 -3.11751 1.71988 140 170 200
-3.00734 1.24807 3.67863 140 170 200
-3.36191 0.18197 5.74242 140 170 200
-0.29055 3.15414 2.31556 140 170 200
1.34060 -3.00006 4.44965 140 170 200
-0.72281 3.26601 5.40435 140 170 200
-0.98186 -3.28316 6.76279 140 170 200
2.18871 -2.18981 1.06302 140 170 200
-3.30176 -1.12269 7.90236 140 170 200
1.82028 2.73385 4.37988 140 170 200
3.30719 0.52125 5.48109 140 170 200
-1.63069 -3.11473 8.51021 140 170 200
0.49841 3.10081 1.77618 140 170 200
3.39151 0.84963 8.04778 140 170 200
-1.91656 2.88666 7.37876 140 170 200
-3.08558 -1.75030 8.95111 140 170 200
-3.08283 -1.03460 3.82042 140 170 200
1.54973 2.71342 1.39407 140 170 200
-2.42910 -1.85953 0.33472 140 170 200
-2.92431 1.83595 7.27966 140 170 200
-3.09183 0.43747 1.48521 140 170 200
2.26281 -2.27920 3.03856 140 170 200
3.11726 1.67642 8.89641 140 170 200
-3.22954 -0.57140 4.25613 140 170 200
1.46405 2.81298 2.35809 140 170 200
1.40810 3.13292 6.94759 140 170 200
-2.45873 -2.04612 2.72581 140 170 200
-1.60926 -2.91460 5.03775 140 170 200
-2.46318 -1.94119 1.67754 140 170 200
2.90909 -1.51710 4.42223 140 170 200
0.86012 -2.98420 1.22455 140 170 200
1.08948 3.25604 7.11597 140 170 200
-2.13374 -2.44691 3.57048 140 170 200
-2.34030 -2.20712 3.15420 140 170 200
-2.14644 -2.82260 8.94921 140 170 200
-3.12770 1.49392 7.59125 140 170 200
3.16282 -1.08019 5.23737 140 170 200
-3.43302 0.79617 8.54195 140 170 200
0.77377 -3.06522 2.17646 140 170 200
-3.32311 0.39208 5.40771 140 170 200
0.81957 -3.42072 8.41691 140 170 200
-2.64972 2.03830 5.37497 140 170 200
3.21821 0.01649 3.05613 140 170 200
-3.46725 0.00307 7.43948 140 170 200
-2.98330 -0.92801 1.50577 140 170 200
2.33754 2.07689 1.62848 140 170 200
-1.73956 -2.94922 6.76031 140 170 200
1.87075 -2.45175 0.85631 140 170 200
2.08761 -2.27006 0.67954 140 170 200
-2.32967 2.27482 3.69506 140 170 200
-2.75379 1.74739 3.86339 140 170 200
2.07013 -2.55469 4.49985 140 170 200
3.42451 -0.03596 6.84200 140 170 200
3.16134 1.08472 5.36758 140 170 200
3.15604 1.29059 6.61133 140 170 200
2.89804 1.02815 0.67308 140 170 200
-3.12810 0.75138 3.12611 140 170 200
0.76174 -3.45363 8.72446 140 170 200
2.72744 1.82073 4.12875 140 170 200
-1.18553 -2.93741 2.27821 140 170 200
1.68487 3.11842 8.93533 140 170 200
3.18854 0.66996 3.98337 140 170 200
-2.72273 -1.86505 4.57986 140 170 200
-2.63134 -1.76084 2.29030 140 170 200
-0.70301 3.31133 6.12269 140 170 200
-1.38417 2.83733 2.13829 140 170 200
-2.04294 2.66858 5.72331 140 170 200
3.10428 -1.47912 6.98305 140 170 200
2.25883 -2.51970 6.08872 140 170 200
-3.05969 -0.53417 1.05334 140 170 200
3.00592 -0.70257 0.95459 140 170 200
-3.03287 -1.71027 7.69646 140 170 200
2.81368 2.08594 8.21449 140 170 200
-3.11176 0.25157 1.47652 140 170 200
2.56112 -1.99900 3.66304 140 170 200
-1.76851 -2.89236 6.10274 140 170 200
3.32501 -1.01910 7.63909 140 170 200
-3.44641 -0.67729 8.25071 140 170 200
2.89651 -1.79137 6.48458 140 170 200
0.32642 -3.12045 1.58576 140 170 200
1.51907 -3.09020 7.07525 140 170 200
3.46384 -0.18614 7.83679 140 170 200
-1.04273 3.06175 3.44671 140 170 200
-2.29128 -2.38104 4.71522 140 170 200
-0.12715 3.13438 1.76157 140 170 200
1.95194 -2.55274 3.02492 140 170 200
-2.99442 -1.79320 7.92561 140 170 200
1.39022 2.76421 1.03958 140 170 200
-3.03187 1.63601 7.02494 140 170 200
1.28735 2.81539 1.12210 140 170 200
-3.08650 0.83497 2.91775 140 170 200
2.95505 1.56668 5.48547 140 170 200
2.98144 -0.66091 0.23142 140 170 200
-2.79037 -1.93808 6.28540 140 170 200
3.20673 -0.18836 3.13084 140 170 200
1.57989 3.04220 6.90840 140 170 200
-2.64547 2.34962 8.79711 140 170 200
2.96229 -1.36588 4.02928 140 170 200
-1.09481 -2.86812 0.48463 140 170 200
3.15449 1.48530 7.75098 140 170 200
2.37162 -2.13942 2.75367 140 170 200
1.17383 2.90252 1.59676 140 170 200
-0.25903 3.48413 8.00396 140 170 200
-0.36374 -3.15906 2.36975 140 170 200
-0.82415 -3.26873 5.68254 140 170 200
-1.69519 -2.69339 2.56622 140 170 200
3.41173 0.11593 6.60180 140 170 200
0.01316 3.38686 6.05712 140 170 200
-1.86182 2.74344 4.84674 140 170 200
-2.69977 1.95286 5.24755 140 170 200
2.82630 1.41633 2.32225 140 170 200
-1.38212 -2.72858 0.40855 140 170 200
2.68133 -2.18295 7.34782 140 170 200
3.48865 -0.22670 8.08792 140 170 200
1.02134 -3.28462 7.15600 140 170 200
1.00018 3.25840 6.56340 140 170 200
-3.29607 -0.23412 4.51904 140 170 200
2.88719 -1.68952 5.49840 140 170 200
3.10839 1.38229 6.42443 140 170 200
0.41555 3.03305 0.44931 140 170 200
-0.30331 3.26670 4.09221 140 170 200
-2.44148 -2.00882 2.29873 140 170 200
3.08803 -0.97086 3.56482 140 170 200
-3.41108 0.37464 6.91381 140 170 200
-2.98354 -1.26663 3.55503 140 170 200
-2.18993 -2.64250 6.82766 140 170 200
2.10932 -2.84516 8.76887 140 170 200
-0.79441 3.41944 8.37028 140 170 200
-2.43460 -2.47311 7.57440 140 170 200
3.10363 -1.57401 7.78568 140 170 200
3.01710 -1.21799 3.82828 140 170 200
-2.53741 2.30471 6.76399 140 170 200
2.58964 2.19197 6.21390 140 170 200
3.15672 -1.62366 8.85945 140 170 200
2.94429 -1.59545 5.41986 140 170 200
2.68549 1.88095 4.14659 140 170 200
3.01767 1.69230 7.65509 140 170 200
1.36023 3.15082 6.91669 140 170 200
-1.88277 -2.48637 1.37585 140 170 200
-1.09064 3.17759 5.60509 140 170 200
0.20694 3.35633 5.57042 140 170 200
1.03620 -3.21447 5.91002 140 170 200
0.13502 3.51389 8.51994 140 170 200
3.25901 -0.82767 5.65486 140 170 200
-3.23501 1.31770 7.92728 140 170 200
-2.85976 1.51200 3.51038 140 170 200
2.88761 -1.06767 0.74370 140 170 200
2.36764 2.22700 3.66082 140 170 200
2.49533 2.19834 5.05240 140 170 200
-3.17850 1.40943 7.62101 140 170 200
-2.88273 -1.75577 5.91207 140 170 200
-3.26528 -0.16561 4.25766 140 170 200
3.15938 -0.91976 4.43089 140 170 200
3.54305 -0.15230 8.97277 140 170 200
3.02591 0.79447 1.52915 140 170 200
1.60095 2.72584 2.12225 140 170 200
-3.17718 -1.11305 5.85585 140 170 200
3.24325 -1.05087 6.50766 140 170 200
-0.60887 3.20184 3.83733 140 170 200
-2.05967 2.27577 0.50495 140 170 200
0.39477 3.30164 4.95899 140 170 200
3.05673 -0.63452 1.55763 140 170 200
1.74906 2.53430 0.73108 140 170 200
-2.95856 -1.27066 3.38854 140 170 200
3.09581 0.44961 1.47609 140 170 200
-2.63267 -1.95535 4.22863 140 170 200
-2.68162 2.14969 7.01923 140 170 200
-2.81681 -1.23264 0.64612 140 170 200
2.89960 1.60010 4.76534 140 170 200
2.78538 1.79404 4.73963 140 170 200
2.55151 1.67012 0.21698 140 170 200
1.74854 -2.94879 6.82070 140 170 200
-0.50080 -3.05943 1.04760 140 170 200
2.42690 2.53206 8.44232 140 170 200
-1.36058 3.08826 5.97696 140 170 200
-2.95190 1.24598 2.87367 140 170 200
2.86640 2.04525 8.38541 140 170 200
1.74968 -2.75806 3.88595 140 170 200
-2.07289 2.41361 2.62367 140 170 200
-1.55995 -2.85838 3.74368 140 170 200
-2.11559 -2.62293 5.73720 140 170 200
2.93708 -1.75443 6.69637 140 170 200
-0.17116 -3.37476 6.17007 140 170 200
3.42870 0.75351 8.35249 140 170 200
1.98294 2.92055 8.64040 140 170 200
-2.96639 1.07046 2.04467 140 170 200
2.91761 1.93018 8.28104 140 170 200
-2.41572 1.95211 1.20639 140 170 200
3.48983 -0.49855 8.64663 140 170 200
0.88101 3.06610 2.61481 140 170 200
-0.89599 -3.06465 2.67353 140 170 200
-0.20424 3.26634 4.07374 140 170 200
3.07277 0.66987 1.90350 140 170 200
2.82682 2.01091 7.57442 140 170 200
2.47559 1.89288 1.37483 140 170 200
-0.99533 3.12912 4.23098 140 170 200
3.39683 -0.85965 8.23599 140 170 200
-2.44884 -2.31883 5.94279 140 170 200
2.41079 2.35086 5.69904 140 170 200
3.21115 1.51737 8.95594 140 170 200
3.01298 -0.55957 0.41414 140 170 200
1.53000 2.84037 3.16263 140 170 200
-0.40090 3.10152 1.37683 140 170 200
1.71833 -2.64531 1.92921 140 170 200
-2.97481 -1.06876 2.21890 140 170 200
0.49308 3.34008 5.86919 140 170 200
-1.63542 -2.74397 2.73111 140 170 200
-2.34253 2.44701 6.18989 140 170 200
-2.98266 -1.67825 6.81949 140 170 200
2.67696 1.86319 3.89920 140 170 200
2.43149 -2.27759 5.08410 140 170 200
-2.58144 -1.76567 1.44290 140 170 200
3.43520 0.09359 6.94246 140 170 200
-3.04893 -1.18674 4.05216 140 170 200
-2.24730 2.64562 7.63236 140 170 200
2.75501 -1.85906 4.99599 140 170 200
2.19017 2.59888 6.46857 140 170 200
-1.62721 2.80291 3.51184 140 170 200
0.29628 -3.23350 3.63002 140 170 200
0.50947 3.24748 4.20607 140 170 200
-1.30492 3.11404 5.94813 140 170 200
0.44162 -3.28914 4.82339 140 170 200
-0.81023 -3.35913 7.37800 140 170 200
-1.96360 2.38325 0.71875 140 170 200
-3.43738 0.71378 8.18063 140 170 200
-3.33233 -1.13744 8.39168 140 170 200
2.42372 -2.05802 2.47567 140 170 200
-1.63777 -2.63551 1.15116 140 170 200
-2.79432 -1.83549 5.39369 140 170 200
1.15056 -2.85667 0.80782 140 170 200
-1.06258 2.99104 2.34423 140 170 200
-3.10889 1.14196 4.83285 140 170 200
-1.30526 -3.10439 5.75658 140 170 200
-2.59621 1.79129 2.01916 140 170 200
-3.48293 0.46047 8.44764 140 170 200
1.68243 2.66527 1.89923 140 170 200
-2.41335 -1.99707 1.64357 140 170 200
-1.99851 -2.42305 1.72362 140 170 200
2.17269 -2.75834 8.42114 140 170 200
2.99887 1.78399 8.00053 140 170 200
2.47557 -1.80862 0.51379 140 170 200
2.93506 1.75899 6.72204 140 170 200
-0.09124 -3.08764 0.89524 140 170 200
-2.62533 -1.64341 0.91194 140 170 200
-2.57223 1.72307 0.91870 140 170 200
3.07326 -1.60312 7.59056 140 170 200
-3.16613 0.88609 4.12533 140 170 200
3.29708 0.51684 5.26475 140 170 200
-3.04739 -0.39643 0.49222 140 170 200
-3.42963 -0.70931 8.18402 140 170 200
-0.12527 -3.54254 8.85259 140 170 200
-1.99956 2.47194 2.39409 140 170 200
3.02097 1.51391 6.12443 140 170 200
-1.99285 2.76232 6.31432 140 170 200
-2.82172 -2.12169 8.72377 140 170 200
-3.17002 -0.91564 4.62390 140 170 200
1.81626 -2.60185 2.41955 140 170 200
-0.40969 3.21018 3.52741 140 170 200
-3.06109 -1.42317 5.97903 140 170 200
3.25113 -0.50261 4.52484 140 170 200
-1.20584 2.85202 0.95060 140 170 200
-3.18475 1.35210 7.40378 140 170 200
3.48336 -0.12647 7.87967 140 170 200
2.03456 2.60289 4.57570 140 170 200
-2.98030 -1.48540 4.97151 140 170 200
-2.26254 2.39879 4.69288 140 170 200
3.19329 0.95264 5.02640 140 170 200
0.21020 -3.09778 1.16837 140 170 200
1.03311 3.10194 4.18151 140 170 200
2.55830 -2.06134 4.30711 140 170 200
-3.08606 1.75131 8.98133 140 170 200
1.89379 2.42962 0.66102 140 170 200
0.08050 3.21415 3.09392 140 170 200
1.64631 -2.87067 4.73118 140 170 200
-2.44061 2.47522 7.73771 140 170 200
-0.12932 3.28239 4.42558 140 170 200
0.02124 3.20720 2.90251 140 170 200
-2.88049 -1.65959 5.07523 140 170 200
-0.13754 3.20572 2.95716 140 170 200
3.06888 -1.32040 5.18849 140 170 200
3.23965 1.03841 6.40930 140 170 200
1.85595 2.76275 5.03572 140 170 200
-3.03395 1.45203 5.72065 140 170 200
0.79539 2.96419 0.56749 140 170 200
0.60456 -3.32540 6.14404 140 170 200
3.06061 -1.77023 8.75145 140 170 200
-2.67111 -1.94543 4.69311 140 170 200
2.09936 -2.74119 7.36494 140 170 200
1.03868 -3.15712 5.19457 140 170 200
1.84722 2.85599 6.53027 140 170 200
2.84150 1.51935 3.07334 140 170 200
-2.43532 -2.56197 8.72834 140 170 200
3.13807 -0.34597 2.21121 140 170 200
1.54158 -2.72621 1.69420 140 170 200
-2.28959 -2.05202 0.63171 140 170 200
2.55485 2.13919 5.12663 140 170 200
0.62495 -3.30855 5.80065 140 170 200
-1.38725 -3.09674 6.06344 140 170 200
2.88400 -1.27217 1.81497 140 170 200
-0.85428 -3.27649 6.08034 140 170 200
2.49577 1.89922 1.74977 140 170 200
-2.65863 -2.17687 6.96245 140 170 200
-2.62337 1.81283 2.76004 140 170 200
-2.88381 1.55292 4.07804 140 170 200
-2.17603 -2.40516 3.58942 140 170 200
2.61467 -1.90799 3.59426 140 170 200
0.20973 -3.40847 6.67411 140 170 200
3.51701 0.49611 8.98162 140 170 200
1.99857 2.64447 5.00622 140 170 200
-2.12482 2.46618 3.89174 140 170 200
-1.27764 -2.93674 2.92726 140 170 200
-2.24525 -2.52091 5.84838 140 170 200
-3.29270 -0.07630 4.33599 140 170 200
-3.11807 1.46407 7.11314 140 170 200
0.82334 -3.24359 5.69610 140 170 200
2.68796 1.84400 3.98867 140 170 200
-2.93196 -1.99361 8.61344 140 170 200
1.09835 -2.85274 0.30710 140 170 200
-0.47563 3.35607 6.40682 140 170 200
0.96832 3.13017 3.97763 140 170 200
-1.43794 -2.75585 1.34615 140 170 200
1.39759 2.77000 1.07528 140 170 200
-3.36812 0.24970 6.06259 140 170 200
2.77796 -1.46355 1.58840 140 170 200
3.22578 1.29332 7.81176 140 170 200
2.70181 -1.73493 3.08319 140 170 200
1.18433 3.01138 3.37937 140 170 200
-3.36478 0.37475 6.15510 140 170 200
2.13696 2.34048 2.25671 140 170 200
-0.76292 -2.96125 0.26675 140 170 200
3.28290 -0.04593 4.28908 140 170 200
-1.06678 3.14160 5.01087 140 170 200
2.91825 -1.49399 4.28994 140 170 200
-0.41264 -3.26052 4.39675 140 170 200
3.31423 -0.73157 6.20288 140 170 200
-1.64275 -3.06967 7.72444 140 170 200
-1.34360 -2.95128 3.57400 140 170 200
3.24099 -1.19581 7.25844 140 170 200
-0.43502 -3.04486 0.79400 140 170 200
1.89733 -2.70135 4.59288 140 170 200
-0.69975 3.17050 3.66937 140 170 200
1.60758 2.87612 4.46665 140 170 200
-1.97700 -2.39147 1.06382 140 170 200
-0.05110 3.11854 1.50625 140 170 200
-2.89795 1.36725 2.92517 140 170 200
1.97126 -2.52228 2.74371 140 170 200
-2.21081 -2.38653 3.74920 140 170 200
3.08529 -1.13541 4.39019 140 170 200
-1.93309 2.50141 2.26644 140 170 200
-0.64461 3.30888 5.80319 140 170 200
0.73232 3.15617 3.66679 140 170 200
3.04757 -0.45586 0.76960 140 170 200
-2.87124 1.35909 2.47236 140 170 200
2.92877 -1.60822 5.29173 140 170 200
-1.88665 2.77951 5.69700 140 170 200
-0.81111 3.35740 7.33919 140 170 200
0.41451 -3.14831 2.48876 140 170 200
-2.46173 -2.25598 5.30989 140 170 200
-3.25907 -0.50911 4.55632 140 170 200
-3.23474 1.27555 7.74837 140 170 200
-3.34485 0.71608 6.75086 140 170 200
1.57962 -2.69221 1.44225 140 170 200
2.02193 2.90061 8.66156 140 170 200
3.07498 1.02142 3.48158 140 170 200
3.51991 0.13163 8.62780 140 170 200
-3.20283 0.10060 2.85004 140 170 200
1.36783 -3.00401 4.49284 140 170 200
-1.59026 -2.93490 5.20737 140 170 200
3.06663 -0.18425 0.80278 140 170 200
-2.63302 -2.17726 6.62901 140 170 200
-3.10796 -0.17775 1.18750 140 170 200
-2.73195 -1.53839 1.74106 140 170 200
2.37542 -2.17040 2.89497 140 170 200
3.50594 0.32338 8.67868 140 170 200
-3.46012 0.73926 8.77965 140 170 200
-2.80577 1.75179 4.67240 140 170 200
3.18480 -0.96189 5.05804 140 170 200
1.21496 2.92067 2.18045 140 170 200
3.22120 0.52153 4.04305 140 170 200
-2.39581 -2.60592 8.87257 140 170 200
-2.44224 -2.44282 7.26435 140 170 200
-1.43312 3.07869 6.47416 140 170 200
-3.10225 -0.79134 2.78821 140 170 200
-2.82263 -1.96200 7.03076 140 170 200
-2.13337 2.82141 8.72564 140 170 200
-3.11516 1.69955 8.90114 140 170 200
2.12335 2.62653 5.63455 140 170 200
0.41396 -3.11535 1.70877 140 170 200
-2.70620 2.26231 8.70573 140 170 200
-2.03930 -2.64619 5.12778 140 170 200
-2.73799 1.35994 0.56459 140 170 200
1.61938 2.63350 0.97056 140 170 200
-1.02197 -3.18886 5.44041 140 170 200
-3.01324 1.72282 7.63790 140 170 200
1.39238 3.23739 8.51970 140 170 200
3.22011 -1.42971 8.54385 140 170 200
2.62898 -2.08408 5.45186 140 170 200
-0.50616 -3.50256 8.84787 140 170 200
-2.77869 -1.43924 1.60597 140 170 200
-2.19623 -2.20146 1.09341 140 170 200
-1.96071 2.36383 0.48724 140 170 200
-0.27980 3.43118 7.12423 140 170 200
-2.94178 -1.92087 8.31384 140 170 200
-0.21860 -3.47724 7.67523 140 170 200
-3.51328 0.10725 8.50463 140 170 200
2.63656 -2.03064 5.18701 140 170 200
-2.62483 2.21609 7.03074 140 170 200
-2.30363 2.26140 3.31545 140 170 200
-3.07429 1.55377 7.06017 140 170 200
-0.97337 -3.28845 6.94630 140 170 200
3.22392 0.56175 4.19885 140 170 200
-1.86163 2.43743 0.61547 140 170 200
-0.14171 -3.18294 2.67825 140 170 200
-3.28819 -1.17835 8.05380 140 170 200
-1.22786 3.10814 5.52783 140 170 200
-1.80261 -2.71507 3.92775 140 170 200
2.86256 -2.04883 8.56848 140 170 200
-3.23968 -0.10439 3.58249 140 170 200
-0.21837 -3.22369 3.23734 140 170 200
1.09354 3.25494 7.09396 140 170 200
-3.19502 0.54739 3.48231 140 170 200
-0.84428 3.18072 4.29223 140 170 200
3.41987 -0.15505 6.68653 140 170 200
0.63948 3.21312 4.14988 140 170 200
3.05167 -1.04673 3.18521 140 170 200
-2.57162 1.66114 0.34614 140 170 200
-3.48995 0.03621 7.84850 140 170 200
-3.28596 -0.49702 5.00025 140 170 200
0.17876 3.47032 7.77208 140 170 200
0.23431 3.36536 5.79113 140 170 200
-2.25584 2.22672 2.07702 140 170 200
-0.09765 -3.23734 3.55314 140 170 200
-0.99480 -3.11297 4.03579 140 170 200
3.42706 -0.05156 6.83329 140 170 200
2.82630 1.75347 5.18803 140 170 200
0.19688 -3.36684 5.95240 140 170 200
1.16485 3.23129 6.94629 140 170 200
-3.18660 -0.22100 2.74712 140 170 200
1.15523 3.29835 8.02708 140 170 200
3.02489 -1.28423 4.35498 140 170 200
-3.38479 -0.15309 6.16353 140 170 200
-3.10417 0.60210 2.23907 140 170 200
-1.12076 2.97158 2.37771 140 170 200
-3.25153 1.08017 6.79307 140 170 200
2.47941 2.06953 3.43888 140 170 200
-1.40392 -3.19947 7.97681 140 170 200
-3.05902 -1.45516 6.19473 140 170 200
2.75142 1.98751 6.20021 140 170 200
2.59968 1.94875 3.70615 140 170 200
-0.93507 3.37946 8.19857 140 170 200
-3.47485 0.59280 8.54543 140 170 200
0.54450 3.13934 2.60219 140 170 200
2.25121 2.43792 4.89398 140 170 200
2.88688 1.99770 8.23374 140 170 200
-1.05372 2.92064 1.15578 140 170 200
-2.20136 -2.33278 2.96224 140 170 200
-1.53442 -3.17572 8.62618 140 170 200
-0.67520 3.22291 4.63494 140 170 200
-3.28457 1.28660 8.60229 140 170 200
-2.24265 -2.34234 3.70561 140 170 200
-2.11716 2.55775 5.00740 140 170 200
3.25258 -0.43981 4.36271 140 170 200
-1.15656 -3.07411 4.38997 140 170 200
-3.09094 -1.65955 8.32339 140 170 200
-3.40725 0.04486 6.44992 140 170 200
-3.52183 0.17836 8.55439 140 170 200
-0.83561 3.11372 3.25085 140 170 200
3.14289 1.65754 8.94969 140 170 200
1.79803 -2.91707 6.56014 140 170 200
2.58730 -1.74858 1.43587 140 170 200
3.22844 -0.52154 3.99718 140 170 200
-2.62108 1.80609 2.51753 140 170 200
2.99957 -1.05006 2.39674 140 170 200
-1.03469 -3.35298 8.42150 140 170 200
-3.10502 1.65348 8.67228 140 170 200
2.65650 -1.49260 0.33532 140 170 200
3.05985 -0.61308 1.49876 140 170 200
-3.13107 -0.67784 2.78290 140 170 200
0.64443 -3.41959 7.74169 140 170 200
0.55934 -3.31560 5.73345 140 170 200
-2.59273 -2.11309 5.33758 140 170 200
-2.97205 1.56703 5.62238 140 170 200
2.33883 2.63090 8.59486 140 170 200
3.19779 -0.04114 2.76449 140 170 200
2.80915 1.35796 1.36138 140 170 200
2.23301 2.52836 5.70434 140 170 200
-2.49636 2.50303 8.74484 140 170 200
-2.74922 2.03595 6.58044 140 170 200
-0.37623 3.47718 8.11127 140 170 200
3.09869 1.65514 8.14429 140 170 200
2.55240 -1.86882 2.24870 140 170 200
-3.39214 -0.28324 6.37269 140 170 200
3.42439 -0.65676 7.86249 140 170 200
2.24098 -2.15897 1.15596 140 170 200
-3.38850 0.12752 6.08041 140 170 200
-2.43397 2.05978 2.73049 140 170 200
-0.10987 3.46270 7.52387 140 170 200
3.17603 -0.13880 2.28414 140 170 200
-2.56431 -1.99056 3.64489 140 170 200
1.83501 -2.86288 6.29697 140 170 200
3.31639 -0.32043 5.25456 140 170 200
0.50733 3.07138 1.33050 140 170 200
2.81949 -1.44015 2.30408 140 170 200
0.96576 -3.36533 8.05879 140 170 200
-3.40537 0.99754 8.90794 140 170 200
3.23587 -1.07861 6.44399 140 170 200
-2.57616 -1.63250 0.29320 140 170 200
-2.69388 2.12545 6.86429 140 170 200
1.81280 2.85276 6.00650 140 170 200
-0.45033 -3.22167 3.98815 140 170 200
0.47731 -3.13718 2.32894 140 170 200
0.84104 3.03026 1.75477 140 170 200
-2.14997 2.23705 0.98913 140 170 200
3.17800 1.14510 5.97596 140 170 200
-3.02460 -1.13757 3.32036 140 170 200
-2.68606 -1.95322 4.92412 140 170 200
1.92085 -2.70570 4.98743 140 170 200
3.31283 0.54927 5.70076 140 170 200
2.45152 2.29193 5.59024 140 170 200
3.25273 0.65376 4.93365 140 170 200
2.94430 -1.07155 1.65712 140 170 200
-3.05248 -0.24771 0.45699 140 170 200
0.08414 3.34723 5.43109 140 170 200
3.24214 0.39100 4.08906 140 170 200
2.68847 1.86486 3.97189 140 170 200
-0.60868 -3.20809 4.15001 140 170 200
-3.08658 0.38434 1.27042 140 170 200
-0.30724 -3.12942 1.88062 140 170 200
-0.32295 3.37324 6.17238 140 170 200
-3.07606 1.22798 4.88747 140 170 200
-2.39005 -2.35613 5.72131 140 170 200
0.73192 3.03333 1.41761 140 170 200
-0.80856 3.36576 7.46070 140 170 200
2.04450 2.52283 3.63782 140 170 200
-0.79815 -3.26086 5.75078 140 170 200
-2.86937 -1.63168 4.46377 140 170 200
-3.09623 1.12191 4.48782 140 170 200
-3.12789 -1.40844 7.16254 140 170 200
1.50190 2.72338 1.24053 140 170 200
1.18858 -2.84992 0.90757 140 170 200
0.10644 -3.09670 1.15406 140 170 200
1.47261 3.23452 8.96119 140 170 200
2.65124 -2.31639 8.40092 140 170 200
-2.68068 2.10712 6.50035 140 170 200
-3.19825 0.74371 4.30430 140 170 200
-3.03863 -0.60462 1.00383 140 170 200
0.92076 -3.33304 7.51773 140 170 200
1.62124 2.70283 1.97436 140 170 200
-0.30155 3.18613 2.73747 140 170 200
3.20633 -1.35375 7.68347 140 170 200
2.94109 -1.21174 2.59696 140 170 200
1.25939 -3.24191 7.71533 140 170 200
1.68852 3.00106 7.22398 140 170 200
-2.87384 -1.95245 7.65446 140 170 200
-3.19793 1.12934 6.27645 140 170 200
2.82366 1.56952 3.45432 140 170 200
3.01231 1.54792 6.09519 140 170 200
2.15582 -2.71401 7.58626 140 170 200
2.88823 1.84566 6.91563 140 170 200
-0.46724 3.45559 7.86087 140 170 200
2.06474 2.86926 8.86555 140 170 200
-3.02960 -1.54615 6.41178 140 170 200
0.22080 -3.50181 8.40970 140 170 200
-0.30355 3.17239 2.72853 140 170 200
0.70869 -3.47191 8.78237 140 170 200
1.59232 3.12354 8.26219 140 170 200
-1.90713 2.40405 0.59146 140 170 200
0.15017 3.35514 5.55452 140 170 200
-3.18336 0.93916 4.79204 140 170 200
3.43986 -0.41243 7.47287 140 170 200
-0.25875 -3.11196 1.38945 140 170 200
0.91112 3.19300 5.00861 140 170 200
3.23701 -0.69299 4.77750 140 170 200
-1.36190 -2.95859 3.84247 140 170 200
-3.40192 1.00752 8.93593 140 170 200
2.88292 -1.67447 5.11214 140 170 200
0.26242 -3.24800 4.00054 140 170 200
-0.45341 -3.44849 7.81434 140 170 200
0.94731 2.97470 1.50818 140 170 200
2.21809 2.30229 2.87177 140 170 200
2.12449 -2.39096 2.79273 140 170 200
-1.49569 -3.18658 8.45522 140 170 200
1.43277 -3.18698 8.01326 140 170 200
0.33207 -3.34377 5.69528 140 170 200
2.64559 -1.84431 3.16121 140 170 200
-2.33724 2.32199 4.48581 140 170 200
-1.96887 2.70293 5.38746 140 170 200
0.27454 3.31838 5.11711 140 170 200
2.51465 1.96145 2.58369 140 170 200
-3.10286 0.33473 1.42830 140 170 200
-3.50227 0.03914 8.24006 140 170 200
2.54877 2.23173 5.98900 140 170 200
-2.49071 -1.89528 1.56401 140 170 200
-2.31336 2.67892 8.91719 140 170 200
-3.13357 0.88394 3.98314 140 170 200
-3.42028 -0.21572 6.77584 140 170 200
-1.16973 2.92541 1.85662 140 170 200
-1.39718 -3.23178 8.44743 140 170 200
-3.08968 -0.19148 0.94876 140 170 200
-3.29609 1.27083 8.63738 140 170 200
-2.88363 1.84033 6.72642 140 170 200
3.12713 0.46940 2.32221 140 170 200
0.41798 -3.11494 1.89588 140 170 200
3.40063 -0.72678 7.65269 140 170 200
2.09087 2.25400 0.57863 140 170 200
-0.76292 3.01521 1.27734 140 170 200
1.94016 -2.78211 6.26412 140 170 200
-0.79375 -2.98883 0.93160 140 170 200
-1.27166 3.07572 5.12733 140 170 200
-1.97452 -2.70101 5.41267 140 170 200
2.65580 -1.52060 0.36985 140 170 200
0.61436 3.18505 3.67861 140 170 200
-1.31322 -2.77428 0.47074 140 170 200
1.34155 -3.26920 8.72857 140 170 200
2.61577 1.78500 2.21228 140 170 200
3.11897 -1.36116 6.40796 140 170 200
3.29219 -0.86007 6.27131 140 170 200
-0.36585 -3.42574 7.10800 140 170 200
-3.21284 -0.31605 3.30295 140 170 200
-2.50159 -1.91435 1.92780 140 170 200
-1.98670 -2.67871 5.03288 140 170 200
1.92909 2.80552 6.44746 140 170 200
-0.95600 3.29950 6.96511 140 170 200
2.47922 1.82225 0.66371 140 170 200
-2.35064 2.48867 6.94338 140 170 200
-0.09567 -3.10922 1.26001 140 170 200
2.50254 -2.19200 4.98200 140 170 200
-2.30553 2.41600 5.25049 140 170 200
-2.33004 -2.08321 1.39592 140 170 200
-2.92754 -1.98517 8.70457 140 170 200
-3.32989 0.58029 5.96502 140 170 200
-1.08973 -2.98026 2.29076 140 170 200
1.79723 2.50033 0.68234 140 170 200
3.06874 1.55990 7.13177 140 170 200
-2.00757 2.83620 7.68818 140 170 200
3.02955 -0.59147 1.05677 140 170 200
3.05661 -0.92736 2.59708 140 170 200
-2.26488 -2.50718 6.00271 140 170 200
-2.87259 -1.54898 4.05137 140 170 200
-2.16185 -2.39737 3.36781 140 170 200
-2.96264 1.40833 4.09918 140 170 200
-0.79123 3.21657 4.81294 140 170 200
3.14768 0.10990 1.93027 140 170 200
3.23985 0.39288 3.77518 140 170 200
3.04455 -0.53796 0.86053 140 170 200
-0.10391 -3.05007 0.25771 140 170 200
-1.29631 -3.28333 8.79723 140 170 200
1.72370 -2.55576 0.71915 140 170 200
-2.40278 -1.91098 0.61257 140 170 200
-1.73232 -3.04327 8.09309 140 170 200
0.88243 -3.42681 8.80368 140 170 200
2.45752 2.46257 7.71492 140 170 200
1.19499 2.89188 1.51240 140 170 200
-3.16348 -1.16065 5.97868 140 170 200
2.79488 1.94817 6.46948 140 170 200
-1.85491 -2.89960 7.10335 140 170 200
1.53674 -2.70599 1.26422 140 170 200
1.70340 -2.77611 3.79963 140 170 200
-1.42098 2.86344 2.76736 140 170 200
0.99075 3.23403 6.10704 140 170 200
3.11703 -0.82710 3.37781 140 170 200
2.81755 -1.72932 4.84424 140 170 200
-1.31034 3.10754 5.86549 140 170 200
2.74606 -2.15341 7.89233 140 170 200
2.57486 -2.38739 8.34979 140 170 200
-1.79075 2.90041 6.43963 140 170 200
-2.04495 2.37344 1.66898 140 170 200
3.18221 -1.45138 8.08463 140 170 200
-0.16084 -3.14742 2.11357 140 170 200
-2.27506 -2.07087 0.70418 140 170 200
3.13991 -0.95741 4.21310 140 170 200
2.25157 -2.55729 6.36428 140 170 200
2.78999 1.41612 1.60384 140 170 200
-3.21210 0.02434 2.97820 140 170 200
2.45803 -1.88905 0.95654 140 170 200
2.57565 2.16266 5.79486 140 170 200
3.06780 1.49636 6.56580 140 170 200
2.10117 -2.57077 4.93887 140 170 200
0.56274 -3.23847 4.27646 140 170 200
1.72698 3.01471 7.74172 140 170 200
1.37208 2.96876 4.05284 140 170 200
1.62654 -2.84715 4.25328 140 170 200
0.85021 3.24022 5.44094 140 170 200
2.11072 2.68546 6.52818 140 170 200
2.88604 -1.89428 7.14820 140 170 200
1.04364 -2.89582 0.58691 140 170 200
-2.85927 1.97522 7.77060 140 170 200
-2.30601 -2.33638 4.33784 140 170 200
-3.18057 1.48698 8.22492 140 170 200
-0.50992 3.29128 5.08429 140 170 200
3.28475 -0.27301 4.55405 140 170 200
-3.02075 -0.89079 2.02943 140 170 200
-2.12579 -2.49101 4.50020 140 170 200
-2.76518 1.79733 4.70481 140 170 200
-3.49905 -0.01629 8.13084 140 170 200
-0.82071 3.39797 8.06949 140 170 200
-2.98382 1.42058 4.64698 140 170 200
-2.42447 -2.51165 7.90693 140 170 200
1.32906 -3.23021 7.79666 140 170 200
1.13734 -3.33340 8.57656 140 170 200
3.22167 0.23155 3.53964 140 170 200
-3.08248 -0.68690 2.18429 140 170 200
-2.47109 2.52393 8.53911 140 170 200
-2.62166 -2.08804 5.50637 140 170 200
2.42763 -2.23213 4.47283 140 170 200
0.51109 -3.22192 3.98440 140 170 200
-1.50252 2.70354 1.00112 140 170 200
-0.21434 -3.14262 2.10978 140 170 200
2.57424 1.90458 2.90804 140 170 200
2.31096 2.40451 5.21500 140 170 200
0.50821 3.28301 4.91264 140 170 200
-2.69378 1.96371 5.14121 140 170 200
-3.09403 -0.20793 0.92258 140 170 200
-2.44664 1.82867 0.29302 140 170 200
-2.28669 -2.36852 4.44212 140 170 200
2.24091 2.21784 2.01164 140 170 200
-3.46403 -0.47037 8.10774 140 170 200
-0.45979 3.24446 4.15689 140 170 200
-2.13296 2.43016 3.45295 140 170 200
-3.33442 -0.18633 5.15083 140 170 200
2.26494 2.49406 5.88439 140 170 200
-2.36066 1.99745 0.97494 140 170 200
0.23060 -3.41368 6.84733 140 170 200
-0.53866 3.07846 1.49423 140 170 200
0.29669 -3.23228 3.76427 140 170 200
0.38740 3.21400 3.49662 140 170 200
0.08750 -3.33678 5.37052 140 170 200
1.16297 3.19247 6.40619 140 170 200
3.29144 -1.04176 7.34904 140 170 200
1.89111 2.73679 5.00393 140 170 200
3.13246 -0.00306 1.65971 140 170 200
0.44821 3.37551 6.46127 140 170 200
-0.81701 -3.19899 4.57994 140 170 200
-1.13699 3.15137 5.54183 140 170 200
2.84488 1.61527 4.27091 140 170 200
3.22216 0.50810 4.02754 140 170 200
2.04925 2.72173 6.50739 140 170 200
-2.78246 1.81338 4.97761 140 170 200
-3.05676 -1.68580 7.90886 140 170 200
-3.39678 0.46128 6.86487 140 170 200
-2.25391 -2.41407 4.55791 140 170 200
2.60892 1.79287 2.20210 140 170 200
-1.36135 -2.73208 0.36747 140 170 200
0.68992 -3.06988 2.12202 140 170 200
0.38725 3.16995 2.81468 140 170 200
0.81064 -3.00656 1.31301 140 170 200
-0.00012 3.39457 6.23164 140 170 200
-3.02423 1.10868 3.21978 140 170 200
1.05351 -2.88029 0.48718 140 170 200
-1.26222 -3.03220 4.20950 140 170 200
-3.44742 -0.08085 7.20998 140 170 200
-2.20636 2.35943 3.34274 140 170 200
-3.23501 -1.36777 8.19542 140 170 200
-3.44511 -0.43022 7.78449 140 170 200
3.45044 -0.62586 8.08795 140 170 200
1.55592 -2.99980 6.22133 140 170 200
2.57085 2.30791 7.39757 140 170 200
-2.77054 1.70061 3.78407 140 170 200
-2.89795 -1.77104 6.43838 140 170 200
-0.87691 -3.04420 2.29115 140 170 200
1.39203 2.83526 2.11505 140 170 200
1.71412 -3.08290 8.53683 140 170 200
-2.28458 -2.43267 5.19303 140 170 200
2.81619 1.27022 0.87813 140 170 200
2.94512 1.14679 2.04648 140 170 200
-1.28553 -3.03208 4.42601 140 170 200
0.12118 -3.47390 7.72647 140 170 200
-1.29762 3.25261 8.14296 140 170 200
1.63278 2.64409 1.26979 140 170 200
0.57974 3.02215 0.78773 140 170 200
-2.42945 1.95325 1.34627 140 170 200
-2.28887 -2.49569 6.25189 140 170 200
1.26811 3.07352 5.05385 140 170 200
0.87651 -3.30012 6.81842 140 170 200
0.02376 3.35595 5.57995 140 170 200
1.13251 -2.88337 1.10553 140 170 200
2.83274 -1.46505 2.59921 140 170 200
1.65539 2.76571 3.26913 140 170 200
2.96518 -1.68561 6.56132 140 170 200
-0.92927 -3.22650 5.61016 140 170 200
2.67380 -2.29266 8.56365 140 170 200
-1.78578 2.56438 1.56829 140 170 200
2.30456 -2.65877 8.49607 140 170 200
-3.13260 0.46027 2.25676 140 170 200
1.19450 2.99853 3.37644 140 170 200
3.07019 -0.06595 0.52811 140 170 200
3.02891 -1.02477 2.95325 140 170 200
2.22903 2.22391 2.06936 140 170 200
-3.05529 0.86280 2.22959 140 170 200
3.33053 -0.28959 5.39672 140 170 200
-3.28330 -1.03158 7.18057 140 170 200
-3.42871 0.06274 6.87764 140 170 200
1.16924 3.27080 7.58617 140 170 200
-2.99731 1.65951 6.76200 140 170 200
-3.53510 0.04011 8.80772 140 170 200
-0.68475 -2.97975 0.37575 140 170 200
-3.36954 1.09404 8.90100 140 170 200
-2.15985 -2.44952 3.96965 140 170 200
2.65003 1.96420 4.57132 140 170 200
0.28921 -3.33069 5.44151 140 170 200
3.05142 0.06281 0.28124 140 170 200
-1.97198 -2.45053 1.90318 140 170 200
1.51768 -2.91881 4.28996 140 170 200
0.36233 -3.42119 7.08530 140 170 200
2.10806 2.80097 7.92715 140 170 200
1.74570 -2.59502 1.58873 140 170 200
2.79497 1.51821 2.64863 140 170 200
3.07611 1.36241 5.70099 140 170 200
1.42939 -2.91281 3.53323 140 170 200
1.32038 2.92531 2.96516 140 170 200
-3.07350 1.06182 3.73337 140 170 200
3.14013 -1.32077 6.50943 140 170 200
0.80429 3.04992 2.05883 140 170 200
0.58664 -3.01515 0.78689 140 170 200
-2.63602 -1.54644 0.23266 140 170 200
-2.75473 1.85456 5.00009 140 170 200
-3.08408 0.80777 2.52960 140 170 200
-2.82133 1.78276 5.30496 140 170 200
1.63112 -3.08988 8.01879 140 170 200
1.25650 -2.95513 2.92640 140 170 200
-2.20825 2.25254 1.91989 140 170 200
-0.99415 -2.88877 0.21476 140 170 200
-3.46142 -0.70248 8.84781 140 170 200
-0.03706 -3.31125 4.91426 140 170 200
3.29062 1.07025 7.35934 140 170 200
-1.79086 2.98375 7.82842 140 170 200
-1.82160 3.04485 8.96082 140 170 200
-2.86004 -1.99166 7.84095 140 170 200
0.84344 3.09349 2.93031 140 170 200
-3.27019 -0.65997 5.32882 140 170 200
3.50945 -0.44649 8.69413 140 170 200
3.24746 0.91050 5.92542 140 170 200
-3.44313 -0.07451 7.08125 140 170 200
2.26329 2.67671 8.23180 140 170 200
-2.93287 -1.67047 5.75478 140 170 200
0.19574 3.40567 6.43108 140 170 200
2.75221 -1.93406 5.53533 140 170 200
-1.34086 2.94541 3.33239 140 170 200
3.07258 -0.82372 2.51881 140 170 200
3.37157 0.08761 5.92677 140 170 200
1.74428 -3.07532 8.84572 140 170 200
-0.25760 3.50267 8.31010 140 170 200
0.94629 3.01668 2.16226 140 170 200
2.59496 -2.31264 7.70020 140 170 200
-1.02429 2.88057 0.40083 140 170 200
-2.90024 -1.68772 5.54601 140 170 200
-0.29169 -3.50344 8.42762 140 170 200
-3.08361 1.71542 8.66660 140 170 200
2.70261 1.99849 5.66379 140 170 200
2.97990 -1.58169 5.90323 140 170 200
-1.94954 -2.59657 3.79263 140 170 200
2.66395 -2.13705 6.69706 140 170 200
0.35377 -3.16308 2.49045 140 170 200
0.46055 -3.03327 0.52155 140 170 200
-2.92520 -1.85336 7.63844 140 170 200
3.08363 0.12007 0.77149 140 170 200
2.50986 -2.27924 6.19423 140 170 200
1.59319 -2.85856 4.21065 140 170 200
-0.44194 -3.03800 0.61048 140 170 200
2.26113 -2.17310 1.70063 140 170 200
1.24248 2.83245 1.15119 140 170 200
-0.62952 3.10275 2.20389 140 170 200
1.86305 2.82157 5.94133 140 170 200
-2.02556 -2.66691 5.38260 140 170 200
-3.03880 1.23881 4.17462 140 170 200
2.77493 2.08741 7.70289 140 170 200
-3.05743 -1.57329 6.94606 140 170 200
-1.80384 2.88285 6.34810 140 170 200
-3.34825 0.19993 5.62782 140 170 200
-0.24352 3.39945 6.46244 140 170 200
1.68048 2.69074 2.31565 140 170 200
-3.04378 0.97179 2.61889 140 170 200
0.47974 3.17718 2.96679 140 170 200
-2.83216 1.92438 6.84484 140 170 200
-2.42082 2.20903 4.16899 140 170 200
3.28815 -1.29172 8.66775 140 170 200
1.18764 2.83415 0.58135 140 170 200
-0.73749 3.16436 3.73214 140 170 200
0.81681 -3.03330 1.65303 140 170 200
-0.98343 3.31778 7.47911 140 170 200
-3.28219 0.40913 4.58675 140 170 200
0.25211 -3.35218 5.81061 140 170 200
3.35476 0.09251 5.61978 140 170 200
2.98167 -0.83467 0.94739 140 170 200
-3.34931 0.79669 7.20544 140 170 200
0.20547 -3.45650 7.52655 140 170 200
2.95719 -1.60625 5.70153 140 170 200
2.28092 -2.22978 2.81196 140 170 200
0.63374 3.36573 6.70037 140 170 200
-3.21213 -1.16071 6.50098 140 170 200
-2.97698 1.87211 8.27997 140 170 200
-3.05029 -0.62894 1.30569 140 170 200
0.64891 -3.44511 8.25788 140 170 200
-2.13325 2.76883 8.06939 140 170 200
-3.17552 0.45785 2.96172 140 170 200
-2.65966 -2.14397 6.63357 140 170 200
-0.41070 3.16101 2.65483 140 170 200
-2.49491 -1.97586 2.39315 140 170 200
2.00420 2.71927 5.99548 140 170 200
-2.22627 -2.13437 0.67388 140 170 200
1.92851 2.42998 1.11083 140 170 200
0.54396 -3.34460 6.15510 140 170 200
1.21620 3.31403 8.60488 140 170 200
-1.86507 -2.43964 0.52298 140 170 200
-2.67177 -1.49511 0.41781 140 170 200
-2.75881 1.39845 0.90711 140 170 200
-1.86505 -2.41879 0.21565 140 170 200
2.00890 -2.89627 8.41033 140 170 200
2.40090 2.25940 4.53818 140 170 200
-1.51630 -3.04315 6.42871 140 170 200
-2.75735 1.74685 4.02825 140 170 200
-1.63785 -3.16147 8.97679 140 170 200
2.32697 -2.32587 4.59060 140 170 200
-2.01545 -2.88067 8.50152 140 170 200
1.81599 2.85470 6.06476 140 170 200
-3.04471 1.77147 8.57119 140 170 200
-3.15259 -1.01228 4.72355 140 170 200
2.44335 2.50167 8.00101 140 170 200
-1.99749 -2.52926 3.29025 140 170 200
-0.77747 -3.30620 6.16372 140 170 200
0.26409 -3.35148 5.78610 140 170 200
2.40641 2.25698 4.65101 140 170 200
-0.92282 -3.18713 4.77899 140 170 200
-2.09009 2.33549 1.79642 140 170 200
0.84611 3.40421 8.22639 140 170 200
-3.25591 -0.50198 4.36279 140 170 200
-2.79807 -1.37553 1.62405 140 170 200
-3.28313 0.91450 6.53270 140 170 200
1.85084 -2.88252 6.72648 140 170 200
1.71451 2.55020 0.62795 140 170 200
-2.69189 1.77664 3.28048 140 170 200
-0.35772 3.33300 5.50112 140 170 200
3.30591 1.04667 7.52295 140 170 200
-1.70383 2.72004 3.08033 140 170 200
-0.63994 -3.14744 2.98085 140 170 200
-3.39015 -0.49878 6.80648 140 170 200
-2.75762 1.54442 2.24837 140 170 200
-3.45490 0.55377 8.14350 140 170 200
-1.31806 3.18197 7.26175 140 170 200
2.51931 2.43108 8.11889 140 170 200
-2.72938 -1.74247 3.46847 140 170 200
1.25392 -2.87815 1.75543 140 170 200
0.81485 -3.25386 5.50792 140 170 200
0.32928 3.13451 1.97923 140 170 200
-2.92608 1.28181 2.67640 140 170 200
-3.08566 -1.04828 3.88732 140 170 200
1.06615 -3.11703 4.43825 140 170 200
1.05978 3.03349 3.18707 140 170 200
2.15314 2.35828 2.84610 140 170 200
2.89202 -1.32502 2.49987 140 170 200
2.07558 2.70096 6.41141 140 170 200
3.20232 -0.21947 3.03745 140 170 200
-2.77014 -1.98546 6.44779 140 170 200
-3.42989 0.02159 6.85999 140 170 200
1.27429 3.15688 6.61745 140 170 200
2.25338 -2.70628 8.29545 140 170 200
1.65483 3.10959 8.62692 140 170 200
-2.54169 1.81589 1.58082 140 170 200
3.07876 0.95848 3.16991 140 170 200
3.41543 0.48714 7.23821 140 170 200
-0.44065 -3.41495 7.18906 140 170 200
0.80972 2.97767 0.87141 140 170 200
-2.84380 -2.08782 8.68893 140 170 200
-0.57858 -3.43007 7.81265 140 170 200
-3.50211 0.18089 8.16972 140 170 200
-1.75047 -2.62624 2.11210 140 170 200
0.18369 3.29947 4.77480 140 170 200
1.35486 -2.98258 4.24255 140 170 200
0.87931 3.11661 3.52743 140 170 200
-2.66732 -1.70719 2.32296 140 170 200
1.60433 -2.67950 1.51326 140 170 200
0.93600 -3.36321 7.93149 140 170 200
3.15130 1.05179 5.03302 140 170 200
-2.25304 2.48600 5.64479 140 170 200
1.91354 -2.54597 2.63573 140 170 200
2.08972 -2.84081 8.46604 140 170 200
-2.31165 -2.66934 8.47674 140 170 200
2.63505 2.13925 6.25192 140 170 200
-2.65679 1.82349 3.16972 140 170 200
3.07484 -0.76581 2.37327 140 170 200
2.62993 2.08101 5.59667 140 170 200
1.10252 -3.29409 7.61748 140 170 200
-3.06355 1.73924 8.73000 140 170 200
-0.10210 -3.08884 0.84516 140 170 200
3.03707 1.07859 3.29305 140 170 200
3.24253 0.21044 3.80362 140 170 200
-1.01507 3.08261 3.60547 140 170 200
2.32976 -2.47533 6.22008 140 170 200
-1.42221 -3.01251 5.17928 140 170 200
-2.67152 -2.26213 8.10492 140 170 200
3.17004 -0.04622 2.27860 140 170 200
-1.87114 2.66963 3.87621 140 170 200
1.95861 -2.68683 5.12677 140 170 200
2.67440 2.20300 7.48286 140 170 200
1.65673 3.04644 7.53687 140 170 200
-3.43759 0.47610 7.83961 140 170 200
3.21614 -0.83699 4.93385 140 170 200
-0.91505 -3.03559 2.45349 140 170 200
2.60096 2.22228 6.71902 140 170 200
3.39545 -0.98861 8.62768 140 170 200
0.31547 -3.18382 2.85104 140 170 200
-0.26478 -3.13913 2.05704 140 170 200
-2.90593 -0.97435 0.41342 140 170 200
-2.66598 2.10759 6.20889 140 170 200
2.56431 2.11861 5.16041 140 170 200
-2.27004 -2.12616 1.46836 140 170 200
2.19775 2.27334 2.06684 140 170 200
-2.86596 -1.81742 6.17268 140 170 200
-3.17809 -0.80852 4.20215 140 170 200
-2.60029 -1.80380 2.37705 140 170 200
1.56110 -2.98073 5.68756 140 170 200
-2.61566 1.63292 0.69883 140 170 200
-2.82916 1.19071 0.35344 140 170 200
2.96298 1.17269 2.62902 140 170 200
-0.75256 3.11395 2.88919 140 170 200
2.70271 1.50851 1.18530 140 170 200
1.95979 2.42299 1.28248 140 170 200
-2.81742 1.39571 1.77434 140 170 200
-2.85620 1.88405 6.70496 140 170 200
3.18708 -1.35883 7.39340 140 170 200
2.30018 2.14159 1.90235 140 170 200
2.00200 2.73028 6.12625 140 170 200
0.01727 -3.17295 2.38045 140 170 200
3.46470 0.49085 8.01071 140 170 200
-1.86419 -2.59818 2.70191 140 170 200
-0.04782 -3.12063 1.42160 140 170 200
-2.26069 -2.37689 4.22990 140 170 200
-0.73771 3.04704 1.64860 140 170 200
2.50906 1.91079 2.05670 140 170 200
3.23285 -0.11839 3.33629 140 170 200
2.14796 -2.61799 6.16018 140 170 200
-0.37802 -3.09169 1.30119 140 170 200
1.23198 2.95013 2.84033 140 170 200
-3.16473 1.46716 7.83017 140 170 200
-0.79786 -3.09292 2.74628 140 170 200
2.53173 1.87445 1.77998 140 170 200
3.20673 -0.88099 5.06070 140 170 200
2.95190 -0.85292 0.51601 140 170 200
2.02182 2.80108 7.37532 140 170 200
1.03403 2.99294 2.27800 140 170 200
-2.05023 2.35291 1.45043 140 170 200
-3.29661 1.05549 7.41073 140 170 200
-3.23445 1.26335 7.70038 140 170 200
-1.29541 -3.16694 6.79114 140 170 200
-3.11938 0.59074 2.38901 140 170 200
1.33476 3.04519 5.00266 140 170 200
-0.24465 3.52694 8.74645 140 170 200
-2.79733 1.74591 4.57105 140 170 200
-3.49405 -0.42576 8.58705 140 170 200
3.00884 -1.58062 6.29386 140 170 200
2.86442 1.97873 7.71865 140 170 200
1.05708 -2.97494 2.00139 140 170 200
-1.31210 3.26257 8.39773 140 170 200
-0.50029 -3.44199 7.78874 140 170 200
-0.17876 3.44240 7.21627 140 170 200
-2.64501 2.32763 8.51728 140 170 200
-3.23340 1.20426 7.24842 140 170 200
0.01627 -3.34324 5.43626 140 170 200
1.69475 2.91792 6.05735 140 170 200
-1.97433 2.84504 7.51743 140 170 200
-3.37500 -0.61203 6.91327 140 170 200
-1.84114 -2.80642 5.56630 140 170 200
2.97987 1.54363 5.62091 140 170 200
2.89208 1.95819 8.01295 140 170 200
-0.60126 -2.99618 0.29426 140 170 200
-2.28296 2.55213 6.64809 140 170 200
1.68967 2.88247 5.33982 140 170 200
-0.28719 3.45438 7.66333 140 170 200
-2.57372 -1.82616 2.12183 140 170 200
3.18870 -0.96353 4.98788 140 170 200
-0.35445 -3.10528 1.40148 140 170 200
0.98855 -3.24546 6.14825 140 170 200
-2.67333 -2.16803 7.03651 140 170 200
-2.32789 2.44236 5.84030 140 170 200
3.24187 -0.78459 5.24514 140 170 200
2.82207 1.58099 3.37525 140 170 200
1.21804 -3.15607 5.98011 140 170 200
-0.18218 3.50246 8.17221 140 170 200
-2.66042 -2.14125 6.67814 140 170 200
3.04205 -0.33804 0.41819 140 170 200
1.81397 -2.76940 4.84309 140 170 200
2.01872 -2.77337 6.80499 140 170 200
1.46815 -2.96999 4.80286 140 170 200
-3.21618 0.96088 5.56246 140 170 200
-2.74811 2.18604 8.27234 140 170 200
-3.46024 -0.40513 7.96062 140 170 200
-0.67797 3.02299 0.96847 140 170 200
-3.28083 0.45339 4.85911 140 170 200
2.35426 2.40800 5.83015 140 170 200
2.71354 -2.17299 7.77785 140 170 200
-0.28689 -3.17788 2.67102 140 170 200
2.89009 1.18714 1.51549 140 170 200
-1.79625 -2.82843 5.61319 140 170 200
0.17940 -3.27943 4.48204 140 170 200
2.05517 -2.43367 2.60010 140 170 200
-1.68234 3.10041 8.53115 140 170 200
-2.19392 -2.35801 3.14268 140 170 200
-0.50335 3.04341 0.72355 140 170 200
1.79319 -2.50498 0.75701 140 170 200
2.23326 -2.22878 2.08169 140 170 200
2.75886 1.43979 1.30023 140 170 200
-0.71270 3.18170 3.83466 140 170 200
2.47640 1.86691 0.96028 140 170 200
-2.68475 1.98270 5.30082 140 170 200
3.26043 0.10552 3.95702 140 170 200
0.68765 -3.28692 5.61945 140 170 200
-3.22004 1.47951 8.91197 140 170 200
-3.46141 -0.75756 8.93388 140 170 200
-0.15149 -3.26369 4.03380 140 170 200
-0.75951 -3.14823 3.58815 140 170 200
-1.34462 3.12542 6.33811 140 170 200
0.66444 -3.18153 3.59311 140 170 200
-2.18263 -2.66406 7.15924 140 170 200
0.66908 3.30093 5.65116 140 170 200
3.10239 0.57671 2.06695 140 170 200
0.12634 -3.26079 4.01445 140 170 200
1.76406 3.01074 7.87435 140 170 200
2.53161 2.16535 5.23299 140 170 200
-2.99737 1.63776 6.58002 140 170 200
3.00907 -1.61220 6.57954 140 170 200
-0.65560 -3.23272 4.60975 140 170 200
0.95271 -3.05838 2.94351 140 170 200
-0.41797 3.32663 5.60599 140 170 200
1.58690 -2.68131 1.26559 140 170 200
-2.89319 1.70171 5.61473 140 170 200
3.08064 -0.40102 1.16936 140 170 200
-3.17282 -1.48703 8.19145 140 170 200
-2.69214 -2.12188 6.86850 140 170 200
2.71107 -1.60027 1.89839 140 170 200
3.27124 -1.09932 7.21276 140 170 200
3.39989 0.37852 6.71560 140 170 200
0.37625 3.39976 6.73770 140 170 200
-2.42608 -2.11851 3.30297 140 170 200
3.31691 0.07534 4.96581 140 170 200
-1.37933 3.05332 5.51438 140 170 200
1.07483 3.06460 3.67673 140 170 200
-3.29458 -0.48954 5.29452 140 170 200
-2.60580 -1.82682 2.47497 140 170 200
1.30593 3.23965 7.96791 140 170 200
-3.43679 -0.79972 8.67486 140 170 200
-2.56343 1.94425 3.22592 140 170 200
3.22130 -0.18313 3.36687 140 170 200
2.89764 1.25614 2.22095 140 170 200
1.87995 -2.93432 7.88398 140 170 200
3.13622 -0.01023 1.73356 140 170 200
-3.34236 -0.89390 7.33209 140 170 200
-1.46765 -3.14827 7.61287 140 170 200
2.23624 2.32063 3.13046 140 170 200
-2.03944 2.77677 7.14657 140 170 200
1.36929 2.98203 4.35255 140 170 200
-2.80753 -1.62063 3.42059 140 170 200
3.26945 -1.24507 8.12172 140 170 200
3.22198 0.60610 4.35764 140 170 200
-3.07896 0.10749 0.72325 140 170 200
-0.55699 -3.32154 5.93556 140 170 200
-3.07015 1.43012 6.13678 140 170 200
-3.27344 -0.81574 5.93635 140 170 200
-3.10120 0.94395 3.52742 140 170 200
-2.78355 -1.95605 6.31294 140 170 200
2.90931 1.33740 2.90361 140 170 200
-3.14849 -0.95335 4.45298 140 170 200
-3.16017 -0.23434 2.22492 140 170 200
1.39576 3.05816 5.75208 140 170 200
-3.37895 -0.74973 7.43010 140 170 200
-3.02223 0.71255 1.12184 140 170 200
-2.55093 -1.69122 0.45680 140 170 200
-3.16310 -1.34117 7.01455 140 170 200
-2.65888 1.81704 3.19089 140 170 200
0.62727 -3.16551 3.19907 140 170 200
-2.08480 2.60373 5.33211 140 170 200
-3.25992 0.52604 4.64998 140 170 200
-2.79402 1.39258 1.34481 140 170 200
-3.42815 0.30511 7.00828 140 170 200
0.97453 -2.98761 1.85297 140 170 200
-0.86956 -3.35705 7.56029 140 170 200
3.32055 0.90253 7.04147 140 170 200
-3.13974 0.10700 1.76914 140 170 200
2.43809 2.43056 6.98939 140 170 200
-0.43933 -3.36584 6.16161 140 170 200
3.52229 -0.29516 8.85150 140 170 200
-2.49996 -2.31245 6.59690 140 170 200
-2.36834 2.22790 3.79516 140 170 200
3.01868 1.47447 5.81108 140 170 200
-1.68374 2.94892 6.16955 140 170 200
-3.37916 -0.54155 6.88392 140 170 200
2.41209 -2.24074 4.49056 140 170 200
-3.45310 -0.28254 7.57447 140 170 200
3.17828 -0.31189 2.86632 140 170 200
-2.40894 2.59234 8.69906 140 170 200
3.21066 0.00991 3.07869 140 170 200
-2.12756 -2.22676 0.55577 140 170 200
0.60957 3.10414 2.07248 140 170 200
0.13728 3.51342 8.40360 140 170 200
3.41998 0.37589 7.25888 140 170 200
-3.21352 -0.64388 4.23206 140 170 200
0.05507 3.51662 8.21862 140 170 200
3.18072 -0.11416 2.49892 140 170 200
1.62645 -2.72444 2.37958 140 170 200
-0.56096 -3.06502 1.41430 140 170 200
-1.99531 2.60966 4.25882 140 170 200
2.98819 1.44294 4.89014 140 170 200
-1.52556 -2.73185 1.56451 140 170 200
3.08650 0.43535 1.28000 140 170 200
-3.04279 1.16946 3.79679 140 170 200
3.00257 1.03371 2.37081 140 170 200
-3.10618 -1.22323 5.41493 140 170 200
-3.08726 -1.21206 4.97985 140 170 200
-3.07579 -0.59908 1.72556 140 170 200
-0.67460 -2.98163 0.32628 140 170 200
0.46361 3.35649 6.02295 140 170 200
0.16985 3.44889 7.11308 140 170 200
-2.85746 1.66183 4.66332 140 170 200
-0.97948 -3.20323 5.42506 140 170 200
2.61803 2.35984 8.68643 140 170 200
2.59170 -2.25932 7.07006 140 170 200
-0.04479 3.22246 3.28956 140 170 200
2.41330 2.50248 7.76336 140 170 200
-2.71182 -1.94367 5.19023 140 170 200
-0.53105 3.27535 4.95871 140 170 200
-2.85169 1.84099 6.42696 140 170 200
3.03958 1.22815 4.14411 140 170 200
-3.41569 0.76431 8.01661 140 170 200
-1.03959 2.96358 1.76973 140 170 200
1.57827 2.86328 4.07720 140 170 200
-2.32739 2.01795 0.81433 140 170 200
0.42833 -3.37910 6.54192 140 170 200
0.27396 -3.18647 2.71436 140 170 200
-2.09099 2.51192 4.10853 140 170 200
3.46098 -0.56521 8.06282 140 170 200
2.21770 2.24253 1.94504 140 170 200
1.86737 -2.41520 0.22134 140 170 200
3.33237 -0.44329 5.44716 140 170 200
-2.94542 -1.45351 4.21543 140 170 200
2.86038 1.13529 0.72089 140 170 200
2.81520 -1.52382 2.95049 140 170 200
-2.92882 1.22479 2.43039 140 170 200
1.50227 2.81113 2.62661 140 170 200
2.67555 -2.17341 7.25523 140 170 200
-2.87268 1.42123 3.02749 140 170 200
-3.30543 0.01273 4.67526 140 170 200
-2.88200 -1.37881 2.67096 140 170 200
2.94458 -1.95813 8.59356 140 170 200
-3.44289 -0.08113 7.12485 140 170 200
2.49895 -2.11525 4.08914 140 170 200
1.63919 2.99190 6.72576 140 170 200
-2.39248 -2.15524 3.11798 140 170 200
-3.04955 -0.49290 0.97759 140 170 200
-1.48805 2.91872 4.15346 140 170 200
0.77941 3.24911 5.33044 140 170 200
2.92516 1.37513 3.42926 140 170 200
-0.23960 3.24375 3.89636 140 170 200
-1.44087 -3.09164 6.61878 140 170 200
-0.61645 3.44153 8.13907 140 170 200
-0.47956 -3.46444 8.12784 140 170 200
2.37312 -2.36857 5.42653 140 170 200
-1.15594 -3.16729 5.89192 140 170 200
1.12679 -3.12551 5.05383 140 170 200
-2.91030 -1.44179 3.62518 140 170 200
3.23667 -1.12853 6.81995 140 170 200
0.25340 -3.10944 1.24838 140 170 200
-1.54566 3.14628 8.12662 140 170 200
-0.53165 -3.14526 2.83719 140 170 200
-1.49471 -2.79570 2.24431 140 170 200
0.02852 -3.19809 2.74810 140 170 200
-1.46472 3.14534 7.43985 140 170 200
-3.18538 -0.19200 2.70198 140 170 200
2.46154 -2.30035 5.71950 140 170 200
3.19103 -0.49074 3.37361 140 170 200
-2.15856 2.61134 6.12297 140 170 200
-3.33788 0.27951 5.56526 140 170 200
-1.72248 3.09508 8.98212 140 170 200
-0.64390 -3.15309 3.08303 140 170 200
3.13816 0.78033 3.43325 140 170 200
3.01762 -0.90117 2.06066 140 170 200
-3.13821 -1.00590 4.44863 140 170 200
-0.45409 3.43000 7.65586 140 170 200
3.07176 0.73319 2.17296 140 170 200
-3.27019 -1.31245 8.68399 140 170 200
-2.62493 -1.57869 0.32479 140 170 200
-1.16570 -3.25356 7.38532 140 170 200
-3.36081 -0.54086 6.42430 140 170 200
-3.49014 -0.34551 8.21999 140 170 200
-1.10896 3.13393 4.95729 140 170 200
1.17171 3.19380 6.33309 140 170 200
-0.01942 3.08056 0.66831 140 170 200
-2.29814 2.30517 3.83199 140 170 200
0.50368 -3.40902 7.09498 140 170 200
2.28672 2.10065 1.22799 140 170 200
-2.13414 -2.70482 7.19396 140 170 200
3.11404 0.75717 3.05947 140 170 200
3.12555 0.86746 3.46134 140 170 200
-0.49996 3.33996 6.04586 140 170 200
-1.93296 2.42234 0.93873 140 170 200
1.24415 3.13591 5.84977 140 170 200
2.65134 -2.30112 8.29015 140 170 200
-1.04561 2.92061 1.08535 140 170 200
-3.11600 0.62778 2.55742 140 170 200
3.06331 -0.11330 0.32965 140 170 200
-0.08124 3.31561 4.92418 140 170 200
-2.51643 -2.32743 6.75870 140 170 200
-0.07669 -3.51208 8.39514 140 170 200
-0.42658 3.20761 3.59707 140 170 200
2.93680 1.10935 1.59754 140 170 200
0.78706 -2.95982 0.47638 140 170 200
-0.78240 3.12693 3.20996 140 170 200
-1.42889 2.97509 4.87449 140 170 200
-3.01250 1.78814 8.18298 140 170 200
3.07307 0.76950 2.22262 140 170 200
2.05117 -2.77099 7.18455 140 170 200
2.15591 -2.49767 4.59879 140 170 200
2.40858 -2.52126 7.90690 140 170 200
1.43382 3.18200 7.86936 140 170 200
3.43801 -0.51772 7.82522 140 170 200
-1.72035 -2.76761 3.89428 140 170 200
-2.70217 -1.78595 3.40053 140 170 200
-0.54662 -3.10500 2.13907 140 170 200
0.11862 -3.16842 2.33261 140 170 200
-2.90534 1.69055 5.77786 140 170 200
-3.05377 -1.77820 8.68780 140 170 200
-2.89229 -1.71403 5.68889 140 170 200
3.25681 0.15994 3.99214 140 170 200
3.17258 0.19495 2.46057 140 170 200
-3.32753 0.61951 6.08499 140 170 200
-2.94822 -1.13464 2.17242 140 170 200
-0.82272 -2.98679 1.08194 140 170 200
0.05283 -3.09651 1.08354 140 170 200
-2.97672 -1.78019 7.76515 140 170 200
-0.69792 3.17914 3.72365 140 170 200
-2.58234 -2.40399 8.50971 140 170 200
-0.20303 3.29284 4.73833 140 170 200
1.40458 -3.10688 6.42296 140 170 200
-3.07552 1.60827 7.56789 140 170 200
2.75363 -2.13716 7.96502 140 170 200
2.17596 2.25778 1.72605 140 170 200
-0.87299 -3.03861 2.22503 140 170 200
-2.83068 1.34681 1.61028 140 170 200
2.28273 2.35201 4.28693 140 170 200
-2.92971 -1.13904 1.65577 140 170 200
0.80467 3.29273 6.07521 140 170 200
-0.85062 3.12037 3.55040 140 170 200
-3.40830 0.96191 8.70494 140 170 200
-2.28252 2.61009 7.48096 140 170 200
-2.61648 2.20035 6.70233 140 170 200
-2.71735 2.05286 6.39927 140 170 200
3.05849 0.32741 0.57552 140 170 200
-2.07772 2.28874 0.99118 140 170 200
-2.57239 2.03435 4.16740 140 170 200
-2.92913 -1.93029 8.29841 140 170 200
-3.08223 0.37133 1.08770 140 170 200
1.52876 2.88919 4.06144 140 170 200
-2.93510 -1.80912 7.29107 140 170 200
3.14355 0.70439 3.16289 140 170 200
-1.75641 3.04486 8.41974 140 170 200
-2.56445 -2.41165 8.46348 140 170 200
-2.19369 -2.16583 0.73964 140 170 200
1.42883 3.05688 5.77863 140 170 200
-1.66131 2.64751 1.56871 140 170 200
-3.16065 0.86044 4.24673 140 170 200
-2.98069 1.85428 8.15788 140 170 200
-1.21963 -2.83852 0.89406 140 170 200
-0.21675 -3.51136 8.48563 140 170 200
3.43290 0.90124 8.95456 140 170 200
-0.10084 -3.39006 6.24173 140 170 200
2.33779 -2.23702 3.49135 140 170 200
2.73946 -1.64564 2.53828 140 170 200
3.07049 1.12689 4.17232 140 170 200
2.33747 -2.09453 1.88612 140 170 200
1.58262 2.62707 0.39028 140 170 200
-1.62421 2.61912 0.79417 140 170 200
-2.49649 2.29578 6.18434 140 170 200
-0.92837 2.92038 0.39708 140 170 200
-0.88731 3.07474 2.99792 140 170 200
1.64988 2.97509 6.29386 140 170 200
-1.69904 -2.64101 1.83925 140 170 200
-2.82975 -1.56613 3.27507 140 170 200
-2.31630 -2.00416 0.49876 140 170 200
-3.09001 -0.41714 1.25950 140 170 200
0.57921 3.12537 2.30915 140 170 200
-2.66814 -1.60769 1.38836 140 170 200
-1.87355 -2.70996 4.52079 140 170 200
2.95197 0.99875 1.39549 140 170 200
3.20890 -0.24769 3.03065 140 170 200
-2.99919 -1.64355 6.69619 140 170 200
-2.18680 -2.58769 6.10102 140 170 200
-2.94334 -1.37785 3.73059 140 170 200
-1.28105 -3.27881 8.43358 140 170 200
-1.90730 -2.87768 7.23432 140 170 200
1.02112 -3.20054 5.69958 140 170 200
1.73402 2.79198 4.20850 140 170 200
1.58973 2.63953 0.76867 140 170 200
0.62139 3.21129 3.99634 140 170 200
3.23835 -0.75698 5.16265 140 170 200
-2.21104 2.77640 8.92628 140 170 200
-1.42691 3.23176 8.60256 140 170 200
0.40336 3.08518 1.25790 140 170 200
-3.52155 0.41332 8.82986 140 170 200
2.84115 -1.92260 6.95958 140 170 200
-1.55978 -3.02259 6.34145 140 170 200
1.33306 3.23327 8.20649 140 170 200
1.68083 -2.74859 3.21049 140 170 200
3.06596 -1.09284 3.87624 140 170 200
-0.80271 -3.39557 7.93526 140 170 200
-2.58943 -1.72723 1.18078 140 170 200
-1.61453 -3.01584 6.57324 140 170 200
-0.30395 -3.44068 7.42479 140 170 200
2.22235 -2.70701 8.05225 140 170 200
-1.72268 -2.66504 2.24736 140 170 200
-3.33301 -0.66789 6.31852 140 170 200
1.27774 2.82750 1.00965 140 170 200
-2.45063 2.47460 7.85221 140 170 200
2.84283 1.67147 4.60665 140 170 200
-0.45306 -3.33764 5.84610 140 170 200
3.47972 -0.16864 7.77194 140 170 200
2.72793 1.87819 4.81929 140 170 200
-3.07924 1.21478 4.84256 140 170 200
-1.01469 -3.12799 4.45565 140 170 200
3.30010 0.62785 5.64339 140 170 200
-3.16886 1.26452 6.64341 140 170 200
0.96109 -3.32550 7.38517 140 170 200
-0.82381 2.95953 0.48268 140 170 200
-1.73995 -2.73042 3.41744 140 170 200
-2.56981 -2.05459 4.17050 140 170 200
-0.95892 -2.95320 1.13149 140 170 200
0.21266 3.43450 6.93356 140 170 200
1.63065 2.89397 4.96676 140 170 200
3.03243 0.32343 0.21800 140 170 200
-3.34922 0.41564 5.90798 140 170 200
1.24809 2.97807 3.33627 140 170 200
-1.98922 -2.78207 6.72418 140 170 200
-2.99158 -0.95497 1.88481 140 170 200
1.52919 -2.63406 0.21179 140 170 200
0.99450 -2.93855 1.02009 140 170 200
-2.11236 2.51418 4.24084 140 170 200
-0.98595 3.29543 6.90297 140 170 200
2.92107 1.65819 5.67134 140 170 200
0.12231 -3.05321 0.34245 140 170 200
-3.34813 0.07986 5.56513 140 170 200
-1.70594 2.83166 4.60949 140 170 200
-0.99236 -3.30387 7.31316 140 170 200
-0.48065 3.14921 2.59058 140 170 200
-3.38592 0.47032 6.65675 140 170 200
-3.09784 1.31838 5.91194 140 170 200
-0.42774 3.34687 5.83562 140 170 200
0.82124 -3.16217 3.93142 140 170 200
-0.81005 -2.94910 0.32212 140 170 200
-3.12575 -0.38556 1.95784 140 170 200
-1.25452 -3.24247 7.71266 140 170 200
2.85574 1.79721 5.78245 140 170 200
-3.02824 1.42895 5.44810 140 170 200
-2.68581 -1.95526 4.99144 140 170 200
-2.42580 1.91068 0.92775 140 170 200
-0.71941 -3.13722 3.41484 140 170 200
-3.34099 -0.46944 5.80242 140 170 200
-2.31059 2.09235 1.38238 140 170 200
-3.02402 1.77944 8.35058 140 170 200
-0.65250 -3.03013 0.88671 140 170 200
3.11356 1.36617 6.32310 140 170 200
1.68727 -2.72821 2.99549 140 170 200
3.26687 1.23111 7.87440 140 170 200
2.33283 2.56938 7.56694 140 170 200
1.19190 -2.99878 3.28392 140 170 200
-2.31669 2.33247 4.43320 140 170 200
-3.42018 0.89133 8.66442 140 170 200
-2.34742 2.41450 5.70541 140 170 200
2.54364 1.68339 0.25729 140 170 200
-2.66679 -2.16576 7.15093 140 170 200
-1.21190 -3.00946 3.53622 140 170 200
1.17882 2.97375 2.76490 140 170 200
0.04586 -3.47501 7.61120 140 170 200
2.86254 2.07433 8.73378 140 170 200
0.47963 -3.05071 0.78722 140 170 200
-0.97865 -3.10028 3.79643 140 170 200
2.72170 -1.67689 2.80033 140 170 200
1.35844 -3.22229 8.15822 140 170 200
1.95461 -2.89582 7.90784 140 170 200
3.38053 -0.92009 8.18582 140 170 200
1.71727 -2.54978 0.60458 140 170 200
0.88516 -2.94918 0.67489 140 170 200
1.10706 3.14461 5.21579 140 170 200
0.10019 -3.14150 1.76604 140 170 200
-2.09588 -2.30935 1.26168 140 170 200
3.09998 -0.76356 2.62394 140 170 200
-0.63707 -3.34351 6.57627 140 170 200
-0.20413 3.38836 6.25365 140 170 200
1.77220 2.95944 7.21734 140 170 200
-0.60487 3.03018 0.79385 140 170 200
-3.41025 0.42776 7.05920 140 170 200
-1.89714 -2.69965 4.68434 140 170 200
0.70039 3.14192 3.10146 140 170 200
0.36240 3.34432 5.72626 140 170 200
-1.10526 3.27075 7.33817 140 170 200
1.09336 -2.90548 1.18015 140 170 200
-2.28983 2.58352 7.40359 140 170 200
2.94727 1.58144 5.37255 140 170 200
-3.23335 -0.94015 5.81061 140 170 200
3.49350 0.13064 8.00167 140 170 200
-1.57350 -3.02698 6.58084 140 170 200
1.83231 -2.80570 5.49478 140 170 200
1.61719 2.78952 3.30945 140 170 200
1.85547 -2.74506 4.85690 140 170 200
-1.49564 -3.12843 7.64877 140 170 200
2.89340 2.06224 8.96376 140 170 200
0.47551 3.40151 6.97237 140 170 200
0.48831 3.40634 7.25978 140 170 200
0.93339 3.26887 6.49122 140 170 200
-1.74535 2.97033 7.06329 140 170 200
2.65861 -1.74224 2.46751 140 170 200
0.52916 3.22808 4.09420 140 170 200
2.98953 -1.48320 5.25573 140 170 200
-3.17537 -1.02421 5.19873 140 170 200
-3.34598 -0.35954 5.61334 140 170 200
-1.63120 -3.14167 8.78300 140 170 200
1.19396 -3.27262 7.80455 140 170 200
3.34413 -0.91178 7.57555 140 170 200
3.46207 0.05851 7.59706 140 170 200
-2.77110 2.06346 7.28576 140 170 200
1.46653 3.06790 6.31808 140 170 200
1.84727 2.60225 2.58913 140 170 200
2.10430 2.78533 7.80829 140 170 200
-0.79814 -3.09056 2.80075 140 170 200
3.24180 1.07908 6.70763 140 170 200
1.61348 -2.66199 1.24632 140 170 200
0.05376 -3.33252 5.17982 140 170 200
-2.71505 1.74053 3.15370 140 170 200
-3.04181 1.53883 6.53376 140 170 200
-1.51929 -3.14426 7.80421 140 170 200
3.05167 0.20685 0.34762 140 170 200
-2.36731 2.03131 1.27722 140 170 200
1.48888 3.17106 8.38839 140 170 200
1.33957 2.88324 2.43164 140 170 200
-3.25124 -1.06974 6.75753 140 170 200
0.08828 3.45020 7.44788 140 170 200
-2.42620 2.42061 6.84031 140 170 200
-0.62423 -2.99682 0.50519 140 170 200
-2.48478 -2.35319 6.79699 140 170 200
-1.70278 3.09629 8.68476 140 170 200
3.08655 0.99437 3.60353 140 170 200
3.36664 0.56942 6.58296 140 170 200
-3.18707 0.24990 2.77075 140 170 200
-3.13651 1.68522 8.97851 140 170 200
0.90972 -3.02830 2.14824 140 170 200
2.79445 1.58289 3.03452 140 170 200
1.84546 -2.54245 1.77544 140 170 200
0.82313 3.43164 8.63226 140 170 200
-1.97380 2.69063 5.39030 140 170 200
2.02862 -2.45443 2.50205 140 170 200
1.63715 -2.66578 1.46538 140 170 200
-3.48376 -0.32721 7.96691 140 170 200
2.68958 1.51547 0.79313 140 170 200
-2.84736 -1.81900 6.01034 140 170 200
0.24809 -3.35607 5.72483 140 170 200
-0.26671 3.44090 7.10396 140 170 200
1.38730 3.10168 6.34089 140 170 200
-3.46661 0.06444 7.64802 140 170 200
-0.01344 -3.08151 0.56027 140 170 200
-3.26789 -0.10042 4.15179 140 170 200
0.20409 3.07889 0.96589 140 170 200
2.21774 -2.39411 3.92861 140 170 200
2.31807 -2.40695 5.29763 140 170 200
-1.82902 -2.81638 5.58343 140 170 200
3.14277 1.58369 8.38127 140 170 200
0.39368 3.49049 8.35640 140 170 200
-2.36018 -2.17937 3.07275 140 170 200
0.66528 -3.33876 6.48795 140 170 200
-3.36999 0.54981 6.60388 140 170 200
-1.17669 3.33101 8.64835 140 170 200
2.31887 -2.05678 0.99304 140 170 200
-2.47061 2.28145 5.78576 140 170 200
2.81599 -1.63589 3.94727 140 170 200
-3.17026 -0.65323 3.41073 140 170 200
-2.53409 -2.21378 5.78861 140 170 200
2.25821 2.25700 2.79894 140 170 200
-0.33742 3.04145 0.54094 140 170 200
3.40862 -0.54679 7.15464 140 170 200
-0.60596 -3.03814 1.02008 140 170 200
-3.19198 0.46299 3.23871 140 170 200
-3.32824 -0.45081 5.59339 140 170 200
2.87153 1.76701 5.84220 140 170 200
0.70501 -3.31713 6.20756 140 170 200
3.19643 1.53777 8.95504 140 170 200
-2.46840 2.12187 3.89487 140 170 200
-2.63663 1.65814 1.49404 140 170 200
-2.50003 -1.89149 1.49713 140 170 200
-2.85878 1.67778 4.85628 140 170 200
3.15031 -0.79384 3.73729 140 170 200
1.03921 -3.34783 8.28580 140 170 200
3.21231 -0.83930 4.86198 140 170 200
-3.26340 -0.38593 4.34325 140 170 200
-1.12211 3.29532 7.86395 140 170 200
3.42864 -0.40449 7.30932 140 170 200
2.98070 1.66863 6.61380 140 170 200
2.97860 -1.46897 5.00608 140 170 200
2.62005 1.79947 2.38949 140 170 200
1.17368 -3.14144 5.35493 140 170 200
0.58142 -3.05506 1.29127 140 170 200
-1.78766 -2.80514 5.08864 140 170 200
0.70605 -3.40366 7.77293 140 170 200
2.82141 1.74258 4.89806 140 170 200
-2.15533 2.19606 0.84863 140 170 200
-1.58872 2.62973 0.49705 140 170 200
3.45450 -0.40269 7.84852 140 170 200
-3.11798 0.54347 2.29484 140 170 200
3.16229 1.01981 4.99147 140 170 200
-0.20186 3.44566 7.14619 140 170 200
1.77212 -2.64018 2.55931 140 170 200
2.66134 -2.15568 6.81405 140 170 200
2.77542 -1.36275 0.91208 140 170 200
2.11590 2.69683 6.90877 140 170 200
-1.16961 -2.85341 0.80588 140 170 200
-2.60674 1.83610 2.77733 140 170 200
-0.29012 -3.16996 2.59106 140 170 200
1.57923 -3.12941 8.10499 140 170 200
-0.23534 3.32235 5.06797 140 170 200
-3.47408 -0.00738 7.70298 140 170 200
-1.56133 2.95845 5.48429 140 170 200
-3.32623 0.94558 7.40000 140 170 200
-0.84002 3.21988 5.21563 140 170 200
-1.75299 2.77629 4.32531 140 170 200
-0.47225 3.35215 6.13666 140 170 200
-0.95872 3.05195 2.86152 140 170 200
-3.09837 -1.65211 8.33171 140 170 200
-2.83575 -2.06802 8.24381 140 170 200
2.70930 -1.47316 0.88840 140 170 200
-2.71719 2.23122 8.31528 140 170 200
-1.73128 -2.63452 1.90421 140 170 200
3.32967 -0.73398 6.33530 140 170 200
-3.39111 0.72760 7.53570 140 170 200
0.58017 -3.13190 2.44935 140 170 200
3.05913 -0.58849 1.26184 140 170 200
0.84976 -3.32901 6.97253 140 170 200
2.86451 1.58660 4.25938 140 170 200
1.15712 3.09825 4.64921 140 170 200
-0.95696 3.30289 7.02053 140 170 200
-1.24577 -2.94023 2.56389 140 170 200
-1.47158 -2.73505 1.11697 140 170 200
2.30204 2.68344 8.65304 140 170 200
-3.23368 1.06536 6.49299 140 170 200
-2.98534 1.59705 6.08636 140 170 200
-1.18617 -2.98870 3.28214 140 170 200
-0.24405 3.54237 8.96471 140 170 200
0.24357 3.16483 2.27832 140 170 200
-2.58746 -1.79973 1.86937 140 170 200
2.79005 1.59908 3.14955 140 170 200
-1.66789 -2.98282 6.82729 140 170 200
-2.94592 1.17862 2.41126 140 170 200
-3.13091 -0.72767 3.09961 140 170 200
1.06731 -3.15035 5.02571 140 170 200
1.41760 3.06093 6.06823 140 170 200
0.77921 3.03059 1.60244 140 170 200
2.74831 -1.96840 6.10821 140 170 200
-0.18452 -3.25160 3.71277 140 170 200
-0.25662 3.20995 3.40111 140 170 200
-0.56648 -3.04527 0.94687 140 170 200
-3.40988 0.94001 8.78668 140 170 200
-2.51352 -2.28091 6.43765 140 170 200
0.71022 -3.02981 1.14225 140 170 200
3.12121 0.90160 3.58022 140 170 200
-2.37329 -1.99321 0.95666 140 170 200
-1.75740 2.82917 5.12971 140 170 200
-3.38692 -0.34484 6.49717 140 170 200
-2.01920 2.32679 0.73576 140 170 200
3.27790 -1.27287 8.35988 140 170 200
-2.65759 -1.85924 3.65146 140 170 200
1.80817 -2.60397 2.39108 140 170 200
-0.13188 3.11913 1.42234 140 170 200
-2.06334 2.35198 1.56904 140 170 200
0.80413 -3.39004 7.75871 140 170 200
0.32278 3.29131 4.59067 140 170 200
3.45933 -0.00014 7.32866 140 170 200
-1.69440 -2.67290 2.32054 140 170 200
2.56457 -1.94275 3.14647 140 170 200
2.58795 1.99481 3.99441 140 170 200
-2.82008 1.69591 4.36573 140 170 200
-1.59688 2.66485 1.12187 140 170 200
3.02294 -0.55771 0.62680 140 170 200
2.17756 2.79818 8.96656 140 170 200
-0.03920 -3.39628 6.20965 140 170 200
-2.09737 -2.25741 0.71886 140 170 200
2.04807 -2.76894 7.11088 140 170 200
3.20306 -0.46023 3.53490 140 170 200
1.19181 -3.25314 7.31160 140 170 200
-0.04772 3.52751 8.58794 140 170 200
1.54714 -2.64460 0.45244 140 170 200
-3.48477 -0.59149 8.70715 140 170 200
-1.79113 -2.57628 1.75575 140 170 200
-0.60841 3.14197 2.95950 140 170 200
1.35957 -3.08756 5.86982 140 170 200
-3.20276 1.16530 6.63173 140 170 200
1.12635 -2.93238 1.79704 140 170 200
-2.79541 1.37481 1.48778 140 170 200
-2.37269 -2.13301 2.86289 140 170 200
2.57247 1.94399 3.21526 140 170 200
2.68502 1.76291 3.14921 140 170 200
3.00723 -0.91545 1.80693 140 170 200
-0.52995 -3.49733 8.76069 140 170 200
1.61323 3.05593 7.32570 140 170 200
-2.89125 -2.03840 8.83653 140 170 200
0.60470 -3.04546 1.17808 140 170 200
-2.51234 -1.79438 0.91503 140 170 200
-3.15878 1.06053 5.08098 140 170 200
1.71669 -2.89257 5.76249 140 170 200
3.20463 1.05853 5.94065 140 170 200
-2.07679 -2.30657 1.08049 140 170 200
-3.42370 0.58628 7.70904 140 170 200
-1.96756 -2.64353 4.67660 140 170 200
-0.81405 3.13374 3.59794 140 170 200
1.73353 2.82789 4.80506 140 170 200
3.03192 -0.49597 0.58384 140 170 200
2.08198 -2.38471 2.21009 140 170 200
2.98531 -1.92248 8.98756 140 170 200
0.39329 -3.32128 5.22531 140 170 200
2.82899 1.22253 0.94326 140 170 200
-2.22364 -2.30656 2.91934 140 170 200
-2.31431 2.13476 1.93137 140 170 200
-1.77560 3.03324 8.38097 140 170 200
0.01695 3.46271 7.39388 140 170 200
1.40825 3.02516 5.17632 140 170 200
2.25722 2.70937 8.60437 140 170 200
2.34278 2.23376 3.64046 140 170 200
-0.83687 -3.39765 7.88475 140 170 200
2.98343 -1.39439 4.48092 140 170 200
-2.54109 2.37673 7.74922 140 170 200
2.75950 2.16890 8.18189 140 170 200
0.59277 3.23512 4.44065 140 170 200
-0.05954 -3.15071 1.86850 140 170 200
-1.82835 2.56609 2.00151 140 170 200
-1.67248 -2.74174 2.88277 140 170 200
0.87263 3.04814 2.28218 140 170 200
0.13835 -3.24695 3.77767 140 170 200
-1.86517 -2.75098 4.82441 140 170 200
0.53799 3.05273 1.02295 140 170 200
3.18942 -1.45280 8.25660 140 170 200
-3.01349 -0.43197 0.22355 140 170 200
0.58866 3.07150 1.50074 140 170 200
-2.79668 -1.24542 0.27962 140 170 200
-3.05558 1.79866 8.88959 140 170 200
2.83354 -1.62465 3.97695 140 170 200
-1.16137 2.94105 2.03461 140 170 200
2.35463 -2.04168 1.31809 140 170 200
-0.15501 -3.23721 3.61818 140 170 200
-1.50760 -3.19819 8.80271 140 170 200
1.34748 3.05223 5.19227 140 170 200
2.77565 1.66836 3.47270 140 170 200
2.13842 -2.44293 3.56510 140 170 200
-2.81371 -1.33575 1.30570 140 170 200
3.24265 -0.71858 4.91528 140 170 200
-3.25583 -0.33656 4.09728 140 170 200
-2.87699 -1.86108 6.74082 140 170 200
3.15533 -0.05733 1.99729 140 170 200
-0.66399 -3.05070 1.49216 140 170 200
-2.13515 2.57996 5.47695 140 170 200
1.61044 -3.02799 6.85256 140 170 200
-0.93297 3.17451 4.74446 140 170 200
-3.41476 -0.54251 7.25776 140 170 200
0.26300 3.46645 7.68617 140 170 200
3.50198 -0.11704 8.31465 140 170 200
2.97172 -1.29657 3.68781 140 170 200
2.45999 -2.49538 8.21262 140 170 200
-2.77769 1.98782 6.57263 140 170 200
-0.45297 -3.33694 5.85260 140 170 200
-0.22607 3.33175 5.23621 140 170 200
-2.35532 1.94849 0.38765 140 170 200
1.12223 -3.14603 5.29339 140 170 200
3.23352 1.19656 7.16503 140 170 200
3.36909 1.08300 8.90510 140 170 200
-1.73762 -2.77946 4.17642 140 170 200
0.54703 -3.51113 8.91898 140 170 200
-2.33639 2.09814 1.80505 140 170 200
-1.60939 -3.14279 8.65710 140 170 200
2.75080 -1.92093 5.54782 140 170 200
2.74275 1.99233 6.17587 140 170 200
1.62150 -2.92697 5.40941 140 170 200
-3.08482 -1.74009 8.85954 140 170 200
-2.70836 1.43715 0.62057 140 170 200
3.09585 1.04285 3.97527 140 170 200
-2.60157 2.32060 7.97119 140 170 200
0.85524 -3.02230 1.76793 140 170 200
-3.23179 -0.87244 5.37374 140 170 200
1.48433 2.97331 4.97284 140 170 200
0.38513 3.43339 7.40460 140 170 200
2.02239 -2.87293 8.32758 140 170 200
-2.90697 1.30360 2.61039 140 170 200
2.80741 1.92049 6.43744 140 170 200
3.29662 -0.55761 5.18281 140 170 200
-0.07364 3.38436 6.17801 140 170 200
0.90964 -3.02521 2.07497 140 170 200
3.19137 0.25727 2.73586 140 170 200
-0.13623 3.33334 5.20208 140 170 200
-1.58668 2.60306 0.22821 140 170 200
2.16596 -2.63753 6.63570 140 170 200
-0.04034 -3.12895 1.71730 140 170 200
-1.25444 3.28717 8.43545 140 170 200
0.81325 -3.38905 7.84909 140 170 200
1.24145 -3.13208 5.83901 140 170 200
-3.49611 -0.26456 8.10197 140 170 200
-3.53953 -0.17556 8.89558 140 170 200
-3.42993 -0.20547 7.13157 140 170 200
1.67634 2.93452 5.86678 140 170 200
1.25897 -3.02696 4.32000 140 170 200
-0.76424 -3.37966 7.45565 140 170 200
1.99556 -2.76911 6.53333 140 170 200
1.32164 -3.01898 4.52586 140 170 200
0.73188 -3.23252 4.76646 140 170 200
0.60175 -3.11443 2.33719 140 170 200
3.24082 -1.17942 7.24608 140 170 200
-2.74643 -2.14173 7.99723 140 170 200
1.43479 -2.69198 0.35720 140 170 200
0.99034 -2.96277 1.25426 140 170 200
-0.45008 3.52116 8.92804 140 170 200
-2.88643 -1.26477 1.86948 140 170 200
-0.43752 -3.41018 6.80549 140 170 200
2.62554 1.99636 4.59817 140 170 200
-3.25853 -0.63394 4.95351 140 170 200
3.09959 0.05532 1.22262 140 170 200
0.19015 3.11668 1.49690 140 170 200
-3.33448 0.28625 5.44619 140 170 200
-1.13656 3.04069 3.68266 140 170 200
0.45716 -3.42974 7.32030 140 170 200
-2.30117 -2.69103 8.77013 140 170 200
-0.38126 3.44548 7.44508 140 170 200
3.23764 0.34875 3.93525 140 170 200
-0.09774 3.29950 4.60983 140 170 200
-3.11309 -0.37489 1.67159 140 170 200
0.26218 -3.40511 6.45846 140 170 200
-2.61532 -1.98603 4.30261 140 170 200
3.27052 1.19648 7.82229 140 170 200
-3.31534 0.70788 6.08521 140 170 200
3.03882 -0.79012 1.80001 140 170 200
2.69132 -1.85270 3.97986 140 170 200
-0.16235 -3.39509 6.29883 140 170 200
-0.73404 3.40271 7.82688 140 170 200
3.19972 0.44856 3.44241 140 170 200
-3.26605 0.91853 6.23521 140 170 200
-2.21272 2.22838 1.82826 140 170 200
-1.57141 -3.12511 8.21602 140 170 200
3.02616 1.43771 5.42213 140 170 200
3.05220 -1.59455 7.07735 140 170 200
-0.28872 -3.24108 3.85438 140 170 200
3.45982 -0.63753 8.51194 140 170 200
2.26666 -2.56082 6.66669 140 170 200
-2.84377 1.33320 1.64311 140 170 200
-1.74493 -2.84734 5.20486 140 170 200
1.80891 -2.63921 2.72757 140 170 200
0.99167 3.32545 7.62172 140 170 200
3.44334 0.20860 7.19732 140 170 200
-1.17023 3.09204 4.71858 140 170 200
-2.96120 1.22755 3.00183 140 170 200
-2.46866 -2.45538 7.78303 140 170 200
-0.29280 3.46313 7.76495 140 170 200
-3.09153 1.17797 4.81257 140 170 200
-2.02945 -2.74511 6.64274 140 170 200
1.44200 -2.85560 2.85289 140 170 200
0.46690 3.19918 3.42466 140 170 200
1.08373 -3.34228 8.54126 140 170 200
3.17401 -1.27516 6.80435 140 170 200
-2.60998 1.66643 0.88190 140 170 200
-3.11440 -1.05511 4.39436 140 170 200
3.25345 0.20436 3.84415 140 170 200
-0.78544 -3.07588 2.35590 140 170 200
2.46068 -2.55481 8.95864 140 170 200
3.09363 0.39056 1.47795 140 170 200
1.78354 -2.67225 3.11334 140 170 200
2.06794 2.80981 7.74942 140 170 200
1.70532 -2.61042 1.44514 140 170 200
-3.14351 -0.84734 3.66874 140 170 200
-2.31187 2.45695 5.93240 140 170 200
3.00834 -1.16356 3.31727 140 170 200
-2.48390 -2.11762 3.96075 140 170 200
3.23563 0.80170 5.20457 140 170 200
0.35361 -3.50547 8.61203 140 170 200
1.43797 3.17935 7.93491 140 170 200
2.74903 -1.43845 1.25607 140 170 200
1.67669 2.89525 5.37241 140 170 200
-3.37597 0.26232 6.09634 140 170 200
-3.19265 -0.45598 3.21670 140 170 200
-2.93473 -1.24334 2.65931 140 170 200
-3.28823 -0.69810 5.61759 140 170 200
-3.03212 1.22158 4.01541 140 170 200
-0.81140 -3.41106 8.21848 140 170 200
1.75977 2.60911 1.73474 140 170 200
0.71342 -2.99058 0.58962 140 170 200
3.40424 0.81617 8.17350 140 170 200
1.91909 -2.93778 8.14398 140 170 200
-0.00352 -3.27024 4.03132 140 170 200
0.96875 -3.30347 6.95271 140 170 200
-1.00792 3.31860 7.72542 140 170 200
1.86643 -2.57886 2.57446 140 170 200
-1.22285 -3.15543 6.10633 140 170 200
3.34971 -0.67087 6.81202 140 170 200
3.21289 0.40611 3.50218 140 170 200
0.88732 -3.40938 8.55675 140 170 200
-2.51879 -2.46563 8.73129 140 170 200
3.29118 -0.22705 4.65007 140 170 200
-2.90149 1.08512 0.91841 140 170 200
-0.65148 3.45580 8.33333 140 170 200
2.41460 -2.27474 4.96788 140 170 200
-1.42879 2.77418 1.50614 140 170 200
-1.00189 -3.27781 6.76839 140 170 200
-1.66835 2.95297 6.38671 140 170 200
2.94758 -1.04611 1.51535 140 170 200
-3.14334 -0.52016 2.75665 140 170 200
-1.48375 3.16390 7.87911 140 170 200
1.55538 -3.17902 8.75051 140 170 200
3.00528 1.24425 3.92953 140 170 200
2.59415 1.73354 1.46660 140 170 200
1.67740 -2.76778 3.45267 140 170 200
-1.47028 2.95809 4.83379 140 170 200
1.42849 2.87261 2.98804 140 170 200
-2.87456 -1.75296 5.73488 140 170 200
-0.08753 3.04270 0.27598 140 170 200
3.45614 -0.27893 7.48003 140 170 200
1.49206 -3.13995 7.71609 140 170 200
2.64874 -2.21445 7.20291 140 170 200
1.60881 -2.77634 3.01534 140 170 200
2.53954 -2.21461 5.91692 140 170 200
-1.69900 2.75387 3.57178 140 170 200
-1.50532 -2.88288 3.78668 140 170 200
2.84498 -1.88207 6.57328 140 170 200
-1.36369 -3.20367 7.70643 140 170 200
3.46861 -0.06201 7.60190 140 170 200
2.10084 -2.36689 2.35737 140 170 200
3.05433 1.45931 6.13711 140 170 200
-3.18343 -0.03331 2.68575 140 170 200
-0.53922 3.33127 5.88268 140 170 200
2.29569 -2.29409 3.58911 140 170 200
3.18966 -1.32713 7.25729 140 170 200
-3.21549 -1.43043 8.48645 140 170 200
2.98842 1.14299 2.89363 140 170 200
-1.98971 2.86232 7.91763 140 170 200
1.28986 3.17453 6.83567 140 170 200
-3.28334 -0.61081 5.34306 140 170 200
3.31482 -0.31672 4.98467 140 170 200
-1.77864 2.67972 3.15877 140 170 200
-0.31741 -3.14155 2.10188 140 170 200
1.50703 -2.69877 0.98837 140 170 200
1.64609 -2.98649 6.60193 140 170 200
1.86600 2.55233 2.27808 140 170 200
0.26022 3.29175 4.72623 140 170 200
0.58621 3.45843 8.09153 140 170 200
-0.99418 3.24765 6.24884 140 170 200
3.00378 0.90976 1.78795 140 170 200
-3.31688 -0.83788 6.78881 140 170 200
-0.18057 -3.16511 2.20760 140 170 200
-0.23378 3.43407 7.17312 140 170 200
-1.96788 -2.37359 0.93537 140 170 200
-3.00065 -0.88377 1.53258 140 170 200
2.85415 2.05100 8.45958 140 170 200
0.20484 3.18505 2.80581 140 170 200
0.16712 3.12051 1.61590 140 170 200
-3.15819 0.22503 2.20851 140 170 200
-2.24888 -2.33094 3.53460 140 170 200
-1.10036 3.28964 7.65750 140 170 200
2.18613 2.24529 1.63294 140 170 200
-0.36794 3.03214 0.34999 140 170 200
3.36822 0.86903 7.88612 140 170 200
-0.02685 -3.20138 2.98147 140 170 200
-0.96803 -2.93597 0.92742 140 170 200
-1.46353 -2.68854 0.46395 140 170 200
-2.58717 -2.36248 8.17301 140 170 200
-0.98202 3.17827 4.96881 140 170 200
2.51433 2.23028 5.72828 140 170 200
-2.74682 -1.96984 5.77530 140 170 200
-0.36296 -3.30199 4.96077 140 170 200
1.28336 -3.19186 7.08314 140 170 200
-0.51415 -3.46144 8.22735 140 170 200
-1.83353 -2.83628 5.99158 140 170 200
1.56603 -3.10262 7.70967 140 170 200
0.22612 -3.05062 0.29126 140 170 200
3.10101 -1.11860 4.59249 140 170 200
3.36066 0.12776 5.67226 140 170 200
1.90880 2.51483 2.08295 140 170 200
-2.75430 -1.50859 1.70486 140 170 200
-2.54286 1.82177 1.48161 140 170 200
-1.72432 2.69811 2.84652 140 170 200
-0.08922 -3.46962 7.53814 140 170 200
-2.99388 -0.68180 0.46229 140 170 200
-3.31636 -0.55708 5.65824 140 170 200
2.93788 0.95121 0.84496 140 170 200
-3.25885 0.80849 5.57843 140 170 200
-2.48424 -2.00365 2.54946 140 170 200
-0.58898 3.07869 1.67773 140 170 200
0.22799 3.28812 4.46563 140 170 200
-3.01028 -0.99093 2.35729 140 170 200
2.77013 -1.71052 3.68784 140 170 200
2.51405 2.25527 5.92233 140 170 200
-1.27700 3.27860 8.47625 140 170 200
3.14515 1.20290 5.79130 140 170 200
-1.51067 2.94728 4.82848 140 170 200
-1.13377 -3.13932 5.26447 140 170 200
-1.37867 2.99442 4.52097 140 170 200
-2.68323 1.98833 5.31506 140 170 200
3.06605 -1.31547 5.37945 140 170 200
-1.89867 2.71670 4.69740 140 170 200
-3.34553 -0.84896 7.24408 140 170 200
2.97683 -1.31881 3.79963 140 170 200
-3.10348 -0.16615 1.22376 140 170 200
1.62765 2.96749 6.00819 140 170 200
2.14980 2.70363 7.30912 140 170 200
2.77269 -2.04403 7.17388 140 170 200
2.39542 -2.09491 2.54929 140 170 200
-0.02189 3.38814 6.04218 140 170 200
-2.53858 -2.48206 8.98839 140 170 200
1.55527 2.68842 1.18654 140 170 200
0.38500 3.29620 4.96589 140 170 200
2.81880 -1.53441 3.03303 140 170 200
-2.81914 2.00081 7.26784 140 170 200
0.82882 3.10768 3.20784 140 170 200
-3.38799 -0.51747 6.78105 140 170 200
1.86114 -2.52790 1.70639 140 170 200
1.53712 -2.67720 0.83381 140 170 200
-1.63029 -2.64240 1.18226 140 170 200
1.23453 -2.93092 2.62403 140 170 200
0.64295 -3.42280 7.75642 140 170 200
3.04129 -0.70690 1.61416 140 170 200
-1.71152 -2.54725 0.51694 140 170 200
-2.84333 -2.00903 7.78953 140 170 200
2.69589 -1.81568 3.65777 140 170 200
-2.15967 2.55952 5.54017 140 170 200
-3.08720 0.13810 0.99230 140 170 200
2.22219 -2.71613 8.23725 140 170 200
3.28195 -0.43627 4.80545 140 170 200
-2.71781 1.46605 1.04672 140 170 200
-2.85235 -1.80498 5.92900 140 170 200
1.70238 -2.76936 3.57408 140 170 200
-3.21583 -0.38069 3.46541 140 170 200
-2.68883 1.83881 3.95575 140 170 200
3.04425 1.31430 4.83753 140 170 200
0.79663 3.27791 5.80397 140 170 200
-1.52736 2.72012 1.57689 140 170 200
-2.79766 1.98876 6.95734 140 170 200
0.50345 -3.02959 0.45745 140 170 200
1.69717 2.94577 6.48911 140 170 200
2.82630 1.38225 1.91783 140 170 200
-2.79516 -1.71960 4.29799 140 170 200
3.33360 0.16987 5.30417 140 170 200
3.07425 -1.42629 6.04523 140 170 200
-0.13070 3.45514 7.26622 140 170 200
1.66368 -2.86846 4.90846 140 170 200
-2.53613 2.39572 8.01188 140 170 200
3.53531 -0.02553 8.63086 140 170 200
-3.54260 -0.02827 8.80353 140 170 200
3.13094 -0.74414 3.16099 140 170 200
-3.01211 0.59662 0.50529 140 170 200
-0.76145 -3.33270 6.63001 140 170 200
2.92824 1.23750 2.54733 140 170 200
-3.23391 1.16502 7.06996 140 170 200
-0.39758 3.02673 0.24759 140 170 200
0.92054 -3.30959 7.15045 140 170 200
-3.02214 -0.62458 0.86386 140 170 200
-2.22417 -2.68883 8.00533 140 170 200
-0.08121 3.38394 6.07933 140 170 200
2.32434 2.09722 1.71856 140 170 200
-1.40103 -3.00493 4.83490 140 170 200
-3.09759 1.17557 4.81199 140 170 200
-3.02885 1.73949 8.00257 140 170 200
3.24283 -0.74758 5.04936 140 170 200
2.45774 2.25795 5.20752 140 170 200
-1.99011 -2.52725 3.15598 140 170 200
3.17939 1.26462 6.73814 140 170 200
-1.22217 -2.82027 0.67698 140 170 200
-3.28653 -1.29271 8.73749 140 170 200
-0.48722 -3.33450 5.69097 140 170 200
0.01798 -3.47647 7.72454 140 170 200
2.32695 2.54262 7.18264 140 170 200
-0.48919 3.12740 2.23842 140 170 200
-0.04821 3.20406 2.88512 140 170 200
-2.48618 -2.00536 2.78495 140 170 200
-0.16629 3.16305 2.30605 140 170 200
-3.04804 -0.30514 0.35098 140 170 200
-3.23492 1.23096 7.56843 140 170 200
-2.85861 -1.70645 5.09758 140 170 200
-1.99246 2.69370 5.56137 140 170 200
2.93565 -1.49696 4.69415 140 170 200
3.04114 -0.67960 1.37135 140 170 200
-1.93761 2.63620 4.20334 140 170 200
2.74526 -1.64085 2.92691 140 170 200
0.93819 -3.38481 8.10994 140 170 200
0.50998 3.37266 6.50587 140 170 200
-2.89826 -1.20711 1.72683 140 170 200
-2.44947 2.37005 6.51208 140 170 200
1.04686 -3.15856 5.18965 140 170 200
2.43100 -1.91237 0.97217 140 170 200
-2.21705 -2.14610 0.85828 140 170 200
-2.13331 -2.27553 1.58645 140 170 200
-0.62333 -3.41329 7.42958 140 170 200
-3.46795 0.10742 7.59312 140 170 200
-3.30189 0.61571 5.70832 140 170 200
-2.82100 -1.18314 0.34854 140 170 200
1.33683 -2.91850 3.13935 140 170 200
-1.95547 -2.60214 3.89059 140 170 200
1.98226 2.52206 2.84224 140 170 200
2.12689 2.58442 5.47416 140 170 200
-2.66281 1.55457 0.78911 140 170 200
-1.65504 -2.57534 0.38978 140 170 200
-2.59766 2.11868 5.53246 140 170 200
-2.34715 2.15620 2.66236 140 170 200
2.70230 -2.08393 6.38018 140 170 200
2.32764 -2.53479 7.15357 140 170 200
-3.32070 0.51180 5.73317 140 170 200
-0.70230 -3.47745 8.91551 140 170 200
-3.22188 1.00015 6.00774 140 170 200
-2.74887 -2.08121 7.11223 140 170 200
-0.51819 3.33805 5.99102 140 170 200
-3.45862 0.05357 7.38762 140 170 200
-2.03512 -2.54153 3.79835 140 170 200
-3.05818 1.17146 4.18765 140 170 200
0.19043 -3.22519 3.30155 140 170 200
-0.36395 3.33079 5.43350 140 170 200
3.23831 0.26257 3.65570 140 170 200
3.03576 -1.81468 8.90106 140 170 200
-2.15766 2.57395 5.66346 140 170 200
-0.04237 3.22567 3.30646 140 170 200
-3.28468 0.49789 4.83755 140 170 200
0.01361 3.43944 7.17921 140 170 200
-0.36314 -3.43639 7.39351 140 170 200
-1.18164 3.16941 5.95699 140 170 200
3.04242 -0.15898 0.22245 140 170 200
-0.57174 3.43790 7.91600 140 170 200
-2.27305 2.68268 8.25727 140 170 200
-3.39062 -0.83390 7.94098 140 170 200
3.39724 0.07116 6.24883 140 170 200
3.06720 0.07975 0.45720 140 170 200
0.35900 3.50932 8.59603 140 170 200
2.68938 1.51536 0.84175 140 170 200
0.19813 -3.12798 1.60465 140 170 200
2.33371 -2.42896 5.87837 140 170 200
-2.82090 1.71056 4.42985 140 170 200
-3.41299 -0.35550 6.96072 140 170 200
-2.56703 -2.19926 5.92297 140 170 200
2.52784 1.71516 0.23974 140 170 200
-3.31663 0.63664 6.00657 140 170 200
3.37294 -0.88018 7.82909 140 170 200
0.91052 3.36005 7.77854 140 170 200
2.69934 1.57492 1.67887 140 170 200
-0.61701 3.17258 3.41131 140 170 200
-2.96792 -0.92173 1.32662 140 170 200
2.32762 -2.52626 6.93272 140 170 200
-2.06331 2.66672 5.87524 140 170 200
-1.85498 2.73662 4.62943 140 170 200
-1.76890 2.67215 2.98221 140 170 200
1.86170 -2.89645 7.23380 140 170 200
-3.38245 0.66048 7.27022 140 170 200
-1.62217 2.89115 4.68841 140 170 200
1.38747 2.80758 1.37100 140 170 200
2.32612 2.34376 4.46109 140 170 200
3.44764 -0.56524 8.14437 140 170 200
-3.33208 0.28492 5.50004 140 170 200
3.08164 1.50257 6.95446 140 170 200
2.66969 -1.78113 2.93569 140 170 200
3.10689 -0.92211 3.37296 140 170 200
0.25089 3.10712 1.30354 140 170 200
-1.30313 2.95664 3.37028 140 170 200
3.03967 -0.77052 1.79162 140 170 200
3.31110 0.32898 5.10755 140 170 200
-1.46590 2.90793 3.82699 140 170 200
-3.14724 1.47851 7.64139 140 170 200
0.41494 -3.22136 3.72827 140 170 200
-2.13364 2.33740 2.18492 140 170 200
-1.63305 2.63099 0.99604 140 170 200
-0.41100 -3.15757 2.55320 140 170 200
1.98906 -2.76297 6.47337 140 170 200
2.80974 1.86507 5.86372 140 170 200
2.10645 2.62830 5.80962 140 170 200
-1.86867 -2.93519 7.82904 140 170 200
-1.25408 2.93124 2.55515 140 170 200
-1.61947 -2.87842 4.50912 140 170 200
1.44440 2.78864 1.77809 140 170 200
1.05411 -2.98528 2.24430 140 170 200
-1.40917 2.92666 3.62231 140 170 200
-1.73973 2.93522 6.55598 140 170 200
1.50297 3.13598 7.62423 140 170 200
0.77220 3.11824 3.04942 140 170 200
-2.65740 -1.89009 3.86214 140 170 200
-3.05518 -1.71996 8.07368 140 170 200
1.55590 -3.08223 7.17531 140 170 200
-2.32463 -2.48422 6.41335 140 170 200
-2.93808 1.43143 3.94554 140 170 200
1.06202 -3.04396 3.35494 140 170 200
3.39948 0.35568 6.69512 140 170 200
-0.92594 -2.96293 1.08112 140 170 200
-3.21652 -0.89490 5.14616 140 170 200
0.55996 3.02762 0.77607 140 170 200
-2.18893 -2.56265 5.83883 140 170 200
3.33166 -0.27997 5.36367 140 170 200
-1.75626 2.53230 0.76634 140 170 200
-2.10356 -2.49468 4.05930 140 170 200
-2.92875 1.17293 2.00198 140 170 200
-2.69049 2.15722 7.32652 140 170 200
-1.23552 3.29085 8.28623 140 170 200
0.42496 3.19433 3.11651 140 170 200
0.27700 3.05008 0.47861 140 170 200
0.53060 -3.45527 8.15746 140 170 200
-1.55479 3.10981 7.71494 140 170 200
-3.39226 -0.63774 7.31560 140 170 200
0.73539 3.15135 3.49230 140 170 200
0.72272 3.00766 0.95360 140 170 200
-3.01781 -1.83836 8.79436 140 170 200
-2.87632 -1.64693 4.70811 140 170 200
-3.23221 -0.10693 3.49450 140 170 200
-1.20541 -3.23210 7.14987 140 170 200
-2.20868 -2.57049 6.24578 140 170 200
0.94772 2.92308 0.59713 140 170 200
3.32026 1.20706 8.65862 140 170 200
-0.41156 3.31250 5.25628 140 170 200
-2.85965 1.31838 1.96339 140 170 200
0.79164 2.95186 0.35198 140 170 200
-3.31301 0.36784 5.22313 140 170 200
3.26386 0.76646 5.58605 140 170 200
-3.07307 0.44476 1.14023 140 170 200
-1.98935 2.68408 5.15882 140 170 200
3.16945 -0.83278 4.16410 140 170 200
2.34480 -2.29524 4.21635 140 170 200
3.37805 -1.07142 8.79700 140 170 200
-1.73654 -2.69238 2.94706 140 170 200
3.43274 -0.61126 8.04562 140 170 200
1.19850 3.00052 3.38574 140 170 200
-3.08486 -0.63666 1.88247 140 170 200
-0.13457 -3.13844 1.63014 140 170 200
-3.49579 0.38936 8.51278 140 170 200
0.69284 2.98881 0.42100 140 170 200
-1.79984 -2.60663 2.24757 140 170 200
3.17435 -0.58057 3.34948 140 170 200
-3.34564 -0.49119 6.12674 140 170 200
0.03850 3.24380 3.66637 140 170 200
2.96513 0.77161 0.39385 140 170 200
2.63749 2.02303 4.91471 140 170 200
0.59276 -3.43147 8.04841 140 170 200
-3.48444 0.32367 8.06498 140 170 200
0.91004 3.42437 8.93137 140 170 200
2.05852 -2.48584 3.36676 140 170 200
-2.86952 1.21879 1.35349 140 170 200
0.87802 -2.96991 0.85752 140 170 200
1.30885 -3.22891 7.90335 140 170 200
-0.68686 -3.36103 6.90523 140 170 200
3.31476 -0.57693 5.87576 140 170 200
2.63948 -1.99736 4.73787 140 170 200
2.31621 2.32900 4.39108 140 170 200
-1.84137 2.75572 4.71289 140 170 200
3.10960 -0.91938 3.55907 140 170 200
-1.84253 -2.73216 4.54388 140 170 200
-2.96490 1.09417 2.16667 140 170 200
2.01730 -2.37339 1.30973 140 170 200
-2.03484 -2.42508 2.17526 140 170 200
-2.42614 2.56501 8.76236 140 170 200
-0.47185 3.51338 8.92381 140 170 200
2.03680 -2.76294 6.93311 140 170 200
1.98476 -2.85190 7.65361 140 170 200
2.71099 -1.52818 1.17682 140 170 200
0.66945 -3.03579 1.35927 140 170 200
1.23708 2.84737 1.07479 140 170 200
-2.35875 1.98962 0.79827 140 170 200
-1.61513 3.02375 6.89796 140 170 200
-0.15257 3.08061 0.73414 140 170 200
0.97742 -3.38607 8.58185 140 170 200
2.39282 2.38203 6.10327 140 170 200
-3.09732 0.40696 1.80400 140 170 200
2.29726 -2.58474 7.48936 140 170 200
0.83984 -3.36103 7.54088 140 170 200
-0.36411 3.32212 5.32432 140 170 200
3.02477 0.68704 1.05924 140 170 200
-2.79280 1.67837 3.88924 140 170 200
-2.76874 -1.84387 5.19119 140 170 200
2.09614 -2.71112 6.86790 140 170 200
-3.15589 -0.56652 2.97071 140 170 200
-0.34710 3.48196 7.95313 140 170 200
-1.15858 -2.96738 2.53635 140 170 200
-2.88617 2.05133 8.98573 140 170 200
1.41606 -2.76897 1.28461 140 170 200
3.43643 0.51610 7.61800 140 170 200
-2.72539 1.52043 1.44445 140 170 200
-3.02628 1.61066 6.99953 140 170 200
-2.97479 -1.82407 7.86301 140 170 200
-2.02866 2.49626 3.10090 140 170 200
-2.53552 1.78975 1.15636 140 170 200
-0.33608 -3.52997 8.99949 140 170 200
1.68110 3.11716 8.76246 140 170 200
0.25013 3.41692 6.97852 140 170 200
2.59605 1.94629 3.76217 140 170 200
-0.15023 3.11457 1.46498 140 170 200
-3.26798 -0.11073 4.04275 140 170 200
1.27233 3.16454 6.66922 140 170 200
2.80021 1.39539 1.63177 140 170 200
3.05657 -0.06979 0.35982 140 170 200
-3.36885 0.97401 8.20989 140 170 200
1.66997 -2.96888 6.49572 140 170 200
-0.23985 -3.39490 6.44329 140 170 200
1.78434 3.03637 8.56666 140 170 200
-3.31531 -0.25627 4.94752 140 170 200
-2.93242 -1.33201 3.14740 140 170 200
1.92128 2.93839 8.25445 140 170 200
2.70016 2.28852 8.88405 140 170 200
-0.25391 3.04793 0.39460 140 170 200
-0.22814 3.21823 3.26102 140 170 200
-0.55828 3.18869 3.54644 140 170 200
-0.04792 3.10460 1.24905 140 170 200
-3.03293 -0.91878 2.26968 140 170 200
-0.84163 2.93852 0.43274 140 170 200
0.46164 -3.37349 6.46524 140 170 200
2.94473 1.00575 1.20815 140 170 200
-2.52721 -2.41866 8.07386 140 170 200
0.47029 -3.31262 5.49899 140 170 200
-2.99015 1.24585 3.49013 140 170 200
-1.45865 3.13423 7.41675 140 170 200
-1.10925 3.20123 6.07363 140 170 200
-1.61332 3.03350 6.94575 140 170 200
2.58407 2.34726 7.99214 140 170 200
-3.01694 -1.68523 7.40653 140 170 200
-2.45677 -2.41014 7.16666 140 170 200
-2.64238 2.19487 6.74878 140 170 200
3.11268 -0.88614 3.68195 140 170 200
2.86623 -1.78293 6.08433 140 170 200
-0.99185 3.19724 5.33979 140 170 200
-0.39146 -3.51567 8.70001 140 170 200
2.46597 2.21054 4.77453 140 170 200
0.15497 -3.15398 2.27257 140 170 200
-0.29450 -3.27780 4.39416 140 170 200
-2.02541 2.55668 4.01290 140 170 200
-2.49679 2.14741 4.48953 140 170 200
-2.87346 -1.72533 5.47306 140 170 200
-0.66595 3.46487 8.57321 140 170 200
-2.86729 -1.40995 2.81286 140 170 200
2.69520 -2.29825 8.74659 140 170 200
-3.24493 1.17199 7.16990 140 170 200
0.89177 3.01343 1.91455 140 170 200
-2.98554 -1.13983 2.80700 140 170 200
-2.00847 -2.87102 8.25401 140 170 200
-3.41016 -0.56176 7.35325 140 170 200
3.09531 0.46295 1.54788 140 170 200
-1.62329 -2.92141 5.50436 140 170 200
3.10120 0.73206 2.77611 140 170 200
-2.92594 1.67079 5.89429 140 170 200
-2.70461 1.61335 1.82766 140 170 200
1.84246 -2.66023 3.45209 140 170 200
2.12072 -2.47760 3.77948 140 170 200
0.52139 -3.28632 5.09643 140 170 200
1.34595 -2.87298 2.43244 140 170 200
0.66469 3.34740 6.73219 140 170 200
-0.72668 -3.37881 7.42000 140 170 200
-0.01518 -3.37540 5.98231 140 170 200
0.61288 -3.43836 8.20277 140 170 200
0.95719 -3.31149 7.26226 140 170 200
1.59157 2.62462 0.61769 140 170 200
-0.13465 3.09267 1.00068 140 170 200
0.71177 -3.31245 6.15362 140 170 200
2.05597 2.73288 6.68177 140 170 200
2.51016 2.47760 8.73736 140 170 200
3.01442 -0.43842 0.23204 140 170 200
3.11532 -0.63923 2.41039 140 170 200
-1.79861 2.96704 7.60825 140 170 200
3.49835 0.18907 8.10608 140 170 200
-2.64098 1.96360 4.45353 140 170 200
3.25874 0.53449 4.62366 140 170 200
2.16242 2.73162 7.79072 140 170 200
0.53221 3.24328 4.41425 140 170 200
1.83242 -2.91895 7.23640 140 170 200
-2.49562 2.48621 8.57937 140 170 200
3.18387 0.16461 2.63779 140 170 200
-2.08635 -2.42353 2.75182 140 170 200
3.17842 1.51104 8.49583 140 170 200
2.57820 -2.02319 4.09801 140 170 200
0.08953 3.06592 0.34904 140 170 200
0.25441 3.29651 4.78852 140 170 200
-2.69160 2.03300 5.78179 140 170 200
2.48209 1.98715 2.48174 140 170 200
3.38675 0.49587 6.72875 140 170 200
2.72456 -1.62595 2.37394 140 170 200
2.04284 -2.35841 1.32703 140 170 200
2.75376 -1.59788 2.52388 140 170 200
-1.47874 -2.97762 5.06332 140 170 200
3.46860 0.28438 7.80907 140 170 200
3.27108 -0.55632 5.02359 140 170 200
-0.89065 -3.36021 7.75236 140 170 200
-2.66252 1.56937 0.80735 140 170 200
-0.35713 -3.23104 3.63714 140 170 200
-2.98732 -1.33925 4.19501 140 170 200
-1.63058 -3.04164 7.35675 140 170 200
1.51254 -3.01029 5.72911 140 170 200
3.17707 -1.34689 7.21595 140 170 200
0.92990 -3.08082 3.33269 140 170 200
2.80405 -2.15023 8.45720 140 170 200
-3.15558 -1.42488 7.45659 140 170 200
-1.85622 2.98961 8.30430 140 170 200
-1.54218 -2.79230 2.64637 140 170 200
-2.86009 -1.05468 0.26281 140 170 200
3.15965 1.16480 5.77104 140 170 200
-2.93058 -1.51371 4.70169 140 170 200
-2.99159 1.70854 7.16487 140 170 200
-2.11387 2.26321 1.12069 140 170 200
-0.53618 -3.31257 5.59808 140 170 200
2.36954 -2.08613 2.06143 140 170 200
1.08192 3.13686 4.89431 140 170 200
0.87049 -3.00359 1.68725 140 170 200
1.69675 3.06785 8.27896 140 170 200
-2.78268 -1.44984 1.91812 140 170 200
1.93828 -2.73205 5.42136 140 170 200
2.53497 -1.70328 0.25333 140 170 200
-1.12289 2.91910 1.66972 140 170 200
1.39081 -3.01039 4.76019 140 170 200
2.22507 -2.12157 0.58847 140 170 200
1.55320 2.94580 5.14067 140 170 200
-2.35608 2.08443 1.92745 140 170 200
0.56107 -3.37098 6.72165 140 170 200
3.46942 0.32177 7.91336 140 170 200
-2.42199 -2.44540 6.99226 140 170 200
-2.65226 1.57660 0.80013 140 170 200
-3.28242 -0.36267 4.73466 140 170 200
-2.71505 1.52911 1.24795 140 170 200
1.09791 3.07311 3.96290 140 170 200
-2.01229 2.82698 7.67363 140 170 200
1.98020 -2.36174 0.58992 140 170 200
-2.43622 -2.04034 2.54515 140 170 200
-3.42904 0.49324 7.56504 140 170 200
-0.88940 -3.13864 3.93502 140 170 200
1.28472 2.90498 2.39589 140 170 200
3.04916 1.76400 8.58500 140 170 200
-2.97765 -0.93861 1.66345 140 170 200
3.44150 0.24915 7.24613 140 170 200
1.87378 2.51919 1.86987 140 170 200
-0.72563 -3.45563 8.69712 140 170 200
2.80758 -1.99653 7.22501 140 170 200
-0.70118 3.11264 2.77073 140 170 200
-2.62093 2.38111 8.86589 140 170 200
-1.30531 -2.82077 1.27914 140 170 200
1.17647 -3.27504 7.84095 140 170 200
-0.21879 3.40523 6.49059 140 170 200
1.44498 -2.78517 1.83112 140 170 200
3.28229 -0.56894 5.17199 140 170 200
2.60127 1.60440 0.31343 140 170 200
0.53614 3.29393 5.40510 140 170 200
-0.49940 -3.30712 5.48366 140 170 200
3.17694 0.74593 3.95816 140 170 200
-0.73550 3.38813 7.54679 140 170 200
1.96634 -2.91201 8.43112 140 170 200
-1.38482 -3.02412 5.06194 140 170 200
-2.15332 -2.62657 6.27328 140 170 200
-2.38709 -2.02582 1.57106 140 170 200
-3.55219 -0.04258 8.98425 140 170 200
0.36635 -3.47009 7.82635 140 170 200
2.33710 -2.64122 8.58160 140 170 200
0.97037 -3.29860 7.15772 140 170 200
-3.19947 0.34930 3.19131 140 170 200
0.56343 -3.11071 2.27112 140 170 200
0.11154 -3.31730 4.86305 140 170 200
-2.98219 0.85092 0.98039 140 170 200
-1.68167 2.88015 5.21937 140 170 200
-2.74534 1.73897 3.61326 140 170 200
-3.42355 0.14620 6.73300 140 170 200
2.03452 2.69039 5.85902 140 170 200
0.62628 3.12098 2.49786 140 170 200
2.75029 2.04725 6.77977 140 170 200
2.88174 1.40713 3.08509 140 170 200
-2.91214 -1.28459 2.51685 140 170 200
-1.04848 -3.09879 4.04715 140 170 200
-2.36359 -2.04744 1.68291 140 170 200
-0.46723 -3.19669 3.21094 140 170 200
-2.65761 1.76972 2.61926 140 170 200
0.93222 -2.92213 0.40619 140 170 200
-0.04673 -3.21034 2.99201 140 170 200
-0.79760 -3.18994 4.47493 140 170 200
0.34763 -3.44614 7.59169 140 170 200
0.36587 3.12427 1.89174 140 170 200
-2.92354 -1.36317 3.23137 140 170 200
0.47883 -3.03097 0.47880 140 170 200
2.51996 1.80361 0.90994 140 170 200
0.05952 3.23483 3.48996 140 170 200
-3.30214 0.19042 4.76590 140 170 200
-2.94425 1.76165 6.90561 140 170 200
2.94634 -1.76080 7.03207 140 170 200
0.01421 -3.51726 8.29189 140 170 200
3.39090 0.88953 8.24121 140 170 200
-3.03219 0.67165 1.15779 140 170 200
0.24550 -3.10440 1.25626 140 170 200
-1.60974 -2.88545 4.73848 140 170 200
-3.26171 -0.78634 5.54625 140 170 200
2.88817 1.71283 5.61916 140 170 200
2.84832 -1.68122 4.64560 140 170 200
-3.04925 1.80079 8.84601 140 170 200
2.02017 2.60895 4.84577 140 170 200
3.03240 1.77785 8.46883 140 170 200
0.76713 -3.45283 8.90375 140 170 200
-2.49921 -2.14125 4.27259 140 170 200
-0.03367 3.12841 1.45845 140 170 200
-3.14186 -0.66159 3.21892 140 170 200
3.05194 -1.06708 3.51191 140 170 200
-3.48753 0.15094 8.08011 140 170 200
-2.73136 2.24130 8.68582 140 170 200
-1.11470 2.93084 1.79200 140 170 200
1.26293 2.78669 0.39086 140 170 200
2.92842 -1.84943 7.59946 140 170 200
1.57808 2.94449 5.27866 140 170 200
3.22438 1.15207 6.93071 140 170 200
2.02026 2.52909 3.26944 140 170 200
1.29311 2.86367 1.68825 140 170 200
-2.85169 1.45702 2.66269 140 170 200
2.59607 -1.65576 0.65945 140 170 200
2.15853 2.44277 3.75554 140 170 200
1.88657 2.46951 1.13635 140 170 200
-3.03487 1.26076 4.44794 140 170 200
2.84134 -1.96313 7.33553 140 170 200
2.76080 -1.36040 0.65148 140 170 200
3.34137 -1.06641 8.14896 140 170 200
2.17709 2.22912 1.36004 140 170 200
-0.93448 -3.25772 6.11927 140 170 200
-1.90883 -2.53813 2.44343 140 170 200
3.41161 0.66133 7.71836 140 170 200
-1.42976 -2.69214 0.29889 140 170 200
-1.06994 -3.09237 4.07235 140 170 200
-1.95346 -2.93997 8.68771 140 170 200
0.66381 3.03225 1.26472 140 170 200
-1.69880 2.98436 7.01049 140 170 200
-3.22863 -1.13405 6.72205 140 170 200
2.07791 2.46161 3.15730 140 170 200
1.67155 2.58887 0.77261 140 170 200
-1.10038 -3.29817 7.61912 140 170 200
1.77475 3.03168 8.21655 140 170 200
3.09984 0.32621 1.40370 140 170 200
1.38142 3.19779 7.74226 140 170 200
3.08505 1.58477 7.62068 140 170 200
-0.67075 3.27313 5.43879 140 170 200
0.22335 -3.43595 7.20367 140 170 200
0.68956 -2.98844 0.57483 140 170 200
2.97871 1.43273 4.73300 140 170 200
-3.20446 -1.51494 8.72884 140 170 200
2.92800 1.80819 7.13346 140 170 200
1.22837 2.94388 2.69511 140 170 200
0.71914 -3.29365 5.84045 140 170 200
3.10761 -0.55226 2.18735 140 170 200
-0.42910 3.13943 2.27479 140 170 200
0.52788 -3.10956 1.97334 140 170 200
-1.72662 2.64479 1.97896 140 170 200
0.71437 -3.23779 4.75983 140 170 200
-2.90677 -1.37375 3.07271 140 170 200
-3.29926 -0.98842 7.15651 140 170 200
1.26321 -3.26368 8.12776 140 170 200
-1.09673 -3.11804 4.65732 140 170 200
3.09849 -0.57594 1.99168 140 170 200
-2.30752 2.69593 8.98366 140 170 200
2.94900 -0.85583 0.64622 140 170 200
1.56431 -2.94815 5.20024 140 170 200
-3.16547 0.12861 2.25204 140 170 200
-3.51708 -0.01801 8.48814 140 170 200
2.63497 -1.86541 3.20928 140 170 200
-3.01173 -1.84415 8.65577 140 170 200
-1.85019 3.00654 8.77751 140 170 200
3.40956 0.90690 8.53150 140 170 200
-1.05817 3.28262 7.28097 140 170 200
0.69800 3.35370 6.84606 140 170 200
2.43006 2.55634 8.61251 140 170 200
-1.48257 -2.80534 2.28874 140 170 200
-2.74339 2.10878 7.42512 140 170 200
2.58018 1.74324 1.26972 140 170 200
-1.50306 2.86124 3.54199 140 170 200
2.06804 2.51314 3.89886 140 170 200
-2.88856 -2.06020 8.96175 140 170 200
-2.88222 1.42521 3.17396 140 170 200
3.05464 -1.33997 5.24480 140 170 200
-2.62056 -2.13327 5.92603 140 170 200
0.32297 -3.37755 6.30680 140 170 200
-1.58439 2.67691 1.33226 140 170 200
0.09397 -3.33803 5.28293 140 170 200
-0.32128 -3.34997 5.93744 140 170 200
3.50407 -0.20073 8.20401 140 170 200
-1.86990 -2.99493 8.64963 140 170 200
2.74455 -1.59640 2.39295 140 170 200
2.11755 -2.34439 2.16848 140 170 200
2.96914 -1.66328 6.35686 140 170 200
-2.96043 -1.46572 4.67412 140 170 200
0.55895 3.38908 6.86551 140 170 200
-2.98675 -1.76705 7.74840 140 170 200
2.69340 -1.44406 0.30162 140 170 200
3.44331 -0.58940 7.99997 140 170 200
3.01106 -1.05917 2.67035 140 170 200
-3.30283 1.28158 8.74876 140 170 200
1.09394 -3.07914 4.15163 140 170 200
-3.46481 0.24946 7.78148 140 170 200
-1.12939 -2.94544 2.07114 140 170 200
-3.01075 1.38139 4.98730 140 170 200
-1.00402 2.92822 0.79859 140 170 200
-3.20351 1.22350 6.79166 140 170 200
-1.23541 3.30203 8.52440 140 170 200
-3.08262 1.61538 7.70302 140 170 200
-1.49423 -3.05910 6.32771 140 170 200
0.94731 2.96285 1.32092 140 170 200
-1.57336 -3.17196 8.86875 140 170 200
2.89274 1.44246 3.38064 140 170 200
3.37232 0.03375 5.92021 140 170 200
0.33916 3.17155 2.73934 140 170 200
1.02211 3.31204 7.57126 140 170 200
1.62194 -2.81656 3.68952 140 170 200
0.12368 -3.25670 3.79885 140 170 200
-1.52765 -2.63532 0.24300 140 170 200
-0.90814 -3.22026 5.42383 140 170 200
-1.65454 -2.71858 2.53646 140 170 200
1.62036 -3.10971 8.35780 140 170 200
-3.37203 -0.72920 7.20005 140 170 200
3.50547 0.39019 8.60673 140 170 200
2.12291 -2.45996 3.79105 140 170 200
-3.32841 0.62575 6.16884 140 170 200
2.96109 -1.42932 4.34180 140 170 200
2.74819 -2.18747 8.25362 140 170 200
-2.59905 1.90484 3.20328 140 170 200
2.95074 -1.31954 3.24127 140 170 200
3.02996 1.16857 3.57766 140 170 200
-1.73306 -2.82133 4.74687 140 170 200
-1.45795 -3.17519 8.07486 140 170 200
1.69856 -2.67166 2.13998 140 170 200
-3.32595 0.60323 6.07955 140 170 200
0.19047 3.20934 3.03788 140 170 200
2.96421 0.84463 0.98205 140 170 200
-3.45173 0.71955 8.61988 140 170 200
-3.29474 0.99607 7.22272 140 170 200
-2.18542 2.76731 8.60634 140 170 200
-2.12849 -2.45823 3.88507 140 170 200
-3.36877 -0.67297 6.97935 140 170 200
2.53229 2.24824 6.07780 140 170 200
3.21239 1.00198 5.80177 140 170 200
2.37380 -1.94697 0.58216 140 170 200
-0.15193 -3.08592 0.87860 140 170 200
-3.06968 0.72279 2.02805 140 170 200
-3.43734 0.08541 6.91701 140 170 200
2.59688 2.27368 7.32821 140 170 200
-0.28699 3.37255 6.04410 140 170 200
1.42768 -2.81180 1.99854 140 170 200
2.40988 2.45082 7.15401 140 170 200
2.46674 1.89600 1.26969 140 170 200
-3.26904 -1.25025 8.12701 140 170 200
1.74634 -2.73981 3.74655 140 170 200
-2.48711 2.36153 6.72562 140 170 200
-1.91499 -2.49700 1.78990 140 170 200
2.62355 -1.85260 3.11354 140 170 200
2.56717 -2.08986 4.72476 140 170 200
-3.24412 0.66388 4.73422 140 170 200
-0.87657 2.97647 1.11758 140 170 200
-2.98044 -1.48068 5.18920 140 170 200
2.74221 -1.41467 0.91079 140 170 200
-1.48017 -3.19034 8.37238 140 170 200
3.14379 -0.90967 4.07571 140 170 200
-2.88038 -1.56381 4.22946 140 170 200
3.32441 0.44595 5.43779 140 170 200
-3.27121 1.11025 7.18733 140 170 200
2.54063 -1.76717 0.85761 140 170 200
3.33997 0.71940 6.52068 140 170 200
-2.58736 -2.36903 8.26378 140 170 200
-2.35609 2.27092 4.23080 140 170 200
-2.51232 1.73916 0.32625 140 170 200
-2.89804 -1.31017 2.50579 140 170 200
-2.99001 1.85625 8.51604 140 170 200
2.72777 -1.49647 1.31229 140 170 200
-1.01007 2.87957 0.32979 140 170 200
0.20537 -3.51764 8.47289 140 170 200
2.92527 1.91050 7.86882 140 170 200
-1.64196 2.86429 4.41716 140 170 200
1.67081 2.55661 0.25127 140 170 200
0.63137 3.29007 5.49697 140 170 200
-3.18308 -1.36548 7.48265 140 170 200
-1.75338 2.68622 2.85758 140 170 200
3.00219 0.94953 1.81984 140 170 200
2.29088 -2.65167 8.21522 140 170 200
-1.55705 -3.07468 7.07148 140 170 200
3.15511 -0.91202 4.30901 140 170 200
1.09151 -3.32745 8.21831 140 170 200
-3.13092 -1.22537 5.70792 140 170 200
-3.42350 0.87042 8.54046 140 170 200
2.93561 -1.02347 1.17320 140 170 200
-2.90854 1.50548 4.20592 140 170 200
-3.26782 -0.94714 6.31809 140 170 200
-1.64054 2.82497 3.95235 140 170 200
-0.61827 3.17245 3.43297 140 170 200
1.92188 -2.80685 6.45693 140 170 200
0.06300 3.35560 5.68687 140 170 200
1.97083 2.50964 2.82638 140 170 200
-0.45090 -3.24699 4.27315 140 170 200
1.84817 -2.86592 6.55456 140 170 200
3.03600 -1.48205 5.86921 140 170 200
-1.63876 -2.85289 4.35254 140 170 200
-1.84780 2.59854 2.62094 140 170 200
-3.09504 -0.20798 1.28070 140 170 200
1.35515 3.20139 7.67853 140 170 200
0.81546 3.35972 7.51287 140 170 200
2.67897 -2.04423 5.75205 140 170 200
1.94883 -2.72399 5.38886 140 170 200
-0.56549 3.07151 1.48270 140 170 200
-2.40194 2.24370 4.29688 140 170 200
3.19625 -0.84657 4.62439 140 170 200
-2.56149 2.06580 4.42683 140 170 200
-1.48589 2.80872 2.45760 140 170 200
0.94947 2.96113 1.36656 140 170 200
-2.94073 1.92760 8.43621 140 170 200
-2.18205 2.51871 5.25905 140 170 200
-0.33173 -3.46467 7.86576 140 170 200
-1.94063 2.78014 6.25672 140 170 200
-3.33782 0.89483 7.51292 140 170 200
-1.37399 2.85629 2.21835 140 170 200
-1.31224 2.81731 1.20020 140 170 200
-0.02598 3.37144 5.75687 140 170 200
-3.33774 0.03957 5.19761 140 170 200
-2.80063 1.33894 1.11059 140 170 200
3.15045 1.19211 5.73475 140 170 200
2.85268 -1.33031 1.90480 140 170 200
-1.81154 2.53344 1.21983 140 170 200
0.16783 -3.53660 8.87919 140 170 200
2.78251 -1.84210 5.25330 140 170 200
3.21382 0.23051 3.25308 140 170 200
2.22415 2.17757 1.12507 140 170 200
1.28011 3.26602 8.31519 140 170 200
2.65947 -2.32068 8.52814 140 170 200
-3.04919 -0.89976 2.59359 140 170 200
-1.22452 3.04005 4.19344 140 170 200
3.25130 0.92507 6.02994 140 170 200
3.02756 0.68666 1.24842 140 170 200
-2.93796 -1.55589 5.09001 140 170 200
-0.91982 -3.03214 2.24274 140 170 200
-2.38371 2.08642 2.30369 140 170 200
-0.78520 3.26247 5.66414 140 170 200
1.11955 -3.01682 3.07506 140 170 200
2.21357 -2.49361 5.20661 140 170 200
-2.37295 2.13255 2.64189 140 170 200
-0.03757 -3.30856 4.65799 140 170 200
2.40491 -2.57869 8.44272 140 170 200
-2.40665 2.24386 4.63289 140 170 200
1.76041 2.80256 4.77832 140 170 200
-2.23331 2.42610 4.70404 140 170 200
3.23260 1.33208 7.81464 140 170 200
3.31506 0.75349 6.33987 140 170 200
1.39258 -2.73754 0.49053 140 170 200
1.87148 -2.48391 1.31175 140 170 200
-2.01216 -2.67374 5.44602 140 170 200
2.13894 -2.69699 7.00609 140 170 200
2.86263 -1.22882 1.30259 140 170 200
-1.29066 -3.05801 4.79038 140 170 200
2.86856 -1.77931 6.00390 140 170 200
2.85135 -1.57730 3.88944 140 170 200
-0.52160 3.36696 6.44023 140 170 200
3.07475 -1.00029 3.36854 140 170 200
3.35497 -0.34173 5.83596 140 170 200
-0.63811 3.37295 7.05349 140 170 200
-2.45364 -2.53044 8.63779 140 170 200
0.62914 3.32063 5.97263 140 170 200
-2.53421 1.99767 3.44960 140 170 200
-2.42799 -2.39943 6.67672 140 170 200
3.36288 0.80598 7.37956 140 170 200
-1.97675 -2.59576 4.01271 140 170 200
-3.22890 0.28390 3.54766 140 170 200
2.23092 2.19678 1.63260 140 170 200
-1.35533 -3.11009 6.29877 140 170 200
3.06620 -1.15930 4.28085 140 170 200
3.12714 0.04423 1.45053 140 170 200
-3.08955 1.27389 5.30312 140 170 200
2.48972 2.52569 8.91708 140 170 200
0.82137 2.96630 0.68651 140 170 200
-3.30805 0.17461 4.90270 140 170 200
-0.90258 3.39945 8.47297 140 170 200
-2.08332 -2.83600 8.66543 140 170 200
-0.28422 3.21386 3.36078 140 170 200
0.51526 -3.09579 1.80995 140 170 200
1.32843 2.99067 4.06646 140 170 200
2.68404 -1.76923 3.15183 140 170 200
-2.67536 1.93995 4.61320 140 170 200
3.15398 1.14580 5.60254 140 170 200
2.78764 2.01788 7.07443 140 170 200
-3.30345 -0.69384 5.93199 140 170 200
2.96977 -1.85774 8.11045 140 170 200
-3.41505 -0.33023 6.79894 140 170 200
-3.15277 1.02050 4.93011 140 170 200
0.44579 -3.09067 1.32362 140 170 200
0.50173 3.41666 7.37371 140 170 200
-1.51829 -3.05741 6.61638 140 170 200
0.63851 3.16024 3.31079 140 170 200
1.79323 -2.62681 2.36446 140 170 200
2.48472 -2.29444 6.13772 140 170 200
1.05742 2.91281 0.99583 140 170 200
2.13188 2.69807 7.23534 140 170 200
-0.52925 -3.13000 2.31821 140 170 200
-1.92304 -2.74890 5.58102 140 170 200
-2.31568 -2.22034 3.01653 140 170 200
-3.28891 -0.19421 4.56657 140 170 200
2.38045 2.50514 7.34725 140 170 200
-0.60988 -3.14108 2.86675 140 170 200
1.60189 2.60769 0.51457 140 170 200
-2.97649 -0.82110 0.93211 140 170 200
-1.76498 2.54121 0.90425 140 170 200
-1.61326 2.86382 4.40583 140 170 200
1.52731 -2.68705 0.98740 140 170 200
-3.14305 0.88717 3.99499 140 170 200
-3.40623 0.14007 6.47731 140 170 200
2.77912 -2.12256 8.00926 140 170 200
-2.95790 -1.13786 2.26837 140 170 200
1.10826 -3.31805 7.98249 140 170 200
2.30530 -2.68654 8.82045 140 170 200
-1.13804 -3.17242 5.85931 140 170 200
2.11878 2.69740 6.81183 140 170 200
2.41424 2.24602 4.61759 140 170 200
-2.82821 1.24027 0.90810 140 170 200
3.24932 1.36240 8.67189 140 170 200
-1.10705 3.35563 8.55014 140 170 200
0.83338 3.12094 3.18938 140 170 200
3.06073 0.75821 2.03248 140 170 200
-2.48913 1.82930 0.81970 140 170 200
0.01914 3.31181 4.74709 140 170 200
2.81885 2.10119 8.38147 140 170 200
-0.38008 -3.05458 0.58807 140 170 200
2.86429 -1.75328 5.73751 140 170 200
-2.51946 -2.38867 7.64010 140 170 200
2.92439 -1.39136 3.70168 140 170 200
1.68365 2.90748 5.74114 140 170 200
0.37121 -3.25209 4.27175 140 170 200
-2.58264 1.67086 0.81964 140 170 200
-3.30205 0.21754 4.80570 140 170 200
-1.58984 -2.66085 1.04125 140 170 200
0.71066 -3.32194 6.36769 140 170 200
2.98654 1.17851 3.07567 140 170 200
-2.63550 2.23149 7.36318 140 170 200
0.31515 -3.33843 5.52517 140 170 200
-3.43220 -0.76606 8.46642 140 170 200
-1.86359 2.86874 6.81679 140 170 200
3.31394 0.86267 6.70689 140 170 200
3.20278 0.14828 3.02618 140 170 200
-2.91813 1.48450 4.25487 140 170 200
-3.41517 0.35334 6.88260 140 170 200
0.44440 3.38086 6.68347 140 170 200
1.04614 -3.24568 6.42964 140 170 200
-0.50616 -3.00687 0.27594 140 170 200
1.15871 2.83187 0.36465 140 170 200
1.17032 2.85042 0.83886 140 170 200
2.02612 -2.30260 0.49987 140 170 200
3.00569 -1.67357 7.11350 140 170 200
3.31219 -0.32244 5.17676 140 170 200
-1.28560 -3.04350 4.80982 140 170 200
2.78988 -1.33597 1.00908 140 170 200
2.05165 2.76872 7.12819 140 170 200
1.73280 2.57433 1.07665 140 170 200
3.05699 0.81644 2.27217 140 170 200
-3.36032 -0.82968 7.50084 140 170 200
0.61092 3.34796 6.43249 140 170 200
-2.81447 -1.29882 1.07467 140 170 200
3.08610 0.14907 0.89902 140 170 200
-3.20652 -0.58996 3.94021 140 170 200
2.57328 -2.15862 5.66684 140 170 200
-0.47933 -3.14292 2.50029 140 170 200
-2.23992 2.47703 5.50977 140 170 200
2.94357 1.34567 3.51948 140 170 200
0.10275 3.35569 5.53881 140 170 200
-3.42623 -0.07230 6.71235 140 170 200
-0.16109 3.47848 7.70324 140 170 200
0.52076 -3.11134 2.03338 140 170 200
2.83696 -1.22407 1.00477 140 170 200
1.39097 2.78233 1.31570 140 170 200
3.13247 0.10982 1.75241 140 170 200
2.77562 1.61973 3.20461 140 170 200
0.99790 -2.89351 0.47223 140 170 200
3.27208 1.14810 7.61497 140 170 200
-0.08059 -3.47124 7.75318 140 170 200
-2.83008 1.91791 6.60747 140 170 200
-2.89677 1.45166 3.49299 140 170 200
-0.41107 -3.38587 6.55323 140 170 200
-1.42623 3.02941 5.41734 140 170 200
1.25801 -3.14897 6.17389 140 170 200
2.56555 1.72853 1.03055 140 170 200
-0.68486 -3.43261 7.96609 140 170 200
2.65575 -1.83720 3.42335 140 170 200
1.63363 2.73297 2.70541 140 170 200
-3.06389 -1.10000 3.80028 140 170 200
-2.01430 -2.46558 2.50495 140 170 200
2.38206 2.62647 8.95237 140 170 200
-3.26341 -0.90953 6.03526 140 170 200
-0.05053 3.50206 8.14674 140 170 200
0.07920 -3.52218 8.59832 140 170 200
-3.04570 -1.38724 5.47516 140 170 200
-2.92524 1.84182 7.34626 140 170 200
-0.16447 -3.50225 8.22035 140 170 200
-0.35740 -3.11573 1.60942 140 170 200
0.78566 3.09840 2.70409 140 170 200
3.21017 0.52124 3.89706 140 170 200
0.03619 3.36911 5.83461 140 170 200
2.54145 -2.31004 7.07530 140 170 200
-2.58170 1.95524 3.38969 140 170 200
1.04233 3.31107 7.69989 140 170 200
-2.30054 2.48520 6.10547 140 170 200
-2.40647 2.17175 3.63260 140 170 200
-3.24836 0.96434 6.33171 140 170 200
-3.30444 1.07299 7.77800 140 170 200
-0.95986 3.07925 3.30875 140 170 200
-0.99595 3.09937 3.76596 140 170 200
1.04762 -3.24131 6.42595 140 170 200
-1.69806 -2.79178 4.14772 140 170 200
-1.35038 -2.84167 1.86570 140 170 200
1.27286 3.24563 7.79516 140 170 200
3.15558 -0.16149 2.08570 140 170 200
2.71623 1.65108 2.49649 140 170 200
-1.43489 -3.17947 7.90916 140 170 200
-0.13978 -3.37736 5.99899 140 170 200
-0.35352 3.26306 4.16278 140 170 200
2.88364 1.51736 3.71944 140 170 200
-0.24910 -3.14092 1.91700 140 170 200
-2.82855 -1.23595 0.84279 140 170 200
3.42601 -0.75163 8.25461 140 170 200
-0.42961 -3.04430 0.62420 140 170 200
2.78805 -1.31876 0.78403 140 170 200
-2.27984 -2.56302 6.93825 140 170 200
-3.50982 0.04387 8.12411 140 170 200
3.20502 -1.15992 6.57867 140 170 200
1.33507 -2.89138 2.45705 140 170 200
3.10522 0.69519 2.71852 140 170 200
-3.06077 -1.75983 8.68334 140 170 200
2.01212 2.74821 6.49653 140 170 200
3.28650 -1.11404 7.57508 140 170 200
-1.47330 -2.93137 4.29400 140 170 200
-3.29148 1.03871 7.14395 140 170 200
3.42792 -0.88310 8.84258 140 170 200
-1.66884 2.76793 3.49559 140 170 200
-3.01802 1.10488 3.16993 140 170 200
-2.47362 1.81960 0.60751 140 170 200
2.31800 2.52712 6.81020 140 170 200
1.87219 2.57301 2.44431 140 170 200
-2.67278 -1.72001 2.56579 140 170 200
3.05407 1.42612 5.91370 140 170 200
3.10538 -1.43555 6.82601 140 170 200
-1.52876 2.88110 3.94889 140 170 200
-1.52186 3.18391 8.54440 140 170 200
2.00452 2.41318 1.71819 140 170 200
-1.97094 2.67889 5.00577 140 170 200
-1.21835 -3.14332 5.78683 140 170 200
3.24432 -0.89136 5.78765 140 170 200
1.19314 3.16279 6.12725 140 170 200
1.48190 3.02960 5.92979 140 170 200
2.21934 2.64915 7.27194 140 170 200
-3.09770 -1.55373 7.45999 140 170 200
2.62669 2.37305 8.81525 140 170 200
2.99967 1.85442 8.50448 140 170 200
-0.12652 -3.31769 4.94099 140 170 200
0.91358 -3.28424 6.54649 140 170 200
-1.28358 2.98863 3.90431 140 170 200
-2.95561 -1.66042 6.07331 140 170 200
-0.14624 -3.05004 0.27086 140 170 200
3.08842 0.98112 3.59288 140 170 200
-2.32584 -2.62818 8.29695 140 170 200
-0.76732 3.31543 6.28191 140 170 200
-2.57812 1.65625 0.36399 140 170 200
-2.05437 2.60672 4.96526 140 170 200
-0.64110 -3.18027 3.57735 140 170 200
-3.39962 0.67565 7.41529 140 170 200
0.19681 -3.10702 1.28246 140 170 200
-1.33508 3.08505 5.67248 140 170 200
-3.28931 -0.87271 6.59909 140 170 200
2.80484 -1.85530 5.59774 140 170 200
-2.95148 1.21002 2.75260 140 170 200
-3.05500 -1.58826 7.28522 140 170 200
-1.64945 -3.02301 7.28860 140 170 200
2.75638 -1.69360 3.53329 140 170 200
-2.09471 -2.41043 2.68156 140 170 200
-2.58380 -2.20378 6.18693 140 170 200
1.62570 -2.80793 3.59468 140 170 200
3.23583 -0.16626 3.39271 140 170 200
2.64279 -1.94726 4.33107 140 170 200
2.32627 2.32273 4.39758 140 170 200
-1.54294 -3.09758 7.59089 140 170 200
-1.67054 3.10416 8.61301 140 170 200
-2.92418 1.74258 6.61093 140 170 200
-1.88900 -2.44620 1.03401 140 170 200
1.97832 2.55417 3.32501 140 170 200
-1.10749 -2.94087 1.97647 140 170 200
-0.91297 3.25639 6.18231 140 170 200
1.41143 -3.03733 5.62182 140 170 200
-2.45461 2.55870 8.85608 140 170 200
3.13060 1.01637 4.30518 140 170 200
-2.52684 -1.80646 1.19491 140 170 200
-0.00465 -3.36286 5.62324 140 170 200
-2.40478 -2.16629 3.58727 140 170 200
0.56674 -3.09956 1.86835 140 170 200
1.08108 -3.05530 3.62335 140 170 200
3.06815 0.83435 2.42165 140 170 200
3.15454 0.03662 2.04599 140 170 200
0.52903 3.24893 4.62324 140 170 200
0.54687 3.41261 7.42626 140 170 200
-3.22731 -1.34747 8.05755 140 170 200
0.41621 3.15112 2.62435 140 170 200
-2.17012 2.46628 4.31186 140 170 200
-3.32313 0.99586 7.70171 140 170 200
-2.85906 -2.10001 8.90716 140 170 200
3.47203 -0.07104 7.76049 140 170 200
-1.24682 -3.06478 4.71395 140 170 200
-0.34603 3.47601 7.92826 140 170 200
-2.01821 2.74872 6.55223 140 170 200
2.99412 0.84253 1.27017 140 170 200
-2.71435 1.50281 0.99483 140 170 200
-2.97910 -1.86805 8.47665 140 170 200
3.33626 -1.09718 8.37898 140 170 200
-0.37035 3.27093 4.39976 140 170 200
0.13842 3.38846 6.16940 140 170 200
3.19065 0.34685 3.02762 140 170 200
-3.03476 -1.53819 6.50799 140 170 200
3.28627 -0.08529 4.29200 140 170 200
-2.22502 2.33706 3.42171 140 170 200
-3.29078 0.04451 4.24224 140 170 200
3.06403 1.17404 4.37545 140 170 200
-3.17268 -1.51950 8.53030 140 170 200
0.86836 3.38833 8.05182 140 170 200
3.14130 0.30607 2.02024 140 170 200
-1.28902 -2.92041 2.78922 140 170 200
1.92726 2.57496 2.97805 140 170 200
2.46083 1.81524 0.30996 140 170 200
0.45435 3.29215 5.03291 140 170 200
2.14437 2.51193 4.61424 140 170 200
-2.23753 -2.17827 1.37321 140 170 200
-0.38031 3.53308 8.91963 140 170 200
-1.63758 -3.02319 7.01568 140 170 200
-3.01100 -0.89474 1.91617 140 170 200
-2.06317 2.70751 6.54150 140 170 200
1.12037 3.02090 3.35121 140 170 200
-1.57335 -2.98225 5.92089 140 170 200
-3.25616 -0.50378 4.50690 140 170 200
-0.56922 -3.07301 1.50616 140 170 200
-3.29268 -0.12679 4.41482 140 170 200
1.13170 -3.33501 8.68639 140 170 200
-3.26469 -1.05489 6.90450 140 170 200
1.30776 -3.11055 5.86664 140 170 200
-3.29491 -1.06416 7.70742 140 170 200
3.37192 -0.82651 7.58269 140 170 200
2.12043 -2.79873 8.07791 140 170 200
-0.08051 3.11115 1.22645 140 170 200
-0.42724 -3.09140 1.41862 140 170 200
2.33277 2.54707 7.33273 140 170 200
3.00951 -1.88102 8.96182 140 170 200
-1.89143 2.76273 5.31224 140 170 200
-3.49616 0.49920 8.70710 140 170 200
3.36730 0.43764 6.17766 140 170 200
2.08688 -2.28983 1.00616 140 170 200
3.33737 -1.13061 8.39333 140 170 200
-3.42030 0.64129 7.67026 140 170 200
1.26583 3.07811 5.08009 140 170 200
-1.18614 -3.21788 6.86870 140 170 200
-0.94016 3.09332 3.44902 140 170 200
3.26567 -0.83835 5.77340 140 170 200
-1.22318 3.02503 4.00024 140 170 200
-2.95439 -1.52229 5.00400 140 170 200
3.21428 1.03200 5.95264 140 170 200
3.06601 -0.19660 0.71086 140 170 200
-2.75411 -1.42866 1.10655 140 170 200
3.04959 -0.47683 0.97945 140 170 200
-1.05091 3.18533 5.59368 140 170 200
-3.22159 -0.55518 3.99694 140 170 200
3.28826 0.38159 4.76691 140 170 200
0.43185 -3.28207 4.76885 140 170 200
1.53653 2.65493 0.58421 140 170 200
-3.08536 1.56405 7.30852 140 170 200
-1.63903 -2.98299 6.50184 140 170 200
2.96202 1.68019 6.39233 140 170 200
0.64484 -3.00658 0.52476 140 170 200
1.15965 -3.17123 6.08329 140 170 200
-3.24391 -0.64624 4.77056 140 170 200
-2.71424 -2.10432 7.00982 140 170 200
2.57527 1.73165 1.11448 140 170 200
-3.24989 1.08284 6.89273 140 170 200
1.91087 -2.96371 8.68614 140 170 200
2.94610 1.85186 7.76891 140 170 200
3.48887 -0.24794 8.12836 140 170 200
-3.07792 0.27306 0.91698 140 170 200
3.31791 0.26726 5.02571 140 170 200
-1.69834 2.67971 2.49977 140 170 200
-3.33119 -0.01286 5.15934 140 170 200
3.29543 -0.86850 6.55198 140 170 200
-0.95225 -3.29561 6.89343 140 170 200
-3.09372 -1.72710 8.93138 140 170 200
3.44665 -0.73601 8.65274 140 170 200
-0.88754 3.05661 2.50368 140 170 200
-2.56466 2.41741 8.30507 140 170 200
0.39912 -3.47231 8.04392 140 170 200
-2.83104 -1.91057 6.69532 140 170 200
0.61612 3.12250 2.59981 140 170 200
0.02112 -3.15479 1.96316 140 170 200
-0.35323 3.25370 4.19887 140 170 200
-2.86934 -1.11273 0.57023 140 170 200
1.97581 -2.50667 2.83888 140 170 200
-0.48544 3.05204 0.89417 140 170 200
0.23306 -3.31679 4.98089 140 170 200
2.17037 -2.57919 5.78007 140 170 200
-1.27481 2.84010 1.24932 140 170 200
1.14968 3.29757 7.96000 140 170 200
2.06623 -2.32129 1.11355 140 170 200
-3.18015 0.68150 3.84874 140 170 200
-1.24342 3.06405 4.77522 140 170 200
3.34102 0.21824 5.48275 140 170 200
1.11149 3.02785 3.15644 140 170 200
-3.40548 -0.27249 6.60699 140 170 200
1.53911 -2.84291 3.35715 140 170 200
-3.18254 -0.04600 2.55437 140 170 200
-0.54459 3.24472 4.35387 140 170 200
2.80047 -1.33644 1.26981 140 170 200
-2.40562 2.58638 8.72266 140 170 200
1.73486 2.84620 5.20444 140 170 200
2.94216 -1.05204 1.55463 140 170 200
-2.74678 2.09133 7.30898 140 170 200
-3.39943 0.37725 6.66899 140 170 200
1.57495 -2.87237 4.15334 140 170 200
-0.83358 3.44908 8.86619 140 170 200
-3.24577 -0.59216 4.77242 140 170 200
2.11579 -2.36116 2.18841 140 170 200
-0.13239 3.44583 7.26860 140 170 200
2.77432 -2.17181 8.41397 140 170 200
1.14549 2.97370 2.64268 140 170 200
1.86353 -2.42140 0.26385 140 170 200
-2.63353 2.08363 5.71788 140 170 200
-3.26225 -1.01827 6.77477 140 170 200
-3.02591 -1.01277 2.62857 140 170 200
0.98388 3.37946 8.70274 140 170 200
1.45756 2.77366 1.77342 140 170 200
-0.83062 -3.35900 7.35145 140 170 200
1.59258 -3.10541 7.97997 140 170 200
2.04543 2.37802 1.80336 140 170 200
0.03213 -3.31757 4.77779 140 170 200
-1.42861 2.72242 0.46585 140 170 200
-2.80188 -1.88950 5.99845 140 170 200
-3.26016 -0.72086 5.17250 140 170 200
-0.14356 -3.44999 7.15865 140 170 200
-3.19583 -0.86188 4.77764 140 170 200
2.69209 1.79065 3.47000 140 170 200
-0.56988 3.07108 1.48587 140 170 200
-2.46011 1.83691 0.68452 140 170 200
-2.99180 -1.45453 5.01872 140 170 200
1.70082 3.07091 8.33298 140 170 200
-1.79603 2.93369 7.05558 140 170 200
3.00247 1.25949 3.82089 140 170 200
-1.55784 3.17679 8.86697 140 170 200
-3.13855 -0.24105 1.92424 140 170 200
3.26348 -1.37705 8.98099 140 170 200
1.39014 2.84854 2.34835 140 170 200
3.08705 0.54117 1.77877 140 170 200
-2.49382 2.42599 7.83042 140 170 200
-2.56071 -2.05386 4.49312 140 170 200
-2.72753 -2.18888 8.10913 140 170 200
-1.93969 2.83289 6.90359 140 170 200
3.04743 0.73381 1.67204 140 170 200
2.72432 -1.52207 1.34828 140 170 200
-3.27785 -0.03671 4.29769 140 170 200
0.55372 -3.29136 5.30413 140 170 200
-2.61198 1.97652 4.08844 140 170 200
1.54824 -2.75723 2.18185 140 170 200
0.68467 -3.09151 2.23264 140 170 200
2.74657 1.87393 4.85271 140 170 200
2.89926 0.96759 0.33605 140 170 200
1.93412 2.64468 4.22836 140 170 200
1.35342 -2.74773 0.51570 140 170 200
-0.42689 3.46288 7.95352 140 170 200
-2.67607 2.05472 5.81073 140 170 200
-2.76537 -1.48384 1.70397 140 170 200
-1.99355 -2.81314 7.07682 140 170 200
-2.95978 1.47640 4.70150 140 170 200
-3.13652 1.03733 4.86094 140 170 200
-1.50324 2.81212 2.58548 140 170 200
2.70454 1.81404 3.82654 140 170 200
2.08287 2.80395 7.99518 140 170 200
2.41406 -1.99966 1.58336 140 170 200
3.32722 -0.53018 5.84209 140 170 200
1.44632 -2.81865 2.22673 140 170 200
-1.12530 3.07714 4.28037 140 170 200
1.44392 2.98768 5.05590 140 170 200
-3.10701 -0.17963 1.34751 140 170 200
2.56043 1.73092 0.94248 140 170 200
2.84371 -1.68264 4.62623 140 170 200
0.36781 -3.23764 3.96574 140 170 200
3.47234 -0.58100 8.34991 140 170 200
2.10039 -2.67608 6.47892 140 170 200
-2.94212 1.89811 8.15014 140 170 200
-1.38068 3.23420 8.41073 140 170 200
1.54553 -2.64308 0.38114 140 170 200
-2.97622 -1.83410 8.00925 140 170 200
2.56194 -2.44577 8.65875 140 170 200
-1.49398 2.92309 4.34955 140 170 200
-3.23518 -0.97231 5.94763 140 170 200
-3.14128 0.75756 3.39887 140 170 200
1.26569 2.83841 1.13099 140 170 200
-3.08546 -0.81444 2.64455 140 170 200
2.67912 1.54836 0.96142 140 170 200
-2.33016 2.33025 4.65083 140 170 200
-3.30855 -0.70534 6.09902 140 170 200
1.86447 2.41118 0.25001 140 170 200
0.07267 -3.16833 2.33669 140 170 200
1.12121 2.87461 0.89807 140 170 200
-0.47465 -3.49941 8.71928 140 170 200
3.41616 0.51811 7.36820 140 170 200
-1.14822 -2.84153 0.49436 140 170 200
-2.80531 2.02700 7.45946 140 170 200
0.86383 -3.35472 7.57087 140 170 200
-3.19964 -1.31278 7.38595 140 170 200
-2.54367 2.38738 7.99765 140 170 200
-1.69637 -2.81974 4.48888 140 170 200
-2.42079 2.05688 2.43310 140 170 200
-2.15136 2.73072 7.93182 140 170 200
-3.11113 1.56978 7.63169 140 170 200
-0.78750 -3.09929 2.75465 140 170 200
-2.51448 -2.21516 5.47038 140 170 200
2.88667 -1.67038 5.26408 140 170 200
3.30369 0.00774 4.65686 140 170 200
1.78184 2.84524 5.71216 140 170 200
-3.09535 0.11636 0.99350 140 170 200
-1.58565 -2.86938 4.36754 140 170 200
2.69857 1.70392 2.80206 140 170 200
-0.83565 2.93094 0.22279 140 170 200
3.31797 -0.23867 4.93401 140 170 200
-1.51673 2.85831 3.56718 140 170 200
-2.39028 2.24122 4.15980 140 170 200
0.21820 3.09167 1.25052 140 170 200
3.29252 0.36222 4.81572 140 170 200
-0.70613 3.12261 2.71263 140 170 200
1.61862 2.58838 0.20540 140 170 200
-2.51974 2.33586 7.17433 140 170 200
0.37136 3.35230 5.87758 140 170 200
-2.73330 1.88635 5.01101 140 170 200
-0.41163 3.35069 5.82744 140 170 200
2.77769 -1.62843 3.19804 140 170 200
-0.79928 3.00415 1.35937 140 170 200
1.21772 2.99885 3.49719 140 170 200
0.26035 -3.43716 7.24861 140 170 200
1.26815 -3.10309 5.70944 140 170 200
-3.18385 -1.33067 7.26836 140 170 200
-1.96707 2.90014 8.19545 140 170 200
1.60737 -2.74861 2.52654 140 170 200
-1.69593 -3.07890 8.29574 140 170 200
-2.48489 2.30323 6.17623 140 170 200
-2.58949 2.09704 5.29775 140 170 200
3.30649 0.05082 4.79482 140 170 200
3.07914 1.16942 4.49131 140 170 200
2.04995 2.31982 0.89871 140 170 200
0.05265 3.07899 0.71775 140 170 200
2.88187 -1.44405 3.26392 140 170 200
1.37314 -2.84276 2.10440 140 170 200
2.99539 0.78465 1.01842 140 170 200
3.05924 0.28762 0.43163 140 170 200
-3.03519 -1.82094 8.82298 140 170 200
-2.25612 2.21450 2.18287 140 170 200
1.13238 -3.35724 8.87462 140 170 200
3.27999 -0.56436 5.15582 140 170 200
-3.14223 0.11343 1.99688 140 170 200
1.37376 2.80009 1.56657 140 170 200
2.46418 -1.96725 2.07924 140 170 200
-2.86652 1.52455 3.55824 140 170 200
-2.74545 1.57427 2.11721 140 170 200
-0.98887 -3.31941 7.57728 140 170 200
-2.21786 2.36425 3.58777 140 170 200
0.31599 3.30846 5.00235 140 170 200
-0.17242 -3.30195 4.77743 140 170 200
1.33170 3.12248 6.14954 140 170 200
3.44499 0.86774 8.97852 140 170 200
-3.28263 0.04900 4.26898 140 170 200
3.14724 0.68143 3.18882 140 170 200
0.89815 -3.41396 8.78802 140 170 200
3.51990 -0.50309 8.98016 140 170 200
3.27150 -1.09401 7.18134 140 170 200
2.05090 2.78258 7.32224 140 170 200
2.96614 -1.35079 3.94766 140 170 200
2.53776 2.14920 5.10698 140 170 200
-1.97459 2.56524 3.45110 140 170 200
2.91105 1.70517 5.79985 140 170 200
1.53295 -3.12047 7.55737 140 170 200
0.53251 3.19836 3.65090 140 170 200
-1.69495 -2.86191 5.07448 140 170 200
0.27342 -3.42246 7.13184 140 170 200
-2.30559 2.14441 2.15381 140 170 200
0.82261 -3.26460 5.72682 140 170 200
-1.57300 3.05923 7.13813 140 170 200
1.83097 2.46203 0.69480 140 170 200
-3.07791 0.79329 2.56395 140 170 200
-0.75634 -2.97057 0.43985 140 170 200
2.96081 0.75430 0.26092 140 170 200
1.13866 -3.08679 4.57015 140 170 200
-0.12099 3.41207 6.50113 140 170 200
-1.36018 -2.94854 3.73111 140 170 200
2.54166 2.21389 5.81936 140 170 200
-2.42183 2.01751 1.99324 140 170 200
-3.38967 0.75660 7.64727 140 170 200
-3.17216 0.63733 3.54820 140 170 200
-0.49625 3.37479 6.55712 140 170 200
-3.06846 -0.56943 1.42320 140 170 200
-0.59259 3.41236 7.49398 140 170 200
1.66188 2.87291 4.92466 140 170 200
2.36965 2.63212 8.75600 140 170 200
2.57194 -2.00250 3.93020 140 170 200
2.38129 2.55649 7.95213 140 170 200
-2.58171 1.99759 3.99000 140 170 200
-0.03721 3.11471 1.21723 140 170 200
-2.53160 -2.26164 6.39066 140 170 200
-1.78518 2.60008 1.91432 140 170 200
-0.78110 3.36356 7.34085 140 170 200
3.17546 -0.62622 3.29830 140 170 200
3.43638 -0.07026 6.97453 140 170 200
2.22208 2.44574 4.60310 140 170 200
-1.17043 -3.11438 5.09029 140 170 200
2.63896 -2.18768 6.78994 140 170 200
3.33733 -0.61842 6.19700 140 170 200
-1.00888 3.23601 6.19004 140 170 200
0.72806 -3.31252 6.14462 140 170 200
-1.56486 2.94498 5.51087 140 170 200
-2.49547 -2.39094 7.40241 140 170 200
-3.19767 -0.26103 2.98437 140 170 200
-0.83112 -3.03754 1.90161 140 170 200
2.92645 -1.78820 6.79434 140 170 200
2.52688 2.16574 5.11495 140 170 200
0.59470 3.45068 8.18173 140 170 200
-3.03684 -1.81539 8.71349 140 170 200
-2.17937 2.73030 7.90317 140 170 200
-3.11871 -1.18648 5.18206 140 170 200
0.70224 -3.36046 6.95526 140 170 200
-1.01067 -3.07678 3.29339 140 170 200
0.31817 -3.04178 0.34034 140 170 200
1.82552 2.92454 7.17754 140 170 200
3.39241 0.65517 7.18580 140 170 200
2.12017 -2.20920 0.27605 140 170 200
-3.32893 1.04655 7.87384 140 170 200
-2.29683 -2.62762 8.02274 140 170 200
2.88712 1.42435 3.17073 140 170 200
-0.80382 -2.95450 0.36381 140 170 200
2.81130 2.08761 7.97689 140 170 200
0.72129 -3.01763 0.86644 140 170 200
2.94223 1.18029 2.36731 140 170 200
2.88947 1.66503 5.13858 140 170 200
-1.91392 2.88198 7.48096 140 170 200
0.81465 3.34881 7.18899 140 170 200
3.37806 -0.33114 6.33535 140 170 200
-3.31638 1.04721 7.58196 140 170 200
-3.33686 0.66174 6.37138 140 170 200
3.23581 0.97277 5.96227 140 170 200
-3.13507 0.16975 1.77363 140 170 200
3.01990 1.28328 4.23674 140 170 200
-2.27847 -2.36941 4.33812 140 170 200
3.03607 -0.35338 0.37604 140 170 200
-1.55988 2.85527 3.93186 140 170 200
1.12841 -2.95578 2.32068 140 170 200
3.01778 -0.66457 1.04753 140 170 200
3.26615 -0.66642 5.17142 140 170 200
-0.08123 -3.17052 2.41136 140 170 200
2.16031 -2.30102 1.98276 140 170 200
-2.05372 2.77299 7.23081 140 170 200
-2.98336 -1.73552 7.42722 140 170 200
-1.76251 -2.89188 6.16134 140 170 200
0.63926 3.07459 1.97710 140 170 200
-1.30717 3.10535 5.91971 140 170 200
-2.19821 2.60914 6.60929 140 170 200
2.90275 1.27144 2.37753 140 170 200
-3.01456 0.84408 1.45068 140 170 200
0.68223 -3.20815 4.17998 140 170 200
-1.92561 -2.64273 4.09849 140 170 200
-2.21770 -2.22146 1.63992 140 170 200
-2.47557 -1.94321 1.99563 140 170 200
3.27453 0.46664 4.76316 140 170 200
3.32665 0.06890 5.00632 140 170 200
1.61680 2.90282 5.09801 140 170 200
3.03190 -1.83712 8.85266 140 170 200
1.91552 -2.40270 0.57572 140 170 200
-3.05806 -1.60181 7.22646 140 170 200
-2.43858 2.13891 3.45071 140 170 200
3.34613 -0.77853 6.94479 140 170 200
3.13524 1.37987 6.79695 140 170 200
2.75457 1.92614 5.80915 140 170 200
-2.44569 -2.32615 5.90608 140 170 200
-3.23778 -0.99647 6.18483 140 170 200
3.40642 -0.40210 6.90006 140 170 200
1.01074 -2.94966 1.43903 140 170 200
3.00059 -1.22703 3.53209 140 170 200
-0.61392 -3.41612 7.69422 140 170 200
2.98828 -1.47910 5.18504 140 170 200
-1.20580 -2.87541 1.48864 140 170 200
-3.47740 -0.56595 8.68599 140 170 200
-3.10407 -1.70735 8.90052 140 170 200
2.69913 -1.92987 4.87743 140 170 200
2.62925 2.03060 5.05720 140 170 200
-2.93813 -1.27982 2.91191 140 170 200
-2.58458 2.07696 4.90818 140 170 200
-1.83600 -3.01531 8.74442 140 170 200
-2.53343 -1.93444 2.57129 140 170 200
-2.59023 1.89144 3.02615 140 170 200
-1.30398 -3.25223 8.15572 140 170 200
-3.16144 -0.72730 3.74344 140 170 200
1.35445 3.26836 8.77482 140 170 200
-2.09341 -2.46859 3.43111 140 170 200
3.01145 0.50959 0.24399 140 170 200
1.56394 -3.16786 8.62006 140 170 200
2.64573 -1.76215 2.41073 140 170 200
3.00602 1.60223 6.44552 140 170 200
-0.13116 3.07696 0.64903 140 170 200
2.39692 2.45229 6.90564 140 170 200
0.43331 -3.13966 2.25583 140 170 200
3.11732 1.49212 7.34405 140 170 200
-3.42612 -0.90520 8.72565 140 170 200
-2.34772 1.98705 0.62882 140 170 200
0.01765 -3.23651 3.59669 140 170 200
-2.19216 -2.62062 6.62997 140 170 200
-3.40789 -0.97126 8.97110 140 170 200
-3.24331 -0.07126 3.55180 140 170 200
0.55603 -3.50759 8.95871 140 170 200
-3.46399 0.49931 8.16996 140 170 200
-2.98785 1.64731 6.66037 140 170 200
3.20966 0.51492 3.72067 140 170 200
-0.38662 3.30073 5.08971 140 170 200
-2.33454 2.49017 6.66911 140 170 200
-2.99062 -1.61382 6.37413 140 170 200
-1.48734 -2.83937 2.87891 140 170 200
3.23939 -0.77349 5.26678 140 170 200
-0.57906 3.42003 7.63577 140 170 200
-3.18096 -0.91149 4.54663 140 170 200
0.12716 -3.34966 5.34427 140 170 200
-1.19828 2.99774 3.23254 140 170 200
-2.99100 -0.94133 1.70332 140 170 200
-2.69339 1.51297 0.82437 140 170 200
-2.60417 1.96169 3.93627 140 170 200
3.10370 1.28975 5.91220 140 170 200
3.39406 0.52089 7.00516 140 170 200
-0.86971 2.96797 0.99456 140 170 200
2.74141 -1.68496 3.15128 140 170 200
1.21818 3.24057 7.40820 140 170 200
2.87723 1.20241 1.25792 140 170 200
-2.58247 -2.43153 8.94500 140 170 200
3.25627 -0.86793 5.91963 140 170 200
3.29632 1.23771 8.50744 140 170 200
-0.09777 -3.42416 6.75304 140 170 200
2.74303 2.22601 8.70384 140 170 200
2.23446 2.54521 6.19980 140 170 200
2.94020 -1.24865 2.69433 140 170 200
-1.04120 -3.28936 7.34455 140 170 200
-2.94836 -1.15236 2.31122 140 170 200
1.70843 2.87440 5.33396 140 170 200
-3.02102 -1.17540 3.64174 140 170 200
3.19261 1.31706 7.33455 140 170 200
-2.70779 2.11594 7.00056 140 170 200
-0.98410 -3.34416 7.87653 140 170 200
-2.88775 -1.32196 2.50218 140 170 200
-1.60861 -3.16519 8.97991 140 170 200
2.57860 2.29769 7.38732 140 170 200
0.17607 -3.25596 3.76316 140 170 200
2.99947 -0.84528 1.40218 140 170 200
2.70542 -1.77650 3.42965 140 170 200
2.64775 1.63251 1.20144 140 170 200
2.73945 1.95364 5.77025 140 170 200
-3.09472 -0.26049 1.26489 140 170 200
-3.24088 -0.49372 4.15325 140 170 200
2.11016 -2.64662 6.21911 140 170 200
-2.22815 2.40652 4.35352 140 170 200
-3.48313 -0.31771 8.02408 140 170 200
0.91120 3.04321 2.44757 140 170 200
3.13277 -1.09254 4.97590 140 170 200
2.54247 2.41545 8.28585 140 170 200
2.66206 -1.83189 3.46394 140 170 200
2.55690 -2.09681 4.52584 140 170 200
3.34797 1.09900 8.44793 140 170 200
0.52558 -3.26294 4.76064 140 170 200
-1.82123 2.97098 7.87949 140 170 200
0.55791 3.48077 8.51087 140 170 200
-2.60156 1.82990 2.58571 140 170 200
3.06006 -1.58512 7.22300 140 170 200
-2.72376 2.00772 6.10042 140 170 200
0.16218 3.53570 8.89151 140 170 200
-3.31732 -0.51673 5.51221 140 170 200
-2.90750 1.85485 7.28142 140 170 200
3.20800 0.38506 3.39632 140 170 200
1.31030 3.09687 5.69260 140 170 200
3.43325 0.37317 7.16123 140 170 200
-3.49985 -0.49124 8.72878 140 170 200
-2.01534 -2.47790 2.54596 140 170 200
-0.61091 -3.02960 0.94610 140 170 200
0.92491 3.41483 8.80593 140 170 200
1.14011 -3.16589 5.65997 140 170 200
-2.60181 1.62749 0.36346 140 170 200
3.16092 1.00910 4.94165 140 170 200
3.16866 -1.54743 8.47426 140 170 200
-1.23407 -3.32538 8.87222 140 170 200
-2.97224 -1.23234 3.21666 140 170 200
3.33761 0.86172 7.18974 140 170 200
3.27593 0.28841 4.40289 140 170 200
-2.98685 -1.28885 3.86479 140 170 200
2.48717 -2.37153 6.98956 140 170 200
-1.91784 -2.55301 2.71166 140 170 200
3.27243 0.11398 4.11667 140 170 200
-2.05794 -2.42552 2.49809 140 170 200
-1.81343 2.54242 1.54153 140 170 200
2.34844 2.26241 3.69679 140 170 200
1.33230 -3.27118 8.66552 140 170 200
-2.90459 -1.51348 4.04985 140 170 200
-0.54842 -3.35727 6.35248 140 170 200
1.63188 2.76196 2.84848 140 170 200
2.59626 2.32177 7.88892 140 170 200
-3.35671 -0.30688 5.85231 140 170 200
-3.47076 -0.61404 8.59350 140 170 200
-2.80029 -1.58686 3.21878 140 170 200
-0.12061 -3.32751 5.09914 140 170 200
-1.62753 -2.69747 1.98926 140 170 200
-1.39246 -2.78703 1.47897 140 170 200
1.52101 2.98506 5.51078 140 170 200
-3.00807 1.70058 7.37076 140 170 200
-2.55727 -1.85741 2.06949 140 170 200
-3.37859 -0.39760 6.52099 140 170 200
-1.13342 3.19634 6.25298 140 170 200
3.09693 -1.13104 4.61331 140 170 200
2.19187 2.65605 7.06304 140 170 200
3.31072 -0.53219 5.58485 140 170 200
0.70638 -3.45888 8.56051 140 170 200
-2.82927 -1.95354 7.03620 140 170 200
2.43568 2.51253 8.06517 140 170 200
-2.98700 -1.26832 3.53666 140 170 200
2.94091 1.81338 7.43464 140 170 200
3.22571 -1.47045 8.93479 140 170 200
-0.69646 3.06106 1.73435 140 170 200
-2.67677 1.95726 4.86439 140 170 200
-2.27144 -2.63508 7.86390 140 170 200
3.23839 0.38319 3.85197 140 170 200
-3.19941 -0.86315 4.83861 140 170 200
-0.75192 -3.34794 6.90020 140 170 200
0.91965 3.34224 7.54919 140 170 200
1.78117 2.58619 2.06822 140 170 200
-3.24764 0.25250 3.80281 140 170 200
-3.17376 -0.74212 3.83308 140 170 200
-2.90283 1.16929 1.63600 140 170 200
-0.87382 2.96544 1.06140 140 170 200
-2.89124 1.83913 6.87556 140 170 200
-1.32965 3.22191 7.77701 140 170 200
0.00750 3.52554 8.60555 140 170 200
-3.47570 0.61528 8.64145 140 170 200
-2.81056 2.16192 8.95659 140 170 200
-2.84452 1.22264 0.98438 140 170 200
3.25102 0.00472 3.85406 140 170 200
-1.08964 -2.89483 0.97667 140 170 200
3.25596 0.98767 6.30670 140 170 200
0.94923 3.40265 8.77401 140 170 200
1.01125 -2.89698 0.54823 140 170 200
3.31133 -0.33083 4.99671 140 170 200
3.32495 -0.17821 5.05737 140 170 200
-2.62680 -1.71912 1.73258 140 170 200
-0.20536 3.46760 7.62243 140 170 200
1.65573 -2.80638 3.83509 140 170 200
-1.91570 -2.64813 4.06435 140 170 200
3.52447 -0.30650 8.68772 140 170 200
-3.02860 -0.96519 2.50602 140 170 200
-3.20309 -0.53151 3.75289 140 170 200
3.30539 0.93323 7.09098 140 170 200
1.12825 3.09729 4.59069 140 170 200
-1.67408 -2.91035 5.66714 140 170 200
3.29230 -0.12889 4.57162 140 170 200
-3.15636 0.48720 2.83339 140 170 200
3.08637 0.57058 1.72753 140 170 200
-2.80529 2.05071 7.76205 140 170 200
2.24272 2.28001 2.75922 140 170 200
3.43921 -0.88950 8.97826 140 170 200
1.93624 2.38020 0.29501 140 170 200
2.57776 2.35631 8.02684 140 170 200
-3.40127 0.92444 8.56801 140 170 200
-2.97176 -0.80122 0.75628 140 170 200
-0.68686 -3.29580 5.87564 140 170 200
-2.32651 2.54131 7.19634 140 170 200
2.68251 -2.02763 5.77030 140 170 200
-2.83968 -2.02530 8.01186 140 170 200
2.98531 0.91376 1.44684 140 170 200
3.43994 0.75002 8.57971 140 170 200
-3.27333 0.65063 5.20780 140 170 200
-3.00372 1.20176 3.38419 140 170 200
-3.17023 0.97806 4.98725 140 170 200
3.02869 1.13772 3.33855 140 170 200
3.10663 1.08051 4.37401 140 170 200
2.90752 1.16742 1.66962 140 170 200
-0.34962 -3.45050 7.71648 140 170 200
-2.60801 -1.93156 3.79015 140 170 200
2.16000 2.49596 4.47579 140 170 200
-3.18909 1.47649 8.25550 140 170 200
3.29102 -1.23323 8.23411 140 170 200
3.13805 1.45598 7.24118 140 170 200
1.14648 2.85119 0.48464 140 170 200
-2.69708 2.24224 8.22931 140 170 200
0.27888 3.14089 1.96774 140 170 200
1.78033 2.74898 4.22260 140 170 200
3.45672 -0.58464 8.20127 140 170 200
0.32003 -3.08817 1.09723 140 170 200
-0.40775 -3.09828 1.45248 140 170 200
3.04836 -1.38087 5.43008 140 170 200
1.26510 3.02966 4.48302 140 170 200
2.49788 -2.07363 3.79061 140 170 200
3.44228 -0.37622 7.42296 140 170 200
-2.99620 -1.80557 8.13257 140 170 200
2.91330 -2.02743 8.92965 140 170 200
1.25511 -2.84520 1.35860 140 170 200
-1.40788 3.09810 6.29257 140 170 200
-1.72370 3.02888 7.93880 140 170 200
-1.43133 -2.84507 2.44276 140 170 200
-3.11670 -1.05913 4.59142 140 170 200
-2.29226 2.02240 0.26803 140 170 200
2.98208 0.90824 1.46701 140 170 200
3.08480 0.44790 1.38251 140 170 200
2.78937 1.97321 6.55984 140 170 200
-2.78061 1.91167 5.82919 140 170 200
3.02139 0.52555 0.56743 140 170 200
2.00233 2.69043 5.60034 140 170 200
3.01705 -0.61347 0.84538 140 170 200
-2.99796 0.96206 2.09238 140 170 200
3.19639 -1.42510 8.18808 140 170 200
1.20778 3.04824 4.30206 140 170 200
-2.16773 2.67023 7.18542 140 170 200
-1.52714 -2.82860 3.11365 140 170 200
3.10289 -0.19772 1.24456 140 170 200
-1.08413 -3.32532 8.07859 140 170 200
2.56026 -1.80643 1.73805 140 170 200
3.07808 0.98135 3.43193 140 170 200
-1.13027 3.21377 6.50634 140 170 200
2.48858 -2.25606 5.56627 140 170 200
-3.47568 -0.51062 8.40833 140 170 200
1.70606 3.09707 8.89954 140 170 200
1.50971 2.73809 1.57851 140 170 200
0.17221 -3.16335 2.31583 140 170 200
1.84212 2.82205 5.97548 140 170 200
-3.12604 0.04576 1.57947 140 170 200
1.39170 3.02086 5.13598 140 170 200
0.84084 3.13421 3.63965 140 170 200
-2.79582 2.10509 8.07795 140 170 200
2.58672 2.37114 8.32651 140 170 200
-1.72034 -2.68577 2.61014 140 170 200
1.55908 2.67918 1.10337 140 170 200
0.04485 -3.54425 8.92706 140 170 200
-3.10050 -0.41760 1.60880 140 170 200
-1.79008 2.58154 1.82673 140 170 200
-2.39281 -2.08936 2.54999 140 170 200
-2.69266 1.76580 3.35331 140 170 200
2.72276 1.55297 1.58876 140 170 200
-1.16877 3.00111 3.18500 140 170 200
-3.02250 -0.47234 0.40944 140 170 200
2.74518 2.10866 7.34991 140 170 200
-0.35455 -3.18401 2.65249 140 170 200
-2.14358 2.71191 7.49163 140 170 200
0.94779 3.24618 6.04170 140 170 200
3.29885 0.16702 4.59528 140 170 200
3.03832 1.79504 8.77340 140 170 200
0.25905 3.23448 3.76377 140 170 200
-2.11206 2.33673 1.87217 140 170 200
1.91093 2.74856 5.44204 140 170 200
-2.99758 -0.87055 1.51842 140 170 200
1.09132 2.99545 2.77441 140 170 200
3.36710 -0.98595 8.24057 140 170 200
-3.20703 -1.38300 8.11191 140 170 200
0.94924 -3.14720 4.46518 140 170 200
-2.90439 1.55366 4.57572 140 170 200
0.93447 3.20755 5.34962 140 170 200
-2.93581 0.96298 0.99593 140 170 200
-2.70888 1.66424 2.55883 140 170 200
-2.39141 -2.35143 5.46384 140 170 200
2.72535 -1.71470 3.17541 140 170 200
0.25366 3.15323 2.19470 140 170 200
2.78046 1.92940 6.04533 140 170 200
-0.72187 -3.25812 5.34680 140 170 200
3.22389 0.00795 3.22862 140 170 200
0.97441 -3.38547 8.48561 140 170 200
-0.47640 -3.40687 7.15446 140 170 200
1.54053 -2.98606 5.60387 140 170 200
2.66349 1.70499 2.15859 140 170 200
0.97036 3.24168 6.05170 140 170 200
-3.23208 -1.08737 6.39067 140 170 200
-1.56397 2.96290 5.47518 140 170 200
1.91041 -2.77975 5.96495 140 170 200
-3.03031 0.81189 1.72299 140 170 200
-2.91470 1.38309 3.30006 140 170 200
1.39236 3.20384 8.10009 140 170 200
-2.87975 -1.18279 1.49056 140 170 200
-1.90146 2.76238 5.54823 140 170 200
-3.33878 1.07254 8.15684 140 170 200
-0.40852 3.03503 0.33434 140 170 200
-2.74082 -2.23425 8.73038 140 170 200
1.84097 -2.98047 8.03786 140 170 200
3.38742 0.43995 6.62393 140 170 200
0.40804 3.38665 6.57358 140 170 200
-1.53794 -3.13175 7.90834 140 170 200
-0.84425 -3.02176 1.80431 140 170 200
-0.93407 3.27058 6.49553 140 170 200
-0.72701 3.14257 3.37635 140 170 200
-0.06989 -3.48863 7.97441 140 170 200
-3.10896 -1.19400 5.05793 140 170 200
-2.63004 2.20521 7.05442 140 170 200
2.94606 1.06953 1.76770 140 170 200
-1.82133 -2.60951 2.45686 140 170 200
-0.92555 3.34656 7.66194 140 170 200
-2.88126 -1.51612 3.83981 140 170 200
-0.57347 -3.27155 5.01018 140 170 200
-3.33879 0.78444 6.71240 140 170 200
-0.06467 3.14259 1.79187 140 170 200
0.71708 3.12965 3.00696 140 170 200
-0.90057 -3.09394 3.21583 140 170 200
2.72847 -2.21300 8.31453 140 170 200
3.10801 -0.39313 1.49389 140 170 200
1.06523 -3.06285 3.62621 140 170 200
-2.82166 -2.12424 8.66626 140 170 200
2.28537 -2.61451 7.63426 140 170 200
-2.61348 2.17149 6.24324 140 170 200
2.46763 -2.25424 5.19374 140 170 200
-3.14314 1.47330 7.66671 140 170 200
-2.91311 -1.98880 8.55983 140 170 200
1.69504 3.07976 8.37572 140 170 200
-3.37063 0.05933 5.97509 140 170 200
-1.86282 2.87534 6.73255 140 170 200
-2.30710 2.56751 7.13364 140 170 200
-2.82577 -2.00418 7.42021 140 170 200
2.52097 -2.31187 6.77708 140 170 200
1.44178 -2.78838 1.88723 140 170 200
-2.00360 2.79584 7.00115 140 170 200
-0.32928 -3.23222 3.79674 140 170 200
-3.01131 -0.92896 2.07006 140 170 200
-1.79872 2.53218 1.16746 140 170 200
2.66483 -1.73712 2.44110 140 170 200
1.75229 2.81006 4.83449 140 170 200
1.07990 -2.99073 2.50134 140 170 200
0.79711 3.29558 6.20454 140 170 200
2.75336 -2.20719 8.70830 140 170 200
-0.55021 -3.02216 0.61786 140 170 200
-3.03662 0.67991 1.43036 140 170 200
2.81616 1.48700 2.50475 140 170 200
1.47493 3.14292 7.37779 140 170 200
1.62642 2.74852 2.72352 140 170 200
0.22908 -3.14954 1.99329 140 170 200
-2.25460 -2.17154 1.63635 140 170 200
0.63110 3.05891 1.60931 140 170 200
-2.31019 2.53334 6.66375 140 170 200
-1.24104 3.17338 6.56515 140 170 200
-1.85089 -2.63322 3.08459 140 170 200
-1.58970 2.87500 4.32103 140 170 200
0.39402 -3.35564 5.88029 140 170 200
-1.19916 -3.32864 8.79566 140 170 200
0.15899 3.41904 6.86263 140 170 200
-1.54534 3.08893 7.36758 140 170 200
-3.38126 -1.08599 8.81689 140 170 200
2.72143 -1.77884 3.71347 140 170 200
2.36857 1.99691 0.85332 140 170 200
-2.16193 2.66097 6.89418 140 170 200
-2.53227 -1.81987 1.34067 140 170 200
-1.47727 2.91986 4.22546 140 170 200
-0.84277 3.32113 6.82185 140 170 200
-3.04796 1.38898 5.27562 140 170 200
1.14262 3.03037 3.58896 140 170 200
-2.63771 -2.00487 4.89243 140 170 200
2.29791 -2.20401 2.48595 140 170 200
2.61717 -1.64350 0.90128 140 170 200
-3.22231 0.58507 3.99285 140 170 200
-0.83041 2.96613 0.75246 140 170 200
-2.61739 2.38476 8.83334 140 170 200
0.44535 3.25450 4.30503 140 170 200
-2.84170 -2.02523 8.03052 140 170 200
2.33319 2.63703 8.60473 140 170 200
-1.36127 2.98108 4.32085 140 170 200
1.55653 2.85643 4.06428 140 170 200
0.97065 3.36239 8.12204 140 170 200
-1.45063 -2.69682 0.52958 140 170 200
3.29695 -0.15050 4.65419 140 170 200
-1.44395 -2.85245 2.69909 140 170 200
0.12690 3.42609 6.94392 140 170 200
-2.90776 1.90592 7.64956 140 170 200
-2.33211 -2.42005 5.81053 140 170 200
2.19190 -2.41219 3.94418 140 170 200
-0.74513 -3.26142 5.24657 140 170 200
2.04339 2.64715 5.41355 140 170 200
-2.68673 -2.05509 5.94002 140 170 200
1.14872 3.33301 8.35957 140 170 200
-2.23895 2.25797 2.52189 140 170 200
3.07711 -0.69145 2.08628 140 170 200
2.44573 -1.96998 1.98224 140 170 200
-0.14499 3.40475 6.47223 140 170 200
-0.47147 -3.47558 8.21695 140 170 200
-1.54549 2.83146 3.22595 140 170 200
3.27262 0.16172 4.06575 140 170 200
2.07700 -2.85437 8.73951 140 170 200
1.37994 -2.81712 1.56535 140 170 200
-0.95657 3.35860 8.00691 140 170 200
0.48884 -3.49886 8.66595 140 170 200
3.38782 0.67913 7.33780 140 170 200
-3.12284 -0.79729 3.31299 140 170 200
3.35658 -0.39014 6.09918 140 170 200
0.76729 -3.11162 2.90641 140 170 200
-2.76591 -1.42163 1.33872 140 170 200
-2.06633 2.31954 1.21284 140 170 200
-0.28077 -3.04006 0.28901 140 170 200
3.49597 -0.54451 8.82280 140 170 200
1.20118 3.15606 6.11222 140 170 200
3.04940 0.98093 3.17700 140 170 200
-2.40435 2.33680 5.45601 140 170 200
-3.35497 -0.35703 5.80176 140 170 200
0.09416 3.13320 1.91508 140 170 200
-2.38287 -2.14268 2.88322 140 170 200
-1.14646 3.13072 5.17976 140 170 200
3.44578 -0.39315 7.67581 140 170 200
-0.30076 3.10929 1.41974 140 170 200
1.14016 -3.29767 7.82987 140 170 200
3.28583 -0.74235 5.71474 140 170 200
-3.31299 0.00947 4.67512 140 170 200
0.98179 2.97403 1.55316 140 170 200
2.57094 -2.11655 5.20293 140 170 200
-2.64546 1.86322 3.46758 140 170 200
-3.03211 -0.86285 1.96992 140 170 200
3.33645 1.06187 8.00988 140 170 200
-1.90111 2.68327 4.41950 140 170 200
-2.90070 -1.06402 0.95426 140 170 200
-1.12234 -2.99783 3.00402 140 170 200
3.00373 -0.95211 1.90096 140 170 200
-3.04893 -1.76447 8.50096 140 170 200
-0.42552 3.14580 2.46667 140 170 200
-3.10482 -1.16584 4.82231 140 170 200
3.09323 1.47750 6.88251 140 170 200
1.86869 2.50842 1.68897 140 170 200
-1.96135 2.63494 4.21491 140 170 200
3.34177 0.47040 6.09685 140 170 200
3.11120 1.59323 8.02673 140 170 200
3.38126 0.15611 6.10335 140 170 200
1.28199 2.80584 0.95763 140 170 200
1.47199 -2.86485 3.17893 140 170 200
-1.92200 2.59694 3.44355 140 170 200
2.66798 -1.87629 3.77717 140 170 200
2.64531 -2.33399 8.52030 140 170 200
2.00803 -2.32270 0.53881 140 170 200
0.75863 3.10555 3.00457 140 170 200
-1.81152 2.76182 4.70035 140 170 200
-3.03219 0.61147 1.01657 140 170 200
-3.00646 1.37815 4.62145 140 170 200
2.72476 1.49573 1.21045 140 170 200
0.24243 3.46690 7.65852 140 170 200
-2.32814 -2.19226 2.71246 140 170 200
-1.48259 -2.98069 4.96754 140 170 200
-2.22657 2.53662 5.79514 140 170 200
-0.93527 3.07477 3.03584 140 170 200
-2.77180 -1.66439 3.44686 140 170 200
-1.71584 -2.83857 4.85851 140 170 200
-0.83929 -3.35483 7.38760 140 170 200
1.22948 -3.05132 4.34959 140 170 200
-2.85404 -1.66077 4.68665 140 170 200
-2.43403 2.31833 5.60138 140 170 200
-1.88807 2.67253 4.10642 140 170 200
3.34289 0.73270 6.71744 140 170 200
-2.63556 1.52843 0.24705 140 170 200
2.24025 -2.42255 4.61732 140 170 200
-2.44443 -2.52763 8.36692 140 170 200
-2.80661 -1.85790 5.77479 140 170 200
0.53904 3.24651 4.64763 140 170 200
-2.82891 -1.95067 7.10675 140 170 200
1.37930 2.95094 3.81974 140 170 200
-1.78642 2.77536 4.47787 140 170 200
-2.71875 -1.59611 2.02715 140 170 200
2.98828 0.87598 1.36998 140 170 200
-1.15508 2.84337 0.44216 140 170 200
2.90701 1.80725 6.76364 140 170 200
1.69711 2.82698 4.48642 140 170 200
-2.10735 2.81976 8.50199 140 170 200
-1.10475 -2.94156 1.85803 140 170 200
-0.34784 3.16429 2.47461 140 170 200
3.35439 0.42548 5.97108 140 170 200
-2.47915 1.82391 0.71744 140 170 200
0.59860 3.25089 4.79669 140 170 200
0.54936 -3.05887 1.36451 140 170 200
1.36689 -2.81401 1.71576 140 170 200
-1.57798 -2.91229 4.87269 140 170 200
-2.53705 -2.18046 5.36930 140 170 200
-0.38305 -3.13097 2.18272 140 170 200
-2.26636 2.23836 2.72370 140 170 200
-1.86330 -2.60389 2.84004 140 170 200
-2.74341 1.51433 1.53320 140 170 200
-3.20098 1.51048 8.71865 140 170 200
0.81800 -3.29471 6.42974 140 170 200
0.79414 -3.00829 1.24507 140 170 200
-2.62838 1.89833 3.49897 140 170 200
2.89789 -1.20780 1.81913 140 170 200
-3.06561 -0.81884 2.38718 140 170 200
-3.51199 0.28366 8.50284 140 170 200
-3.12539 -0.03039 1.48651 140 170 200
0.64130 -3.43624 8.00886 140 170 200
3.40722 -0.70466 7.69228 140 170 200
-1.26148 -3.18946 6.86665 140 170 200
-1.79330 2.77581 4.73783 140 170 200
-3.16675 -0.33556 2.60620 140 170 200
-1.21933 3.24515 7.60194 140 170 200
-1.97406 -2.85343 7.62774 140 170 200
3.32482 -0.01631 4.98799 140 170 200
2.03051 -2.30498 0.65166 140 170 200
-3.11181 0.53815 2.00653 140 170 200
-1.68329 2.57366 0.73164 140 170 200
-3.00905 0.92084 1.88576 140 170 200
-1.34134 3.03459 4.84004 140 170 200
3.47899 -0.18300 7.79536 140 170 200
1.00459 3.22283 6.09641 140 170 200
1.23222 -3.12596 5.64517 140 170 200
-2.94272 1.75667 6.90321 140 170 200
-1.95303 -2.74869 5.98183 140 170 200
2.90390 -1.52986 4.26781 140 170 200
-2.89421 -1.89040 7.47126 140 170 200
-2.38674 -2.15347 3.07623 140 170 200
3.43390 0.79044 8.40875 140 170 200
2.14818 2.25403 1.29503 140 170 200
-3.26743 -0.85023 5.96234 140 170 200
-2.27484 2.40292 4.77100 140 170 200
-2.53609 -2.07500 4.11105 140 170 200
-2.44460 2.17589 4.14649 140 170 200
1.39461 2.73543 0.60051 140 170 200
0.99264 -3.28105 6.93339 140 170 200
1.81821 -2.67030 3.45631 140 170 200
3.23586 -0.65884 4.56080 140 170 200
1.05909 3.31074 7.74072 140 170 200
-1.26204 3.10367 5.43900 140 170 200
-0.66982 3.41843 7.77247 140 170 200
2.82263 -1.32583 1.48995 140 170 200
-2.61495 -1.83553 2.81959 140 170 200
2.80426 -1.48630 2.32787 140 170 200
2.69951 -2.22373 8.06312 140 170 200
0.10211 3.44457 7.18682 140 170 200
-3.12317 1.52213 7.62770 140 170 200
-2.86741 1.72944 5.36574 140 170 200
-3.15626 0.26034 2.26222 140 170 200
3.24437 -0.04689 3.67708 140 170 200
1.53692 2.95977 5.20612 140 170 200
0.42942 -3.02591 0.38063 140 170 200
0.47351 3.34573 5.97910 140 170 200
-0.23197 -3.47417 7.80129 140 170 200
0.94191 3.07631 3.21599 140 170 200
-3.34684 -0.57510 6.32336 140 170 200
-1.62988 -2.86898 4.62211 140 170 200
-2.78015 1.26837 0.23765 140 170 200
3.12363 -0.67429 2.83935 140 170 200
-0.91503 -3.19066 5.01062 140 170 200
1.87957 2.85467 6.70773 140 170 200
-2.26552 2.34840 3.90019 140 170 200
-1.23364 2.90140 1.94473 140 170 200
-0.86978 2.95897 0.77809 140 170 200
0.81361 3.32015 6.62060 140 170 200
1.27618 2.98599 3.56957 140 170 200
2.31816 -2.46361 6.04321 140 170 200
3.15659 -0.21186 2.27163 140 170 200
1.83934 2.89951 6.95998 140 170 200
0.82645 -3.11642 3.38493 140 170 200
0.43308 3.04957 0.69621 140 170 200
-3.28145 -0.44957 4.85630 140 170 200
1.11631 3.23635 6.76308 140 170 200
-0.46527 3.48716 8.44537 140 170 200
-2.99252 1.88086 8.76126 140 170 200
-0.91666 -3.15845 4.38269 140 170 200
-3.31947 0.54647 5.74000 140 170 200
1.22865 -3.10012 5.26657 140 170 200
2.72764 1.89387 5.06032 140 170 200
-2.80125 -1.35815 1.27960 140 170 200
2.65428 2.10483 6.24727 140 170 200
2.61582 2.38931 8.71474 140 170 200
-1.13008 2.91273 1.39368 140 170 200
2.53380 1.96482 3.09184 140 170 200
0.49290 -3.05503 0.92849 140 170 200
-3.26279 -0.15165 3.90670 140 170 200
-2.02825 -2.59979 4.60555 140 170 200
3.03932 1.12154 3.50684 140 170 200
0.51975 3.25591 4.56061 140 170 200
-3.42362 -0.50464 7.36668 140 170 200
2.75088 1.55789 2.19972 140 170 200
1.83294 2.91186 6.98745 140 170 200
3.41930 0.47309 7.28556 140 170 200
2.84353 -1.76747 5.47415 140 170 200
-2.92349 1.34799 3.12252 140 170 200
3.38477 0.98384 8.47813 140 170 200
-3.13024 0.79341 3.56036 140 170 200
2.32925 -1.98817 0.67405 140 170 200
1.15112 2.90468 1.48037 140 170 200
0.26629 3.48579 8.10698 140 170 200
3.10405 -0.34796 1.60984 140 170 200
1.99330 -2.60642 4.30308 140 170 200
-3.26068 -1.02621 6.42645 140 170 200
1.30668 3.07306 5.40948 140 170 200
0.64506 3.32753 6.09679 140 170 200
2.08121 -2.46933 3.42455 140 170 200
-1.52532 -3.01864 6.17345 140 170 200
-1.80845 2.45832 0.28661 140 170 200
3.13988 0.51690 2.65096 140 170 200
2.04056 2.34473 1.36465 140 170 200
-0.42730 -3.25554 4.37274 140 170 200
-1.85514 -2.51160 1.57123 140 170 200
-2.10435 2.58373 5.18067 140 170 200
-2.63620 -1.71885 1.89341 140 170 200
0.10490 -3.26081 4.00941 140 170 200
-1.91371 -2.42993 0.90192 140 170 200
0.21576 3.26897 4.23755 140 170 200
3.29950 -1.03770 7.40904 140 170 200
3.17078 0.47423 3.13759 140 170 200
-3.20015 -1.18118 6.54951 140 170 200
0.54808 3.23753 4.11267 140 170 200
-0.83823 -3.06561 2.38529 140 170 200
-2.97017 -1.21513 3.01572 140 170 200
1.07190 3.01910 3.00785 140 170 200
-3.43397 -0.12710 6.85533 140 170 200
-3.13179 -0.39043 2.08029 140 170 200
-3.10210 1.69775 8.81809 140 170 200
3.27980 0.89000 6.38916 140 170 200
0.87722 3.15030 3.89193 140 170 200
3.48059 -0.69082 8.98370 140 170 200
1.19374 2.93344 2.22009 140 170 200
-3.32230 0.88060 7.02953 140 170 200
-0.87228 3.07142 2.72052 140 170 200
0.14318 -3.32590 5.14757 140 170 200
-2.72230 -1.45429 0.71528 140 170 200
-0.75002 -3.39629 7.73110 140 170 200
-2.10905 -2.45300 3.58024 140 170 200
-3.35238 -0.07793 5.50301 140 170 200
3.40842 -0.86093 8.40233 140 170 200
-0.88958 -2.93643 0.48711 140 170 200
-1.32495 -3.27563 8.73792 140 170 200
-1.21259 -3.08987 4.98711 140 170 200
-3.37620 0.71484 7.17968 140 170 200
-2.06357 -2.58195 4.52889 140 170 200
-2.73586 -2.10852 7.47600 140 170 200
2.66845 -2.25623 8.01515 140 170 200
3.21860 -0.43024 3.71887 140 170 200
-3.39473 0.36315 6.68855 140 170 200
-2.85197 -2.09473 8.98931 140 170 200
-0.86029 3.32766 6.98053 140 170 200
1.99068 -2.91211 8.64640 140 170 200
-0.83705 -3.31875 6.80712 140 170 200
2.86813 -1.48449 3.25374 140 170 200
-2.73902 -2.12478 7.56980 140 170 200
-0.87060 -3.27524 6.20834 140 170 200
2.53025 1.72295 0.51431 140 170 200
-2.45797 -1.94973 1.81769 140 170 200
-2.28479 2.23409 2.63213 140 170 200
-3.42736 -0.17441 6.86566 140 170 200
-1.60158 3.06797 7.31748 140 170 200
-0.80342 3.36996 7.56769 140 170 200
1.32740 -2.78809 0.83610 140 170 200
-2.89345 -1.09587 0.88239 140 170 200
-0.06479 3.21014 2.97899 140 170 200
0.35709 -3.38774 6.33523 140 170 200
3.10077 1.57508 7.69529 140 170 200
-0.93434 3.36131 7.92216 140 170 200
-1.62489 2.69683 2.14140 140 170 200
1.51271 3.09209 7.06739 140 170 200
1.86012 -2.82439 5.98871 140 170 200
-1.62041 -3.12655 8.39740 140 170 200
-1.65091 -3.01664 7.11368 140 170 200
-2.77545 -1.82831 5.01705 140 170 200
-2.48211 2.38149 7.20101 140 170 200
-1.73376 -2.69485 3.05953 140 170 200
-0.29710 -3.43892 7.22526 140 170 200
-3.35267 -0.82680 7.18313 140 170 200
-3.42969 0.63811 7.80375 140 170 200
0.52666 3.13671 2.46022 140 170 200
3.01453 1.75726 7.75175 140 170 200
3.03308 0.80527 1.78626 140 170 200
-0.76786 -3.36022 7.10509 140 170 200
-2.03932 2.85765 8.42442 140 170 200
-0.78894 -2.94994 0.54066 140 170 200
-3.36514 -0.16731 5.86201 140 170 200
-3.20060 1.10961 6.15042 140 170 200
-2.38837 -2.50924 7.46899 140 170 200
1.26390 2.83524 1.17030 140 170 200
3.48085 -0.44718 8.25457 140 170 200
-1.71745 3.11353 8.94866 140 170 200
0.40860 -3.37320 6.25733 140 170 200
0.04382 3.27022 4.14854 140 170 200
-3.29551 0.67317 5.94007 140 170 200
-3.07406 0.01334 0.71868 140 170 200
-1.19892 3.22431 6.94561 140 170 200
-1.79171 2.51150 0.86223 140 170 200
-2.96040 1.27473 3.18812 140 170 200
1.61226 -2.68013 1.51106 140 170 200
-3.42002 -0.00108 6.71725 140 170 200
2.84936 1.77268 5.58924 140 170 200
0.70752 3.32967 6.48913 140 170 200
3.08392 -0.27152 0.81064 140 170 200
2.73653 1.73358 3.61821 140 170 200
-1.95838 -2.61614 3.93686 140 170 200
0.81294 3.26457 5.65790 140 170 200
-2.82799 1.28909 1.16546 140 170 200
-2.10627 2.64537 6.04443 140 170 200
3.21580 -0.46433 3.83540 140 170 200
-3.32020 -1.10822 8.22593 140 170 200
0.00178 3.28047 4.32455 140 170 200
-2.47162 -1.88200 1.16311 140 170 200
2.80217 1.34877 1.17540 140 170 200
2.85372 -1.41702 2.56887 140 170 200
-1.77399 2.63725 2.43665 140 170 200
2.57139 -2.31420 7.31379 140 170 200
1.23877 -3.17500 6.68681 140 170 200
1.19144 2.84042 0.92575 140 170 200
3.37557 -0.81491 7.77307 140 170 200
3.10194 -0.16236 1.10735 140 170 200
1.17080 -3.23345 7.22162 140 170 200
-2.96643 0.93316 1.25243 140 170 200
-1.51655 -2.86619 3.67145 140 170 200
3.00161 1.66620 6.92815 140 170 200
2.80048 -1.51404 2.56297 140 170 200
0.54932 3.06309 1.26835 140 170 200
-0.71593 -3.37253 7.23436 140 170 200
1.08391 -3.22985 6.41857 140 170 200
3.44253 -0.66622 8.10370 140 170 200
1.51441 -3.02802 5.99520 140 170 200
1.28033 -2.81001 0.89965 140 170 200
-0.93338 -3.24186 5.97073 140 170 200
-3.07311 -1.60609 7.53073 140 170 200
2.99791 0.80766 0.99034 140 170 200
3.07647 -0.53289 1.47681 140 170 200
-3.22770 1.07187 6.30402 140 170 200
1.00129 -3.30731 7.26882 140 170 200
-2.32316 2.25738 3.46305 140 170 200
-3.30116 0.93528 6.79511 140 170 200
-3.04542 0.73417 1.77096 140 170 200
3.27016 -0.20557 4.27327 140 170 200
0.82510 3.33041 6.90316 140 170 200
-3.16176 -0.03508 2.06196 140 170 200
1.82601 2.67568 3.42472 140 170 200
-3.37066 0.12454 5.88817 140 170 200
-3.10269 -0.92185 3.39872 140 170 200
2.28000 2.64086 7.96208 140 170 200
-1.12620 -3.34100 8.64523 140 170 200
1.58746 -2.97611 6.00227 140 170 200
1.38924 -3.15431 7.19391 140 170 200
-0.45623 -3.47481 8.23213 140 170 200
2.16128 2.64228 6.51129 140 170 200
-2.49005 -2.38190 7.11712 140 170 200
-0.98621 -2.93194 0.95842 140 170 200
0.20368 -3.46142 7.54128 140 170 200
-0.80569 -3.08967 2.75360 140 170 200
-2.12468 -2.22870 0.87048 140 170 200
-0.46666 -3.31518 5.54664 140 170 200
1.90306 -2.54051 2.31732 140 170 200
-2.80352 -1.30461 0.95498 140 170 200
2.05263 2.65645 5.72038 140 170 200
1.25214 -2.84645 1.12990 140 170 200
-1.85948 -2.97187 8.07009 140 170 200
-1.37360 -3.26449 8.74779 140 170 200
-0.94004 3.29687 6.82020 140 170 200
1.88837 2.58747 2.87233 140 170 200
0.64079 -3.27833 5.31266 140 170 200
2.92104 0.93735 0.49796 140 170 200
-2.75741 1.94189 5.82195 140 170 200
-3.18812 -0.17770 2.65573 140 170 200
3.26952 0.35951 4.37030 140 170 200
-2.56549 -1.79120 1.87780 140 170 200
2.59316 2.42371 8.88957 140 170 200
0.16978 3.15666 2.13984 140 170 200
3.25834 -0.13174 4.03331 140 170 200
-2.96002 -1.17782 2.57168 140 170 200
3.26565 -0.65977 5.13013 140 170 200
-3.49414 0.16182 8.22126 140 170 200
1.03235 -2.95902 1.73394 140 170 200
3.03127 0.73762 1.52470 140 170 200
-0.79084 2.98186 0.90090 140 170 200
-0.69561 3.28369 5.54510 140 170 200
3.03917 1.42545 5.65553 140 170 200
3.31065 -1.02757 7.52140 140 170 200
-3.47510 -0.10220 7.64318 140 170 200
-2.58803 -1.71102 1.16213 140 170 200
-3.48306 -0.45027 8.26351 140 170 200
0.03137 3.47642 7.58797 140 170 200
3.01045 -1.55054 6.04424 140 170 200
-1.57651 -2.82520 3.40841 140 170 200
2.44944 2.40675 6.88271 140 170 200
-3.27436 0.80159 5.81576 140 170 200
3.23946 0.03000 3.46209 140 170 200
-1.38965 -2.71649 0.32640 140 170 200
-3.31810 -0.49531 5.57221 140 170 200
2.76064 -1.89655 5.43369 140 170 200
2.96222 -1.01759 1.65216 140 170 200
2.87017 2.03549 8.22825 140 170 200
2.65144 1.67092 1.69574 140 170 200
2.57215 -1.89132 2.86777 140 170 200
-3.23590 -0.24653 3.63208 140 170 200
-3.34200 0.64453 6.35015 140 170 200
-2.78890 -1.32929 0.97202 140 170 200
-3.33301 0.71426 6.51597 140 170 200
-2.45990 -2.14867 4.01111 140 170 200
2.98735 -0.99000 1.91452 140 170 200
-2.44325 -1.91946 1.25692 140 170 200
-1.40635 2.95316 3.99173 140 170 200
0.75099 3.20646 4.28988 140 170 200
3.04878 -0.65907 1.49199 140 170 200
-2.89268 -1.57608 4.61274 140 170 200
-3.02244 -1.34570 4.78795 140 170 200
3.47066 0.73764 8.84407 140 170 200
2.97390 -1.67438 6.60907 140 170 200
-3.00279 0.58058 0.31564 140 170 200
3.29334 -0.00517 4.56335 140 170 200
1.51521 2.67067 0.40467 140 170 200
-1.52664 2.94093 4.86482 140 170 200
0.80151 3.12783 3.32648 140 170 200
-2.53590 2.41360 8.20583 140 170 200
3.26614 -0.48298 4.70776 140 170 200
-2.99249 1.77540 7.75987 140 170 200
1.56084 -2.96589 5.49778 140 170 200
0.10795 -3.25997 3.85091 140 170 200
-0.93870 3.02093 2.34476 140 170 200
-2.75495 -1.51238 1.91672 140 170 200
2.05755 -2.76899 7.29629 140 170 200
-2.67485 -2.25071 8.03532 140 170 200
-0.30114 3.20078 3.20211 140 170 200
2.15784 -2.50506 4.71916 140 170 200
-3.00144 -1.10547 2.87113 140 170 200
3.26052 -0.41172 4.37285 140 170 200
-1.94748 -2.89001 7.92334 140 170 200
-2.95904 0.98508 1.49829 140 170 200
-2.94881 1.25619 2.90699 140 170 200
2.48804 -2.33332 6.45510 140 170 200
3.19382 -0.39137 3.08006 140 170 200
-2.62037 1.65480 0.96691 140 170 200
1.69031 2.77863 3.65338 140 170 200
3.28997 0.83980 6.29425 140 170 200
-1.56006 3.19095 8.86849 140 170 200
-1.91378 2.93435 8.11117 140 170 200
-2.98005 1.49811 5.30716 140 170 200
2.10895 2.71975 7.15136 140 170 200
-3.34206 0.15420 5.38947 140 170 200
3.10339 -1.15344 4.71260 140 170 200
0.34466 3.12084 1.80084 140 170 200
-1.27509 -2.93424 2.91354 140 170 200
3.19621 0.77760 4.34442 140 170 200
-2.18914 -2.77906 8.88244 140 170 200
3.10869 -1.28724 5.71130 140 170 200
-0.71135 3.45197 8.54744 140 170 200
1.28561 -2.90873 2.60933 140 170 200
2.68974 1.53306 0.85222 140 170 200
-2.22612 2.75248 8.82285 140 170 200
3.21462 0.13545 3.25205 140 170 200
-2.04111 2.62764 5.07540 140 170 200
-1.13080 2.86449 0.87364 140 170 200
-1.22708 -3.26322 7.84723 140 170 200
-0.84320 2.93598 0.20623 140 170 200
1.56018 -3.15483 8.22559 140 170 200
-0.80835 3.03280 1.75208 140 170 200
0.52466 3.10033 1.91960 140 170 200
-3.46707 0.11928 7.55830 140 170 200
-1.80730 -2.71248 3.75900 140 170 200
2.44006 -2.05168 2.58452 140 170 200
1.30599 -3.09727 5.60639 140 170 200
-3.15074 -0.48897 2.56980 140 170 200
3.17404 -0.43564 2.86214 140 170 200
-0.88384 2.93746 0.63236 140 170 200
3.32176 -0.01120 5.11165 140 170 200
-2.33624 2.05486 1.41886 140 170 200
-0.27006 3.45696 7.65343 140 170 200
-2.53897 2.30162 6.92926 140 170 200
-2.75454 -1.64819 2.85189 140 170 200
-3.27827 0.54173 5.06228 140 170 200
3.18321 1.03844 5.44146 140 170 200
-2.09479 2.66559 6.20922 140 170 200
-3.26543 0.16798 4.05052 140 170 200
-1.75425 -2.89497 6.08982 140 170 200
2.99865 -0.91117 1.78964 140 170 200
3.17218 -0.90210 4.51139 140 170 200
-3.08501 -0.27272 1.08792 140 170 200
-3.19254 -1.48008 8.51626 140 170 200
-1.04512 -3.08624 3.89487 140 170 200
1.72221 -2.89849 5.78777 140 170 200
-0.09898 -3.29977 4.67718 140 170 200
-0.56463 -3.01247 0.45471 140 170 200
-2.91797 1.00366 0.79372 140 170 200
2.16912 -2.34064 2.66237 140 170 200
-1.77384 -2.89657 6.28169 140 170 200
1.82125 2.83813 5.99495 140 170 200
-2.56770 -1.82582 1.96057 140 170 200
-1.22529 3.06324 4.66668 140 170 200
0.93983 3.09413 3.58849 140 170 200
-1.98337 -2.68877 5.36495 140 170 200
-2.01935 -2.51247 3.29744 140 170 200
3.37484 -0.98698 8.14418 140 170 200
3.26378 -0.49129 4.52362 140 170 200
-2.75304 1.77668 4.11833 140 170 200
1.47938 3.06937 6.52418 140 170 200
2.18868 2.66122 7.17949 140 170 200
3.24806 -0.52997 4.21513 140 170 200
-2.46417 1.88950 1.22779 140 170 200
-1.70490 2.58544 1.00406 140 170 200
-2.33943 -2.22880 3.22641 140 170 200
3.20048 1.20508 6.77296 140 170 200
-2.04560 -2.69817 6.09929 140 170 200
2.27466 -2.25330 2.87307 140 170 200
-0.49062 -3.00819 0.24207 140 170 200
-2.93870 1.67735 6.00497 140 170 200
2.48636 2.22393 5.32913 140 170 200
0.18954 3.44129 7.11010 140 170 200
-0.32931 3.38718 6.37760 140 170 200
-2.38827 2.10760 2.50122 140 170 200
2.28997 2.54371 6.77549 140 170 200
-2.93823 -1.51234 4.64669 140 170 200
-2.23713 2.49576 5.41864 140 170 200
-3.22950 0.07365 3.49815 140 170 200
-0.75444 3.36164 7.26315 140 170 200
-3.02547 0.90246 2.03546 140 170 200
-0.73545 -3.07613 2.11315 140 170 200
2.70086 1.67203 2.41487 140 170 200
-3.44845 -0.21901 7.25382 140 170 200
-2.51715 -2.31449 6.73485 140 170 200
-1.58182 -2.78036 2.70787 140 170 200
2.76578 -1.45791 1.55294 140 170 200
0.59481 -3.00298 0.46796 140 170 200
-0.23540 -3.39884 6.35732 140 170 200
2.25082 -2.45807 5.10631 140 170 200
2.92589 -1.74470 6.51558 140 170 200
1.81515 -2.88623 6.56616 140 170 200
-2.62495 -2.28490 7.71688 140 170 200
1.80130 -2.71991 4.02460 140 170 200
-1.60290 3.07804 7.57061 140 170 200
3.12841 -0.97369 4.20009 140 170 200
1.57858 3.02551 6.56228 140 170 200
0.43297 3.29645 5.21405 140 170 200
1.90745 2.94500 8.35415 140 170 200
0.54819 -3.19869 3.61538 140 170 200
-3.12343 1.36341 6.40868 140 170 200
-0.25226 -3.34786 5.62097 140 170 200
-3.54589 -0.22454 8.98902 140 170 200
-2.53188 1.76107 0.93108 140 170 200
2.66927 -2.03376 5.62118 140 170 200
-2.89046 1.31288 2.36925 140 170 200
-2.57200 -2.36706 8.04533 140 170 200
2.18001 -2.68295 7.29548 140 170 200
0.78890 3.29477 6.16972 140 170 200
-2.70126 1.89280 4.59380 140 170 200
2.08665 2.68679 6.33590 140 170 200
-3.21455 -0.88349 5.24145 140 170 200
0.78668 -3.09883 2.86936 140 170 200
3.26215 1.17519 7.50480 140 170 200
3.07587 1.22522 4.87695 140 170 200
-0.17663 -3.18825 2.59429 140 170 200
-0.84927 -3.27282 6.19168 140 170 200
-2.49900 1.76350 0.37729 140 170 200
-2.19500 2.62989 6.66622 140 170 200
-0.66062 3.23779 4.50498 140 170 200
3.12434 1.27718 5.93335 140 170 200
-3.12804 -0.26694 1.67630 140 170 200
-2.55035 -2.27924 6.65085 140 170 200
2.26523 -2.55759 6.69390 140 170 200
-3.31216 -0.89183 6.84898 140 170 200
1.90023 2.68422 4.47814 140 170 200
-1.20498 3.14826 5.98701 140 170 200
0.72831 -3.25598 5.19690 140 170 200
-2.34007 -2.14792 2.37500 140 170 200
0.40425 -3.02966 0.41910 140 170 200
-2.79471 1.68887 4.00312 140 170 200
3.15055 1.42294 7.46750 140 170 200
2.50617 -2.01747 3.18525 140 170 200
-2.00194 2.78415 6.91199 140 170 200
2.92842 1.69197 5.97913 140 170 200
-2.76304 -1.67861 3.46443 140 170 200
-0.11546 -3.04182 0.20584 140 170 200
-3.25213 0.45235 4.15735 140 170 200
-2.45926 -2.13707 3.81835 140 170 200
-2.71527 1.55423 1.50489 140 170 200
1.35079 -3.19385 7.49894 140 170 200
0.74306 -3.45494 8.63450 140 170 200
-0.58464 -3.06176 1.34212 140 170 200
3.15007 0.39551 2.35545 140 170 200
-3.35770 -0.34626 5.91766 140 170 200
0.77641 -3.43832 8.59686 140 170 200
0.11349 3.52179 8.45749 140 170 200
-0.20319 3.51075 8.43590 140 170 200
2.70414 -1.85647 4.23879 140 170 200
1.93182 -2.97273 8.88447 140 170 200
3.23454 -0.24160 3.56638 140 170 200
-3.09108 0.05008 1.01953 140 170 200
2.42340 2.40024 6.53349 140 170 200
3.32778 0.17273 5.25766 140 170 200
-0.94065 -3.32596 7.33724 140 170 200
1.37211 -3.08151 5.81939 140 170 200
-3.12782 1.51319 7.51469 140 170 200
-2.88845 1.45357 3.37994 140 170 200
1.72262 -2.70424 2.87465 140 170 200
1.34141 3.15670 6.98191 140 170 200
3.05142 1.28514 4.74625 140 170 200
3.06732 -0.67158 1.88205 140 170 200
-3.13783 -0.85620 3.65888 140 170 200
0.48355 -3.41674 7.34777 140 170 200
3.36865 -0.98458 8.37481 140 170 200
1.27499 -3.19560 7.00739 140 170 200
-3.35418 0.69223 6.64951 140 170 200
-2.07064 -2.78029 7.43945 140 170 200
-2.12698 -2.33003 2.07661 140 170 200
2.98452 -1.50820 5.46089 140 170 200
2.12033 2.59869 5.58723 140 170 200
-1.17931 -3.32231 8.55610 140 170 200
1.99064 -2.32120 0.34554 140 170 200
-2.23511 2.73372 8.75869 140 170 200
-0.88765 -3.30977 6.71715 140 170 200
0.00296 3.06864 0.41285 140 170 200
2.83195 1.74848 4.93074 140 170 200
3.04008 0.48945 0.86085 140 170 200
-3.29740 -0.62748 5.66697 140 170 200
3.11483 1.04828 4.34016 140 170 200
-2.87823 -1.88877 7.10979 140 170 200
-2.37417 2.35858 5.45941 140 170 200
3.44180 0.14862 7.22763 140 170 200
0.47690 3.20309 3.60372 140 170 200
-0.25419 -3.48370 7.81754 140 170 200
-2.51885 2.40147 7.89701 140 170 200
-0.51684 -3.33852 6.11522 140 170 200
1.26384 -2.92193 2.65514 140 170 200
1.03110 -3.39380 8.92981 140 170 200
-1.65672 -3.04086 7.49086 140 170 200
-0.07463 -3.48163 7.77433 140 170 200
-2.76385 -1.29623 0.31007 140 170 200
-3.38401 0.76178 7.56122 140 170 200
2.93101 1.19706 2.23478 140 170 200
3.28088 -0.51742 4.83838 140 170 200
1.83623 -2.88367 6.53173 140 170 200
-1.53757 -2.87879 3.97391 140 170 200
-1.96536 -2.50419 2.47131 140 170 200
-2.93228 -1.53630 4.76798 140 170 200
2.66308 1.79568 2.98186 140 170 200
-1.42276 3.05315 5.76960 140 170 200
-1.66143 2.63193 1.23437 140 170 200
0.88605 -3.14526 3.95605 140 170 200
-2.65303 -2.05681 5.56464 140 170 200
-2.84453 2.11771 8.92238 140 170 200
-1.56079 2.92163 4.72626 140 170 200
1.98691 -2.59918 4.11245 140 170 200
0.78648 -3.45369 8.91186 140 170 200
1.35440 -3.23534 8.38706 140 170 200
-2.68929 2.07495 6.26479 140 170 200
-3.30683 0.43377 5.15779 140 170 200
-2.85296 -1.41498 2.72061 140 170 200
1.20391 3.14502 5.84344 140 170 200
-2.25365 2.64608 7.62655 140 170 200
-3.53521 0.19732 8.84923 140 170 200
-1.50689 -2.75640 1.80389 140 170 200
-3.03967 0.99822 2.74861 140 170 200
1.97185 2.88603 8.04734 140 170 200
-3.10773 1.58084 7.85200 140 170 200
-3.34434 -0.66784 6.63783 140 170 200
-1.81421 -2.52277 1.17864 140 170 200
2.06613 -2.70531 6.54939 140 170 200
0.36081 3.26766 4.49466 140 170 200
-3.01648 -1.18835 3.62564 140 170 200
-2.76575 1.58045 2.53588 140 170 200
-1.24163 -2.96848 3.14670 140 170 200
2.33912 -2.36071 5.07989 140 170 200
-3.10829 0.45050 1.72019 140 170 200
1.84943 -2.75198 4.84793 140 170 200
3.08094 0.03913 0.65672 140 170 200
2.77678 -1.70824 3.97718 140 170 200
0.84743 -3.43556 8.67174 140 170 200
2.28998 2.55955 6.82651 140 170 200
-1.39825 -2.75716 0.84900 140 170 200
-3.39065 -0.30399 6.39184 140 170 200
3.10345 -0.57785 2.03572 140 170 200
-1.10450 3.10777 4.53919 140 170 200
-2.47703 -2.02328 2.93177 140 170 200
-3.48007 -0.50329 8.45925 140 170 200
0.55546 3.02827 0.71589 140 170 200
1.35890 -3.21359 8.01879 140 170 200
-0.14970 -3.41226 6.50707 140 170 200
-3.11894 -0.88776 3.54957 140 170 200
3.28829 -1.20610 8.00705 140 170 200
2.92569 -1.45238 3.93814 140 170 200
1.40867 -3.09440 6.48223 140 170 200
1.98963 2.82646 7.23952 140 170 200
2.51720 -1.97406 2.86100 140 170 200
-1.06344 2.90726 0.88323 140 170 200
-3.16227 -1.48994 7.91133 140 170 200
3.13946 -0.50238 2.35837 140 170 200
0.42053 3.49833 8.43934 140 170 200
0.99920 3.05903 3.12004 140 170 200
1.95208 -2.61930 4.01480 140 170 200
3.27289 0.26914 4.15113 140 170 200
1.50995 2.92840 4.48390 140 170 200
-1.64875 3.12212 8.69475 140 170 200
-0.23404 -3.17341 2.48479 140 170 200
-3.34340 0.41245 5.70857 140 170 200
-2.51616 1.99441 2.93073 140 170 200
2.71743 -1.52196 1.43279 140 170 200
0.11910 -3.20559 2.88216 140 170 200
-2.24200 -2.47424 5.22427 140 170 200
-1.80131 2.83712 5.69790 140 170 200
2.01317 -2.46854 2.65508 140 170 200
-0.06894 3.55057 8.89574 140 170 200
3.06222 -1.08254 3.54886 140 170 200
-0.22867 3.47137 7.61013 140 170 200
1.30538 -2.77021 0.53291 140 170 200
2.92164 -1.74745 6.45502 140 170 200
0.47206 3.17536 3.01551 140 170 200
0.42985 3.30748 5.08880 140 170 200
3.06178 1.64828 7.64853 140 170 200
-1.85587 2.87099 6.70714 140 170 200
-3.23952 -0.00525 3.52138 140 170 200
2.93918 1.76220 6.77168 140 170 200
1.98255 2.60049 4.00660 140 170 200
-2.72995 1.45299 0.80063 140 170 200
1.44426 3.07610 6.20131 140 170 200
0.51869 -3.48838 8.48063 140 170 200
-1.35906 2.77631 0.99087 140 170 200
3.25518 0.97550 6.39038 140 170 200
1.95889 2.86392 7.67521 140 170 200
-1.18234 3.14446 5.60816 140 170 200
2.00950 2.61740 4.63833 140 170 200
0.68267 3.10454 2.41279 140 170 200
0.85030 3.04015 2.01483 140 170 200
-2.84244 1.59338 3.84915 140 170 200
-3.34504 -0.50998 5.99303 140 170 200
-2.30606 -2.23679 3.11702 140 170 200
2.77642 -1.77709 4.66501 140 170 200
-1.27300 -3.10472 5.63750 140 170 200
1.00500 3.00214 2.16313 140 170 200
-3.26337 1.07872 6.84693 140 170 200
-0.43401 -3.35255 5.88414 140 170 200
-3.15487 -1.13874 5.56681 140 170 200
1.60321 2.88839 4.57376 140 170 200
0.75517 -3.14521 3.56817 140 170 200
1.09934 3.15560 5.19275 140 170 200
-1.92247 2.85532 7.05313 140 170 200
-0.34995 -3.39679 6.54669 140 170 200
3.35344 -0.65379 6.81677 140 170 200
2.44249 -2.01091 2.15807 140 170 200
3.39354 -0.65145 7.17045 140 170 200
-2.57221 1.95041 3.30373 140 170 200
-2.91904 1.24476 2.37519 140 170 200
1.62088 2.65892 1.34517 140 170 200
-3.41571 0.59349 7.59645 140 170 200
0.64065 -3.30957 5.83758 140 170 200
3.14933 1.45604 7.68840 140 170 200
-1.40436 3.03308 5.30273 140 170 200
3.11547 -1.57342 7.84608 140 170 200
1.37155 3.04062 5.26084 140 170 200
-0.98728 3.23631 6.03231 140 170 200
2.82739 -1.22227 0.73397 140 170 200
-1.90480 2.81055 6.23648 140 170 200
1.63683 -2.93734 5.61734 140 170 200
-0.73469 3.09456 2.45729 140 170 200
-0.13719 3.11191 1.26259 140 170 200
1.24575 2.98576 3.40953 140 170 200
2.85072 1.18432 0.76973 140 170 200
-2.89697 1.70443 5.64447 140 170 200
-0.75968 -3.24649 5.16808 140 170 200
-3.51332 -0.11801 8.32384 140 170 200
-2.77135 1.82464 4.92033 140 170 200
0.96706 3.28519 6.74841 140 170 200
-1.37384 -3.09479 6.18826 140 170 200
-0.06099 3.39820 6.49336 140 170 200
3.15081 0.64382 3.10759 140 170 200
3.18258 -0.72105 4.01905 140 170 200
2.92226 -1.10443 1.32794 140 170 200
0.74850 3.29597 6.07238 140 170 200
0.23021 3.20524 3.00602 140 170 200
-2.91739 -1.60631 5.19320 140 170 200
-3.15436 1.54735 8.35470 140 170 200
2.58487 -2.19959 6.35025 140 170 200
-2.85563 1.41212 2.69108 140 170 200
2.18149 2.50058 4.89472 140 170 200
-3.21499 -0.97041 5.65632 140 170 200
2.63823 2.27488 7.76172 140 170 200
-3.27071 1.12648 7.28913 140 170 200
-2.83745 -1.49731 3.12237 140 170 200
3.31248 -1.18455 8.33884 140 170 200
-0.84052 3.00872 1.58572 140 170 200
-1.88684 -2.57737 2.76742 140 170 200
3.06127 0.00344 0.52187 140 170 200
2.21657 -2.31787 3.08644 140 170 200
-1.33261 2.97147 4.00782 140 170 200
0.18303 3.17057 2.45051 140 170 200
2.44473 1.83557 0.31993 140 170 200
0.67083 -2.97924 0.30012 140 170 200
3.28642 1.21996 8.37540 140 170 200
-2.52025 -2.30410 6.79217 140 170 200
-1.36352 3.12224 6.48205 140 170 200
-0.83471 -3.35050 7.22172 140 170 200
3.32782 -0.72621 6.44612 140 170 200
-0.48119 3.05473 0.78147 140 170 200
-2.56672 -2.40167 8.38949 140 170 200
-2.25016 2.38006 4.13828 140 170 200
-3.28028 -0.19464 4.35632 140 170 200
3.02546 1.74571 8.06533 140 170 200
0.89316 3.02893 2.11309 140 170 200
0.88321 -3.09543 3.09987 140 170 200
-1.95848 2.88426 7.80223 140 170 200
3.32096 0.02106 4.93860 140 170 200
-1.41124 2.95789 4.06104 140 170 200
-1.70730 -3.09092 8.62706 140 170 200
3.44391 -0.62141 8.08285 140 170 200
2.13272 -2.78117 8.07150 140 170 200
0.13624 -3.15621 2.18399 140 170 200
3.14585 -1.49687 7.70930 140 170 200
-1.82230 -2.84884 6.12582 140 170 200
-3.37761 -0.40895 6.42356 140 170 200
-2.97219 -0.75504 0.65402 140 170 200
3.13555 -1.14591 5.25338 140 170 200
3.17236 0.04258 2.24177 140 170 200
-3.49429 -0.34499 8.40118 140 170 200
0.39926 -3.31467 5.30484 140 170 200
3.27032 0.79839 5.78762 140 170 200
1.41023 -2.84777 2.46852 140 170 200
1.81764 -2.71202 4.07268 140 170 200
-3.28781 -0.49096 5.02384 140 170 200
1.64805 -3.05295 7.44259 140 170 200
2.09992 2.62569 5.73763 140 170 200
2.91470 -1.08958 1.26561 140 170 200
3.13240 0.99269 4.33286 140 170 200
3.11655 0.74307 2.94376 140 170 200
-3.29233 -0.50073 5.10683 140 170 200
-0.30484 -3.27834 4.50124 140 170 200
-0.94586 -2.91450 0.41206 140 170 200
-3.00396 -0.98046 2.14077 140 170 200
0.70898 -3.30615 6.15496 140 170 200
-2.59015 -2.08090 5.15463 140 170 200
1.80646 -2.47980 0.70554 140 170 200
2.50613 2.23167 5.61735 140 170 200
3.29267 -0.38605 4.79476 140 170 200
2.28890 -2.12986 1.61176 140 170 200
2.41302 -1.86515 0.21872 140 170 200
-2.11025 2.43622 3.30405 140 170 200
3.25188 -1.12787 7.17130 140 170 200
1.97363 2.43209 1.45140 140 170 200
3.10691 1.65474 8.54400 140 170 200
-2.67318 1.97530 5.13815 140 170 200
3.13255 -1.40059 6.99157 140 170 200
3.46770 -0.70981 8.81035 140 170 200
-3.18343 0.12954 2.64526 140 170 200
0.04045 -3.35170 5.48893 140 170 200
-3.13275 -0.76748 3.35123 140 170 200
2.33943 2.02248 0.99921 140 170 200
-1.97198 -2.82984 7.28751 140 170 200
1.84465 2.43657 0.31498 140 170 200
-1.94096 -2.90297 7.91746 140 170 200
0.20749 3.45105 7.29592 140 170 200
-0.28316 3.37292 5.96807 140 170 200
-1.52132 -2.98244 5.56112 140 170 200
-3.38842 0.75874 7.72473 140 170 200
1.48561 -2.69278 0.72805 140 170 200
-1.45305 -3.10179 6.80504 140 170 200
-0.87623 3.01601 1.89149 140 170 200
0.51842 -3.01328 0.39365 140 170 200
2.95585 1.27200 3.09513 140 170 200
-0.30720 -3.21282 3.22928 140 170 200
-2.37242 2.08124 2.00348 140 170 200
-1.09814 3.23315 6.58792 140 170 200
-3.30164 -0.47331 5.28128 140 170 200
2.93136 -1.93560 8.34261 140 170 200
-0.14598 3.44005 7.01885 140 170 200
3.47152 -0.01339 7.56094 140 170 200
-2.97576 -1.85918 8.19705 140 170 200
-0.04596 3.46327 7.39509 140 170 200
-1.12537 -2.90098 1.31336 140 170 200
-0.28890 -3.13864 1.93769 140 170 200
-3.19456 -0.64103 3.89848 140 170 200
2.20078 2.36094 3.27354 140 170 200
1.39316 -3.21347 8.05526 140 170 200
1.23029 -3.09360 4.97795 140 170 200
0.33392 -3.47884 7.97658 140 170 200
0.11668 -3.25259 3.76761 140 170 200
-2.58096 2.38353 8.23008 140 170 200
-3.08103 0.14086 0.87890 140 170 200
-1.73699 -2.79340 4.28623 140 170 200
1.77068 3.02415 8.18585 140 170 200
-2.60537 -2.00071 4.32268 140 170 200
2.63340 2.18407 6.77381 140 170 200
1.86470 -2.64166 3.53291 140 170 200
2.53725 2.37745 7.58649 140 170 200
0.47394 -3.34293 5.90826 140 170 200
0.60553 3.40620 7.44162 140 170 200
2.99777 -1.44841 5.08562 140 170 200
-1.84512 -2.82680 5.96181 140 170 200
-3.00976 1.38994 5.01781 140 170 200
3.21714 0.90482 5.35417 140 170 200
-2.65429 -2.11749 6.40374 140 170 200
-2.24490 2.16082 1.33849 140 170 200
1.03053 -3.29110 7.07686 140 170 200
0.85748 -3.11748 3.48191 140 170 200
-1.17959 -2.82431 0.31941 140 170 200
-0.37738 3.35598 6.01398 140 170 200
1.56629 2.97885 5.75522 140 170 200
-3.41523 0.06311 6.71562 140 170 200
-3.39430 1.04767 8.98607 140 170 200
-1.53457 -2.91799 4.42678 140 170 200
-3.46360 -0.72441 8.78133 140 170 200
-3.34899 0.10666 5.44484 140 170 200
-3.21692 0.39008 3.50552 140 170 200
-3.39449 -0.09056 6.30623 140 170 200
2.19497 -2.27467 2.03864 140 170 200
1.68449 3.10411 8.72380 140 170 200
3.24938 0.38485 4.24735 140 170 200
0.53682 3.00355 0.30139 140 170 200
-1.25323 3.14886 6.11363 140 170 200
-2.36779 -2.02018 1.33384 140 170 200
1.70312 -2.58808 1.04000 140 170 200
-0.70430 -2.97941 0.42387 140 170 200
3.49588 -0.03747 8.03514 140 170 200
3.07359 0.01369 0.51940 140 170 200
1.22557 3.10226 5.09153 140 170 200
2.81754 1.71673 4.67394 140 170 200
-1.81500 -3.00788 8.26771 140 170 200
-3.14637 1.55451 8.26879 140 170 200
-1.31754 3.25002 8.34975 140 170 200
-1.25115 3.01218 3.88212 140 170 200
2.58585 -2.05896 4.53292 140 170 200
3.08171 1.58264 7.55747 140 170 200
-1.20762 2.86942 1.33219 140 170 200
-3.10327 0.00214 1.27903 140 170 200
-2.98461 1.85263 8.35643 140 170 200
-1.17313 -2.83342 0.47948 140 170 200
-2.54466 -2.03834 3.72887 140 170 200
0.98198 -2.99201 2.02538 140 170 200
1.72894 -2.57298 0.99352 140 170 200
-2.86259 2.08146 8.78578 140 170 200
2.09876 -2.34850 1.75685 140 170 200
-2.21001 -2.41859 4.16638 140 170 200
2.03619 -2.44952 2.58608 140 170 200
-3.23126 0.71434 4.68865 140 170 200
3.39807 0.55062 7.06297 140 170 200
-1.85429 -2.84128 6.15119 140 170 200
3.27177 -0.70963 5.39250 140 170 200
2.99516 -1.40286 4.86050 140 170 200
1.80319 2.54998 1.44091 140 170 200
-3.25595 0.21407 3.90439 140 170 200
2.44193 -2.51018 8.22039 140 170 200
-3.00105 1.73606 7.51408 140 170 200
-3.05565 -0.35024 0.81343 140 170 200
3.47593 -0.05245 7.68078 140 170 200
-3.45194 0.37796 7.57691 140 170 200
1.27369 3.21867 7.35815 140 170 200
3.36452 0.83403 7.46609 140 170 200
-3.43397 0.85033 8.86131 140 170 200
-3.05948 -0.28153 0.72350 140 170 200
2.85234 -1.56964 3.73748 140 170 200
0.92242 -3.41494 8.74116 140 170 200
3.08104 1.28451 5.22663 140 170 200
1.38885 -3.11164 6.34420 140 170 200
2.92827 1.36745 3.54180 140 170 200
3.15921 0.27960 2.18049 140 170 200
-3.38429 -1.02859 8.82343 140 170 200
-3.18720 -0.60367 3.53929 140 170 200
-1.35407 3.05277 5.29811 140 170 200
-3.08036 0.77944 2.47340 140 170 200
3.09476 -1.69195 8.72949 140 170 200
-1.42043 -2.84891 2.60669 140 170 200
-1.92660 2.93651 8.29191 140 170 200
2.93364 -1.29251 2.90990 140 170 200
1.83547 3.01529 8.56405 140 170 200
1.46720 2.88784 3.59061 140 170 200
0.37238 3.47385 7.94429 140 170 200
0.36881 3.33888 5.63587 140 170 200
2.80943 1.34347 1.27285 140 170 200
-1.17477 2.98570 2.94440 140 170 200
-3.27547 -1.03369 7.01251 140 170 200
0.57747 3.34372 6.21838 140 170 200
2.53636 2.01479 3.48959 140 170 200
-1.84862 -2.56018 2.02857 140 170 200
-3.04683 1.67530 7.58333 140 170 200
-1.92134 -2.76469 5.83079 140 170 200
0.04183 3.39289 6.34217 140 170 200
0.12641 -3.30301 4.58209 140 170 200
3.18045 -0.54944 3.43841 140 170 200
-0.22961 3.24727 3.72356 140 170 200
-1.96131 -2.35173 0.49567 140 170 200
0.33261 -3.50487 8.53844 140 170 200
-3.12274 -0.87066 3.58340 140 170 200
-0.84188 3.18430 4.61720 140 170 200
0.71653 3.15220 3.49948 140 170 200
-1.95290 -2.57037 3.48201 140 170 200
-3.37695 0.42891 6.37282 140 170 200
1.76912 -2.89560 6.24258 140 170 200
2.92951 1.84248 7.42780 140 170 200
3.02324 0.63050 0.87927 140 170 200
-2.40324 2.53194 7.96113 140 170 200
-3.48173 0.56577 8.64477 140 170 200
-2.27009 -2.72894 8.91055 140 170 200
2.34516 2.04277 1.41307 140 170 200
-2.81222 -1.71829 4.64999 140 170 200
1.36118 -3.25520 8.49896 140 170 200
2.89712 -1.85009 6.99581 140 170 200
2.48281 -1.80959 0.77074 140 170 200
-3.46731 -0.40421 7.92980 140 170 200
2.79455 -2.05063 7.66545 140 170 200
-3.35684 -0.80837 7.17469 140 170 200
2.92857 1.45433 3.98734 140 170 200
3.33903 -0.55745 5.91536 140 170 200
3.41346 0.05588 6.63135 140 170 200
-0.72508 3.16957 3.85272 140 170 200
3.30018 0.98990 7.20750 140 170 200
-3.07245 -0.86481 2.74202 140 170 200
-2.87120 -1.29492 1.92075 140 170 200
-2.24945 -2.64825 7.83541 140 170 200
2.05218 2.49212 3.33901 140 170 200
3.05708 0.33602 0.73813 140 170 200
-0.34124 3.45198 7.61624 140 170 200
3.28257 1.10079 7.33328 140 170 200
3.37721 0.76124 7.36174 140 170 200
-0.28298 3.22038 3.35285 140 170 200
3.36363 -0.02462 5.66530 140 170 200
1.00611 -2.88584 0.33241 140 170 200
-1.97051 2.32930 0.22177 140 170 200
-2.26353 2.23261 2.61471 140 170 200
2.99895 -1.41472 4.98843 140 170 200
-1.76483 -2.85888 5.64009 140 170 200
1.61909 -2.66203 1.45578 140 170 200
2.29989 -2.62685 7.90771 140 170 200
1.71479 3.08654 8.66826 140 170 200
3.09641 0.31446 1.32339 140 170 200
-0.39649 3.44137 7.54227 140 170 200
-2.79275 -1.88287 5.76024 140 170 200
2.78175 -1.80130 4.78728 140 170 200
-1.18790 3.07836 4.67063 140 170 200
2.01784 -2.77260 6.91907 140 170 200
-1.65640 -2.69116 2.15365 140 170 200
-1.89988 -2.77728 5.71471 140 170 200
-0.67067 -3.11849 2.63319 140 170 200
-3.08709 -0.22410 1.00485 140 170 200
-1.54219 -2.96180 5.22841 140 170 200
0.85712 -3.07407 2.69935 140 170 200
-2.89578 -1.82207 6.85852 140 170 200
3.28787 0.82705 6.07128 140 170 200
-3.16689 -0.21115 2.29469 140 170 200
-2.85224 -1.99060 7.85748 140 170 200
2.29130 -2.28108 3.40797 140 170 200
3.41674 0.11226 6.57246 140 170 200
3.04242 0.95845 2.68772 140 170 200
-2.13210 2.33018 2.04012 140 170 200
1.14016 -3.29850 7.84603 140 170 200
-3.49630 0.34551 8.33100 140 170 200
-1.10427 3.05191 3.45279 140 170 200
-1.12357 -3.01668 3.11935 140 170 200
-3.40818 -0.09344 6.51756 140 170 200
-2.83580 -1.41625 2.32288 140 170 200
-3.13858 1.51725 7.87913 140 170 200
-0.47640 -3.01437 0.28117 140 170 200
3.10544 0.30506 1.53688 140 170 200
3.10995 0.03283 1.33746 140 170 200
-1.31761 -2.93439 3.14534 140 170 200
3.44238 0.58205 7.89500 140 170 200
-1.76049 2.88552 5.98221 140 170 200
-2.07506 2.31442 1.21366 140 170 200
-2.34286 -2.03458 0.94561 140 170 200
0.45097 -3.17881 2.87891 140 170 200
1.46714 -3.02734 5.80888 140 170 200
-0.63269 3.29928 5.58321 140 170 200
1.62572 2.64568 1.27709 140 170 200
3.41337 -0.41378 7.01155 140 170 200
3.24148 0.91410 5.91609 140 170 200
1.38131 -3.25839 8.86141 140 170 200
3.31203 0.42108 5.22595 140 170 200
-3.20588 0.30067 3.23111 140 170 200
-1.95889 -2.41363 1.32491 140 170 200
-3.47443 0.48967 8.33487 140 170 200
-2.81571 -1.21230 0.55774 140 170 200
3.19421 0.51344 3.42344 140 170 200
1.88558 2.74563 5.03519 140 170 200
-3.15738 -1.09871 5.37571 140 170 200
1.57398 -2.96331 5.48409 140 170 200
-3.25636 -1.02253 6.64161 140 170 200
-3.11813 0.01013 1.40823 140 170 200
3.41653 -0.25416 6.65986 140 170 200
-2.69231 2.23230 8.08964 140 170 200
-2.31028 2.02444 0.48881 140 170 200
2.74009 1.37496 0.54006 140 170 200
0.73390 -3.46911 8.92945 140 170 200
2.92382 1.32501 3.09243 140 170 200
2.15597 2.48157 4.37075 140 170 200
3.01231 1.12223 3.07513 140 170 200
1.18333 3.12472 5.25978 140 170 200
-3.16207 1.27749 6.59366 140 170 200
3.31685 0.89616 7.00450 140 170 200
-2.75335 1.71254 3.48302 140 170 200
-3.15930 0.37787 2.62655 140 170 200
2.54767 2.12922 5.17489 140 170 200
3.05502 1.10282 3.74196 140 170 200
-1.32772 3.10051 5.82809 140 170 200
-1.96877 -2.72899 5.73718 140 170 200
-2.73315 -2.17961 8.13082 140 170 200
2.13644 2.18015 0.23669 140 170 200
2.59960 1.69391 1.16123 140 170 200
1.32928 3.17457 7.23093 140 170 200
2.35864 -2.37774 5.49519 140 170 200
2.80709 -1.28529 0.79167 140 170 200
-3.48940 -0.47669 8.52840 140 170 200
2.75934 -1.94520 6.07201 140 170 200
2.24527 2.43352 4.64292 140 170 200
-1.89407 -2.87289 7.17044 140 170 200
-1.99543 -2.70187 5.60283 140 170 200
-3.08652 1.01728 3.64357 140 170 200
-0.24586 -3.19913 2.95360 140 170 200
-3.24453 0.51405 4.35640 140 170 200
2.03916 -2.57933 4.54933 140 170 200
2.24753 2.57697 6.59784 140 170 200
3.27069 0.35728 4.52938 140 170 200
-2.20917 2.12422 0.37408 140 170 200
2.35303 2.46228 6.36447 140 170 200
1.32718 2.78086 0.85907 140 170 200
3.31657 1.02610 7.73039 140 170 200
-3.09072 1.44009 6.56633 140 170 200
-0.26941 -3.35166 5.61847 140 170 200
-3.07757 -1.14463 4.36295 140 170 200
-1.95205 2.46230 1.81441 140 170 200
3.37419 0.24868 6.11112 140 170 200
-3.10755 -0.17717 1.23237 140 170 200
-1.57515 2.96565 5.67687 140 170 200
0.21961 3.13634 1.91833 140 170 200
-3.19809 1.00490 5.61063 140 170 200
1.50452 2.73944 1.62074 140 170 200
-1.35095 2.79682 1.09188 140 170 200
2.94515 -1.47333 4.51036 140 170 200
-2.61398 -2.18618 6.57906 140 170 200
3.16148 -0.20383 2.42479 140 170 200
-2.29567 -2.38031 4.74637 140 170 200
2.83008 1.97514 7.33277 140 170 200
-1.67986 -2.87404 5.19891 140 170 200
2.23157 -2.50344 5.61280 140 170 200
2.70286 -1.65149 2.25677 140 170 200
-2.93005 -1.04501 1.37292 140 170 200
2.27853 2.14314 1.60089 140 170 200
-2.20460 -2.77197 8.77688 140 170 200
1.92713 2.42021 1.01864 140 170 200
2.93384 1.07788 1.62397 140 170 200
0.75376 3.07351 2.12370 140 170 200
2.82809 1.97525 7.24059 140 170 200
-3.06752 1.09563 3.86404 140 170 200
3.24178 -1.19217 7.26525 140 170 200
-1.74440 -2.76391 4.05066 140 170 200
-1.18057 -3.24558 7.29766 140 170 200
1.15444 -3.29696 8.13945 140 170 200
0.22165 3.27138 4.30234 140 170 200
-3.19148 -1.56140 8.88785 140 170 200
-0.81085 -3.41864 8.44906 140 170 200
-1.01902 2.88390 0.34601 140 170 200
-2.54827 2.17455 5.32608 140 170 200
-1.02049 -3.23309 6.12902 140 170 200
1.24895 -3.24579 7.70351 140 170 200
-2.18807 2.59032 6.26850 140 170 200
-2.39296 -2.41377 6.39570 140 170 200
-1.64156 -2.74840 2.89047 140 170 200
3.12676 -1.49844 7.51422 140 170 200
0.72074 -3.00518 0.79889 140 170 200
1.15699 3.18391 6.13152 140 170 200
-2.22150 -2.23967 2.09041 140 170 200
3.31829 -0.90253 7.05200 140 170 200
-2.49176 2.39152 7.25974 140 170 200
0.30162 -3.13032 1.83906 140 170 200
-3.34726 -0.84171 7.28781 140 170 200
-3.20664 1.32094 7.65653 140 170 200
-2.78824 -1.31770 0.70227 140 170 200
-2.91753 1.48358 4.14905 140 170 200
-1.30735 2.87001 2.00432 140 170 200
0.21738 -3.10666 1.39054 140 170 200
-3.38141 -0.70433 7.37201 140 170 200
2.94234 -1.27614 2.92227 140 170 200
3.36908 0.18522 6.01692 140 170 200
0.36945 -3.02370 0.23537 140 170 200
1.70473 2.58945 0.95082 140 170 200
0.23710 -3.35974 5.72564 140 170 200
2.22562 -2.36315 3.61662 140 170 200
0.74081 -3.40872 8.00838 140 170 200
-2.57263 -1.72113 0.97733 140 170 200
2.41717 2.34856 5.84247 140 170 200
3.30194 -0.83913 6.52041 140 170 200
-1.55259 2.98429 5.73435 140 170 200
3.33801 0.59837 6.33152 140 170 200
3.17147 0.03744 2.52425 140 170 200
-0.24580 -3.43278 7.06541 140 170 200
1.66295 -2.89359 5.24404 140 170 200
1.12898 -3.26146 7.24131 140 170 200
-2.90687 -1.13065 1.34689 140 170 200
-2.10907 -2.29988 1.39601 140 170 200
2.72059 -1.80401 3.84188 140 170 200
-1.68361 -2.79157 3.79150 140 170 200
-1.85212 2.50957 1.40953 140 170 200
2.94537 -0.94878 0.96764 140 170 200
3.02243 -0.66399 0.96359 140 170 200
-2.13140 -2.21030 0.69685 140 170 200
-2.81127 -1.23969 0.51441 140 170 200
3.19346 -1.33796 7.40693 140 170 200
0.61618 -3.45689 8.46633 140 170 200
2.40899 2.22591 4.11011 140 170 200
3.03918 -0.81771 1.94963 140 170 200
-0.51671 -3.18043 3.24043 140 170 200
-0.23894 -3.45566 7.49738 140 170 200
-2.85665 2.05001 8.41860 140 170 200
3.18397 0.16913 2.42575 140 170 200
-0.41724 3.03668 0.49073 140 170 200
-1.56654 2.80294 3.06224 140 170 200
-3.12779 0.88982 3.75168 140 170 200
-0.91739 -2.90603 0.22887 140 170 200
-3.23773 1.03836 6.33714 140 170 200
-2.16083 2.24023 1.37285 140 170 200
0.03651 3.09624 0.97352 140 170 200
0.39567 -3.38874 6.65887 140 170 200
0.80287 -3.34385 7.09609 140 170 200
-2.05184 2.38080 1.92477 140 170 200
0.69589 3.36690 7.07673 140 170 200
0.59831 3.14151 2.96196 140 170 200
-1.66667 -2.73190 3.05835 140 170 200
0.44024 -3.08265 1.35342 140 170 200
0.68957 -3.08641 2.31548 140 170 200
2.11747 -2.23607 0.56738 140 170 200
0.09527 -3.39098 6.25642 140 170 200
-3.47017 0.30750 7.77190 140 170 200
-0.33508 3.05929 0.65825 140 170 200
-2.23125 2.26564 2.57940 140 170 200
-0.67940 3.15750 3.40103 140 170 200
2.64282 1.90723 3.81557 140 170 200
2.14610 2.72764 7.54483 140 170 200
3.06765 0.24521 0.60646 140 170 200
1.10440 3.17606 5.75948 140 170 200
1.69807 -2.86268 5.04872 140 170 200
-3.37708 -0.80240 7.66457 140 170 200
-2.47096 2.05880 3.03696 140 170 200
0.24618 3.09973 1.16058 140 170 200
-2.62977 -1.66583 1.42959 140 170 200
3.32825 -0.56167 5.90110 140 170 200
-1.92088 2.71612 5.16687 140 170 200
1.93177 -2.74828 5.57042 140 170 200
2.89273 -1.16270 1.49011 140 170 200
0.70703 -2.99211 0.60296 140 170 200
-2.80894 -1.81837 5.34679 140 170 200
-0.99359 2.92999 0.96633 140 170 200
3.44426 0.73327 8.42152 140 170 200
-0.29112 -3.44657 7.36973 140 170 200
3.03373 -0.86144 1.88644 140 170 200
-1.24980 -3.11070 5.61908 140 170 200
3.03827 0.70368 1.44277 140 170 200
2.24716 2.69718 8.47620 140 170 200
-2.62220 2.08850 5.54622 140 170 200
3.20412 -0.21597 3.14502 140 170 200
2.92015 1.72439 6.32886 140 170 200
-1.25917 2.77093 0.22461 140 170 200
-3.03108 -1.02462 2.87431 140 170 200
2.42162 2.05404 2.38505 140 170 200
2.39070 2.17827 3.40051 140 170 200
2.81641 1.29724 1.00589 140 170 200
-3.53926 -0.06185 8.73733 140 170 200
-0.74780 3.20160 4.48428 140 170 200
3.37231 0.85462 7.81433 140 170 200
-3.08279 -0.03534 0.76363 140 170 200
-0.42616 -3.45196 7.71739 140 170 200
-1.65561 -2.96026 6.09376 140 170 200
-1.36227 -3.11077 6.31464 140 170 200
-3.28890 -1.08309 7.39500 140 170 200
0.64776 -3.25794 4.99481 140 170 200
3.12127 1.29014 5.93062 140 170 200
1.27567 3.26466 8.17465 140 170 200
-0.90141 -2.98364 1.37824 140 170 200
-1.57770 2.63952 0.72770 140 170 200
0.24810 3.53463 8.85818 140 170 200
3.44731 0.59153 8.02280 140 170 200
2.24739 -2.43956 4.88899 140 170 200
1.80236 -2.92159 7.18092 140 170 200
3.24463 1.29578 8.02655 140 170 200
-1.10469 3.10566 4.47468 140 170 200
0.68421 3.02114 1.12501 140 170 200
0.88645 3.18402 4.59604 140 170 200
-0.16398 3.22728 3.44748 140 170 200
-0.89153 2.92819 0.41998 140 170 200
-0.95284 -3.40099 8.66403 140 170 200
3.34974 -0.64224 6.63035 140 170 200
3.31377 0.97264 7.22240 140 170 200
-1.48723 3.01701 5.60903 140 170 200
-1.58034 -2.76736 2.70475 140 170 200
-1.15326 3.14576 5.50505 140 170 200
1.23199 3.17709 6.32683 140 170 200
1.66032 2.92471 5.61409 140 170 200
-2.53942 -1.79535 1.39769 140 170 200
2.01984 2.81919 7.45539 140 170 200
2.62071 1.81853 2.96300 140 170 200
-0.00628 -3.26062 3.85293 140 170 200
-1.85044 2.76897 5.20999 140 170 200
2.79232 -2.17897 8.81665 140 170 200
-3.21503 0.07288 3.09738 140 170 200
2.07852 2.26374 0.59721 140 170 200
1.24588 3.31362 8.77411 140 170 200
2.59377 -2.39104 8.65134 140 170 200
2.22122 2.23700 2.05598 140 170 200
-1.39037 3.18394 7.58526 140 170 200
-1.15695 3.31646 8.33895 140 170 200
3.04510 -0.23532 0.32372 140 170 200
3.38902 -0.54920 6.96055 140 170 200
-1.11946 -2.93847 1.88634 140 170 200
0.31516 3.45267 7.57002 140 170 200
1.31690 2.76603 0.39894 140 170 200
3.15968 1.25319 6.42129 140 170 200
3.21705 1.30425 7.48232 140 170 200
2.86045 -1.11570 0.53820 140 170 200
-2.72658 -2.07453 6.98058 140 170 200
0.99406 2.95209 1.31904 140 170 200
0.60378 -3.02824 0.94806 140 170 200
3.11560 1.62258 8.34762 140 170 200
-3.47858 -0.49261 8.36720 140 170 200
1.14634 3.23379 6.84511 140 170 200
-3.32107 1.11084 8.09511 140 170 200
0.40129 3.03370 0.35878 140 170 200
2.17512 2.51460 4.86827 140 170 200
3.12446 -1.54641 7.94120 140 170 200
3.07210 -1.69074 8.11624 140 170 200
-3.24655 0.13693 3.58729 140 170 200
0.72658 -3.13953 3.20642 140 170 200
1.01794 3.25451 6.49541 140 170 200
-2.46247 1.86187 0.76959 140 170 200
0.52730 3.40431 7.17812 140 170 200
2.74937 1.59730 2.52701 140 170 200
-2.94557 1.52717 4.95555 140 170 200
-0.10096 -3.15229 2.00297 140 170 200
-0.11165 -3.42014 6.78794 140 170 200
-3.30537 1.22797 8.64309 140 170 200
-3.13727 1.10017 5.12394 140 170 200
-2.81123 -2.12184 8.59582 140 170 200
2.97365 -1.32888 3.90085 140 170 200
1.87881 2.58805 2.86114 140 170 200
-2.87280 1.95465 7.66551 140 170 200
2.54366 -1.71281 0.56017 140 170 200
-3.05223 -0.96437 2.81340 140 170 200
0.90885 -3.28969 6.41407 140 170 200
-3.07016 0.73441 1.96917 140 170 200
3.07236 -1.66270 8.09766 140 170 200
2.54547 -2.09867 4.60992 140 170 200
-2.99263 1.05727 2.49273 140 170 200
3.24400 0.10216 3.62548 140 170 200
-2.92846 -1.29269 2.83681 140 170 200
0.97328 3.26714 6.50351 140 170 200
0.18407 3.09819 1.23673 140 170 200
-3.14463 1.48605 7.79150 140 170 200
-2.98078 0.96874 1.59846 140 170 200
2.05069 -2.45805 2.82515 140 170 200
3.30283 0.65781 5.86808 140 170 200
-0.90257 3.10086 3.47311 140 170 200
-2.23323 -2.44866 4.85460 140 170 200
-2.40836 -2.31868 5.36972 140 170 200
-1.31373 2.89664 2.61240 140 170 200
1.45451 2.99013 5.06935 140 170 200
-0.59452 3.46870 8.50213 140 170 200
2.37709 -1.90846 0.22374 140 170 200
-0.27084 3.34400 5.60491 140 170 200
-3.21561 0.16679 3.16672 140 170 200
3.25927 -1.23593 7.86117 140 170 200
2.28673 2.10500 1.11158 140 170 200
2.12124 -2.23808 0.77410 140 170 200
-0.13588 -3.26288 3.92561 140 170 200
-3.37416 0.30993 6.27192 140 170 200
2.89844 -0.96306 0.26135 140 170 200
3.08804 1.55908 7.43638 140 170 200
1.97347 -2.55768 3.31354 140 170 200
1.13444 3.32585 8.34414 140 170 200
-2.13964 2.78723 8.22387 140 170 200
2.46812 2.38736 7.03732 140 170 200
-3.42053 0.10127 6.81046 140 170 200
1.63604 2.93598 5.64433 140 170 200
-0.11072 3.45074 7.29564 140 170 200
2.92236 1.14908 1.86989 140 170 200
-1.17602 3.26019 7.48543 140 170 200
1.72048 2.86201 5.33598 140 170 200
-1.36303 -3.16871 7.19016 140 170 200
-2.13111 -2.51682 4.71247 140 170 200
-1.70840 -2.90795 5.90454 140 170 200
-1.44817 -2.88749 3.35943 140 170 200
2.60870 1.97567 4.09928 140 170 200
0.73111 3.16139 3.56730 140 170 200
-0.26937 -3.41548 6.84072 140 170 200
-3.13910 0.35284 2.07656 140 170 200
-2.40611 -2.56543 8.42905 140 170 200
3.25604 1.20944 7.58733 140 170 200
-2.62734 2.27812 7.85896 140 170 200
-3.23484 1.32792 8.29307 140 170 200
-1.16356 -3.07059 4.20192 140 170 200
2.97626 -1.83516 8.10965 140 170 200
-2.92057 -1.47736 4.27436 140 170 200
0.21653 -3.09612 1.15890 140 170 200
-1.90700 -2.41113 0.67021 140 170 200
2.60465 -1.65514 0.80192 140 170 200
1.17497 -2.92538 1.96104 140 170 200
0.05478 3.23626 3.52308 140 170 200
0.61380 3.49144 8.82978 140 170 200
2.69804 -1.66753 2.44975 140 170 200
-2.86220 -2.01021 8.28481 140 170 200
-3.28951 1.07758 7.42951 140 170 200
-1.07357 -3.31401 7.85350 140 170 200
-0.68080 3.37099 7.21430 140 170 200
1.27424 -3.30326 8.77934 140 170 200
-3.05860 -0.53861 1.32940 140 170 200
2.27269 -2.39046 4.58170 140 170 200
-2.00294 -2.53906 3.37039 140 170 200
-0.20539 3.19476 2.84126 140 170 200
3.20681 -0.70710 4.29788 140 170 200
-2.69708 1.89729 4.59898 140 170 200
0.35423 -3.52656 8.88488 140 170 200
-0.11097 3.19059 2.66344 140 170 200
-3.04037 1.74489 8.27348 140 170 200
-0.23044 -3.12490 1.76726 140 170 200
-1.12460 -3.20299 6.19689 140 170 200
2.98653 -1.20435 3.03267 140 170 200
1.04745 -3.38044 8.67463 140 170 200
-1.51129 3.00406 5.93664 140 170 200
2.01901 -2.34021 0.80762 140 170 200
3.08811 -1.67078 8.37155 140 170 200
3.08124 -0.91418 2.92769 140 170 200
2.84634 -2.05545 8.40354 140 170 200
-1.02708 -2.87362 0.32856 140 170 200
0.89880 -3.03558 2.24335 140 170 200
-1.91271 -2.55928 2.78843 140 170 200
-1.44219 3.07912 6.39336 140 170 200
1.39577 -3.16546 7.32445 140 170 200
0.47479 3.34635 5.89663 140 170 200
-2.79630 1.28797 0.78759 140 170 200
-1.82044 2.73372 4.18071 140 170 200
1.55075 2.91328 4.71396 140 170 200
0.97863 -3.08367 3.51343 140 170 200
-3.23082 0.57587 4.05540 140 170 200
-3.25526 -0.55734 4.61358 140 170 200
-3.33272 -0.04272 5.23856 140 170 200
-1.25503 -3.13344 5.90431 140 170 200
1.42104 2.82822 2.16449 140 170 200
-3.50565 -0.01778 8.19043 140 170 200
-0.22366 3.46827 7.57544 140 170 200
3.39059 -0.61028 7.22959 140 170 200
3.21126 1.27556 7.39130 140 170 200
2.98759 -1.44268 4.98964 140 170 200
3.27719 1.29552 8.61504 140 170 200
2.50761 2.05509 3.57802 140 170 200
2.71409 -1.81314 4.06031 140 170 200
-2.07432 -2.77551 7.47850 140 170 200
-1.57377 3.11697 7.91889 140 170 200
-2.78546 -1.72780 4.31741 140 170 200
1.74746 3.00424 7.74425 140 170 200
3.09641 1.33687 5.92418 140 170 200
3.09772 0.98994 3.77546 140 170 200
-0.43979 3.47728 8.22214 140 170 200
1.42300 2.99466 4.79408 140 170 200
-2.86077 1.98865 7.75324 140 170 200
2.47042 -2.41921 7.44643 140 170 200
-2.24426 2.14618 1.11211 140 170 200
-2.81003 2.08060 7.93634 140 170 200
2.28044 2.16241 1.72448 140 170 200
3.45470 -0.24563 7.45825 140 170 200
2.10067 2.71683 6.96744 140 170 200
-1.80102 2.90578 6.81210 140 170 200
3.30891 -1.17389 8.34948 140 170 200
-3.21823 0.93663 5.64266 140 170 200
-1.70000 2.75076 3.33223 140 170 200
-0.72838 -3.27424 5.57859 140 170 200
3.33234 0.70163 6.46276 140 170 200
-1.40075 2.91954 3.56629 140 170 200
-2.78228 -1.53486 2.56936 140 170 200
3.30259 -0.18677 4.67570 140 170 200
3.43230 -0.70977 8.16237 140 170 200
-2.37110 -2.40674 5.89994 140 170 200
-1.87382 2.94806 8.15429 140 170 200
-3.14158 -1.02192 4.54729 140 170 200
3.22474 -1.42275 8.56489 140 170 200
-1.71830 -2.99815 7.27074 140 170 200
1.90743 2.59795 3.47687 140 170 200
3.23321 -0.58432 4.31016 140 170 200
2.89951 -2.04583 8.98177 140 170 200
0.73096 3.45074 8.62016 140 170 200
-1.80316 -2.72061 3.97343 140 170 200
2.50203 -2.40259 7.62347 140 170 200
0.64473 3.44086 8.25754 140 170 200
2.81829 -1.46641 2.54608 140 170 200
1.41195 3.00298 4.92071 140 170 200
-2.14637 2.69054 6.97987 140 170 200
2.90118 -1.08329 0.92659 140 170 200
3.26721 -1.13777 7.38962 140 170 200
3.12592 0.46061 2.17331 140 170 200
2.21010 -2.46305 4.58105 140 170 200
-1.12541 -3.04897 3.66067 140 170 200
2.37494 -2.47489 6.83690 140 170 200
-3.07674 0.75062 2.37631 140 170 200
3.27171 -0.38186 4.47040 140 170 200
-0.03538 -3.18406 2.67210 140 170 200
0.18160 -3.08455 0.71869 140 170 200
-3.11282 1.53859 7.70673 140 170 200
-2.46871 1.98235 2.29695 140 170 200
0.87373 3.04721 2.36928 140 170 200
2.86984 1.09976 0.64348 140 170 200
2.69899 -1.92328 4.78990 140 170 200
-2.68780 -1.72219 2.70255 140 170 200
-3.12182 -1.19346 5.33837 140 170 200
-1.79799 2.91238 6.69570 140 170 200
-0.19837 -3.06075 0.63597 140 170 200
-2.63466 1.74535 2.07593 140 170 200
1.18544 -3.03176 3.80098 140 170 200
3.06031 1.67801 8.00877 140 170 200
0.05018 3.10905 1.23472 140 170 200
-0.71463 3.35415 6.86805 140 170 200
3.47756 0.51345 8.61987 140 170 200
-1.60335 -2.65152 0.93408 140 170 200
-0.96716 -3.08301 3.28186 140 170 200
-2.93859 1.77819 7.08604 140 170 200
0.99054 -3.37356 8.46771 140 170 200
3.05368 -0.91366 2.49953 140 170 200
-0.28231 -3.37097 5.99819 140 170 200
-1.58789 -3.03456 6.76400 140 170 200
-3.10130 1.01584 3.91795 140 170 200
-3.20492 -1.11942 6.23538 140 170 200
-0.78946 3.23357 5.19623 140 170 200
0.13014 3.51545 8.48412 140 170 200
3.28858 0.54653 5.10493 140 170 200
-3.29704 0.39828 4.91185 140 170 200
0.52932 3.35270 6.23341 140 170 200
-3.06253 0.63696 1.63118 140 170 200
1.27148 -3.07747 5.03717 140 170 200
-2.06257 2.27726 0.68073 140 170 200
-1.47530 3.04057 5.87016 140 170 200
-3.13937 1.08956 5.07001 140 170 200
-3.46881 0.09824 7.67238 140 170 200
-0.49042 3.41986 7.32263 140 170 200
-2.65188 -1.92468 4.17142 140 170 200
3.33221 0.61388 6.14522 140 170 200
-3.19112 0.27895 3.01456 140 170 200
-1.92947 -2.62168 3.77364 140 170 200
-3.02750 0.65151 0.93755 140 170 200
3.07469 -0.42257 1.15044 140 170 200
1.94250 2.85965 7.49970 140 170 200
-3.38316 1.02795 8.77013 140 170 200
-0.85629 3.18534 4.67209 140 170 200
2.55158 -1.77600 1.40541 140 170 200
1.32459 2.79688 1.03476 140 170 200
-3.05468 -0.41373 0.63014 140 170 200
-3.10530 1.59897 8.00041 140 170 200
2.84557 -1.62959 4.25708 140 170 200
-3.27091 -1.23841 8.01339 140 170 200
-3.16818 0.69442 3.54989 140 170 200
-2.86284 -1.73154 5.53451 140 170 200
-0.81721 -3.30481 6.27184 140 170 200
3.01599 0.61443 0.67424 140 170 200
0.06921 3.40261 6.33842 140 170 200
0.30926 3.43881 7.33973 140 170 200
-2.63276 1.54410 0.41037 140 170 200
-2.73311 -1.42236 0.75720 140 170 200
2.86270 -1.67147 4.96024 140 170 200
-3.24432 -1.42262 8.76513 140 170 200
1.47394 3.20807 8.78115 140 170 200
-3.06791 -0.50285 1.23338 140 170 200
-3.09941 1.49253 7.01215 140 170 200
-2.10479 -2.73952 7.28565 140 170 200
-2.27768 -2.64408 7.98536 140 170 200
-1.63973 -2.58899 0.61327 140 170 200
3.52913 -0.06006 8.77452 140 170 200
3.41041 0.59754 7.52431 140 170 200
0.25779 -3.34576 5.70422 140 170 200
1.88879 -2.43991 0.83259 140 170 200
0.09688 3.17198 2.44011 140 170 200
0.14979 -3.22215 3.40509 140 170 200
2.74680 2.13016 7.82269 140 170 200
-3.30750 -0.90556 7.01480 140 170 200
-1.54741 3.16393 8.51320 140 170 200
0.45015 3.23578 4.08290 140 170 200
-2.11407 -2.80349 8.31563 140 170 200
-2.86575 2.01075 8.14098 140 170 200
1.53956 2.64330 0.37579 140 170 200
-2.49304 -1.97416 2.43144 140 170 200
-3.44522 -0.14753 7.34138 140 170 200
3.27518 0.89027 6.19732 140 170 200
1.36349 -2.86205 2.28171 140 170 200
3.43401 -0.28656 7.18609 140 170 200
-1.75976 2.68783 3.13408 140 170 200
3.34950 -0.26789 5.65593 140 170 200
3.52052 -0.09246 8.46305 140 170 200
-3.09089 0.70376 2.43535 140 170 200
2.70780 -1.47370 0.72443 140 170 200
0.68437 -3.32739 6.15458 140 170 200
1.73197 -2.95032 6.73746 140 170 200
2.31309 2.24176 3.09757 140 170 200
0.62414 -3.23641 4.48844 140 170 200
0.27971 3.29948 4.77592 140 170 200
-0.05478 -3.45947 7.47600 140 170 200
0.30110 3.38931 6.43682 140 170 200
0.67465 -3.11720 2.73939 140 170 200
2.51234 -1.98032 2.73910 140 170 200
-3.21710 -0.03520 3.20993 140 170 200
-2.86475 1.27768 1.57163 140 170 200
1.90395 2.47674 1.46351 140 170 200
0.30485 3.45263 7.48797 140 170 200
3.46015 -0.16938 7.60817 140 170 200
-0.38389 -3.16774 2.62149 140 170 200
0.41630 -3.45367 7.76404 140 170 200
1.30802 -3.07509 5.38400 140 170 200
-2.95012 -1.71086 6.59943 140 170 200
-3.25178 1.26121 8.01458 140 170 200
-1.85691 2.62149 3.05967 140 170 200
3.33894 0.57765 6.17300 140 170 200
1.17498 -2.98295 3.06175 140 170 200
2.31739 -2.63246 8.20056 140 170 200
-1.77461 2.68518 2.97984 140 170 200
-3.34928 -0.31704 5.85643 140 170 200
-2.77996 -1.48362 1.98904 140 170 200
-1.78612 -2.71778 3.61186 140 170 200
-1.90079 -2.61229 3.44776 140 170 200
1.12827 3.24356 6.92294 140 170 200
-1.24128 -2.95297 2.86261 140 170 200
0.05139 -3.22513 3.23156 140 170 200
3.04622 0.33179 0.28905 140 170 200
-2.36707 -2.16433 3.12787 140 170 200
-2.76728 1.59651 2.73145 140 170 200
2.49899 -2.19957 5.15669 140 170 200
3.05830 -1.12865 3.89810 140 170 200
-3.06209 -1.77855 8.84003 140 170 200
-2.68995 1.96446 5.16992 140 170 200
2.85315 -1.16988 0.88856 140 170 200
-0.42874 3.42853 7.42189 140 170 200
-3.08591 0.14453 0.70418 140 170 200
-2.09227 2.76404 7.65439 140 170 200
1.86015 2.68708 3.93061 140 170 200
2.42376 -1.89726 0.78436 140 170 200
-0.01082 3.53992 8.81454 140 170 200
0.93224 -3.18330 4.72572 140 170 200
0.06987 -3.48513 7.80060 140 170 200
-1.62818 -2.82710 4.06552 140 170 200
2.54717 2.08006 4.42865 140 170 200
-2.62886 1.89382 3.54591 140 170 200
2.91158 -1.44084 3.60436 140 170 200
-2.29833 2.57686 7.28691 140 170 200
3.04086 0.39035 0.49236 140 170 200
-0.50666 -3.27401 4.67693 140 170 200
-1.22218 -2.95559 2.67111 140 170 200
-2.92632 -1.61234 5.26182 140 170 200
-2.05852 2.39904 2.21159 140 170 200
-1.42219 2.88883 3.42451 140 170 200
0.42558 3.29222 5.05790 140 170 200
-2.86746 -1.86423 6.85140 140 170 200
3.52346 -0.08539 8.55645 140 170 200
0.66369 -3.11354 2.46677 140 170 200
-1.86369 -2.73642 4.61574 140 170 200
-2.93546 -1.37014 3.42247 140 170 200
-0.93029 -3.22695 5.68977 140 170 200
-3.24324 -0.03904 3.58271 140 170 200
1.78368 -2.54037 1.11535 140 170 200
-2.92359 -1.65236 5.76218 140 170 200
0.04904 3.06443 0.53779 140 170 200
-2.83133 -1.18950 0.60839 140 170 200
0.10115 3.50495 8.04500 140 170 200
-3.40381 -0.77587 7.92958 140 170 200
1.12150 -3.13973 5.31453 140 170 200
-0.42969 -3.02726 0.37126 140 170 200
-0.41229 3.20613 3.37291 140 170 200
-0.41913 -3.20334 3.40153 140 170 200
2.43382 2.39704 6.67359 140 170 200
-2.11784 -2.74260 7.44173 140 170 200
-1.28553 2.97729 3.47264 140 170 200
-2.42812 -2.19960 4.07526 140 170 200
2.05514 -2.41056 2.29814 140 170 200
2.28178 2.54803 6.73322 140 170 200
-1.06646 -3.05080 3.42746 140 170 200
-1.38951 -3.12023 6.54211 140 170 200
0.14828 -3.40588 6.55461 140 170 200
3.06582 -0.59887 1.66785 140 170 200
-3.47874 0.37390 8.05592 140 170 200
2.27336 2.62175 7.54752 140 170 200
-1.11553 -3.15729 5.49046 140 170 200
-2.98061 -0.87218 1.01520 140 170 200
1.18936 -2.90222 1.76969 140 170 200
0.82887 -2.99392 1.07020 140 170 200
-0.34770 -3.26613 4.44665 140 170 200
-2.54693 1.92371 2.67107 140 170 200
-3.42608 0.52735 7.60042 140 170 200
2.83160 -1.64949 4.20174 140 170 200
-3.02668 1.28788 4.34435 140 170 200
-3.00366 -1.81740 8.35819 140 170 200
-1.35686 -3.05692 5.44511 140 170 200
2.42916 2.16164 3.76944 140 170 200
0.43332 -3.53461 8.86346 140 170 200
3.27717 0.30876 4.43581 140 170 200
3.32844 -0.37648 5.46142 140 170 200
-2.95651 -1.35510 3.72151 140 170 200
1.66641 2.94549 6.23323 140 170 200
0.73522 -3.36954 7.13805 140 170 200
1.88954 -2.79833 5.88431 140 170 200
0.88954 3.04539 2.51586 140 170 200
3.41698 0.90611 8.52550 140 170 200
-3.27612 -0.50824 4.86916 140 170 200
-2.19765 -2.67583 7.56055 140 170 200
1.50154 2.66206 0.28387 140 170 200
-3.06859 -1.25091 4.92235 140 170 200
-3.46372 -0.57967 8.47124 140 170 200
2.22634 -2.57055 6.39525 140 170 200
1.25002 -2.84775 1.27644 140 170 200
2.29997 2.51037 6.58110 140 170 200
-0.81482 -2.94352 0.34305 140 170 200
-3.23764 -0.05833 3.60278 140 170 200
-3.10263 0.66781 2.40840 140 170 200
1.66779 2.71529 2.54681 140 170 200
-0.04549 -3.07273 0.59347 140 170 200
2.27967 -2.47811 5.78534 140 170 200
0.94333 3.28611 6.85229 140 170 200
3.14932 0.58859 2.91023 140 170 200
-2.59030 -2.11968 5.52392 140 170 200
3.27679 -0.38716 4.74404 140 170 200
-1.53592 -3.20186 8.94368 140 170 200
-0.05871 3.45453 7.44586 140 170 200
2.45700 -2.52802 8.55698 140 170 200
-3.36634 -0.82079 7.54619 140 170 200
-3.37604 -0.20727 6.13419 140 170 200
2.89611 1.08976 0.87302 140 170 200
3.23050 1.29481 7.82669 140 170 200
-3.01689 -1.64134 7.01364 140 170 200
1.11433 -2.99474 2.82270 140 170 200
0.06357 -3.19265 2.70633 140 170 200
3.09337 -1.20759 4.97889 140 170 200
-3.19545 -0.05546 2.83031 140 170 200
-2.56351 -2.42929 8.75951 140 170 200
-2.19847 -2.25980 2.01245 140 170 200
-2.28331 2.13888 1.64121 140 170 200
3.08157 0.05496 0.61233 140 170 200
1.76640 -2.82638 5.22624 140 170 200
3.12867 1.40300 6.83833 140 170 200
3.24258 -0.84855 5.51922 140 170 200
1.75688 -2.62565 2.14781 140 170 200
2.79673 2.13534 8.37019 140 170 200
2.34176 2.25591 3.69730 140 170 200
-0.25291 -3.11780 1.52412 140 170 200
-3.03643 -0.85464 1.98912 140 170 200
-1.94036 -2.63264 4.22215 140 170 200
-0.82813 3.22921 5.15440 140 170 200
2.50084 -2.24160 5.65000 140 170 200
-2.97497 -0.82335 0.89299 140 170 200
-3.21274 -1.40154 7.90552 140 170 200
3.21388 -0.19038 3.31341 140 170 200
0.43013 -3.15763 2.61548 140 170 200
-1.27559 -3.15254 6.38974 140 170 200
2.25146 -2.50109 5.75455 140 170 200
3.53587 -0.20132 8.94153 140 170 200
1.25034 -3.01673 3.97434 140 170 200
1.09005 -2.94681 1.91761 140 170 200
1.27494 3.30109 8.77673 140 170 200
2.30993 -2.35850 4.60837 140 170 200
2.48721 -2.30023 6.16703 140 170 200
-2.51868 -1.75960 0.60142 140 170 200
-1.89086 -2.62425 3.30765 140 170 200
-2.52734 -2.48865 8.89524 140 170 200
-3.39425 -0.98494 8.70787 140 170 200
1.44077 3.23873 8.87010 140 170 200
-1.89999 -2.90050 7.54270 140 170 200
-2.40621 2.27653 4.77073 140 170 200
-3.25463 -0.75982 5.39517 140 170 200
2.52165 -1.80530 0.90740 140 170 200
2.67234 2.18755 7.28535 140 170 200
3.31143 -0.95180 6.91166 140 170 200
-3.11338 -1.42211 6.56577 140 170 200
3.08778 -1.00710 3.72683 140 170 200
0.97394 3.03955 2.67414 140 170 200
3.26287 1.15825 7.42513 140 170 200
-2.56714 -2.44157 8.79110 140 170 200
-3.22525 -0.54960 4.09106 140 170 200
-0.29259 -3.07201 0.72566 140 170 200
-2.80849 -2.07986 8.18307 140 170 200
-3.38586 -0.30476 6.40587 140 170 200
2.77645 -1.95014 6.25175 140 170 200
-1.56690 3.15277 8.54253 140 170 200
-0.45681 3.35378 6.24427 140 170 200
1.12209 -3.17977 5.78834 140 170 200
-2.03087 2.73564 6.58214 140 170 200
-3.04244 -1.27314 4.62556 140 170 200
-2.41693 -2.10526 2.86605 140 170 200
-0.87952 3.06575 2.54573 140 170 200
-2.10731 2.69055 6.71913 140 170 200
3.07017 0.80269 2.46258 140 170 200
-0.64836 3.45346 8.43450 140 170 200
-1.50281 2.90005 3.90863 140 170 200
3.36241 0.35639 5.92658 140 170 200
1.36422 -2.75553 0.60588 140 170 200
2.46898 -2.16708 4.31657 140 170 200
1.43491 2.91877 3.87869 140 170 200
-2.70945 -2.11369 6.95959 140 170 200
-2.88101 1.09970 0.72488 140 170 200
2.26486 2.34650 3.90314 140 170 200
3.44167 0.54430 7.82845 140 170 200
-1.75075 -2.89974 6.22697 140 170 200
3.02723 1.65654 7.15161 140 170 200
2.65795 -2.17024 7.03287 140 170 200
0.83578 -3.28448 6.17056 140 170 200
-0.52384 -3.21469 3.80450 140 170 200
1.79683 -2.72563 3.87650 140 170 200
2.41657 1.91415 0.68483 140 170 200
-2.20718 -2.26059 2.02528 140 170 200
0.90285 3.21232 5.27401 140 170 200
-3.48546 -0.43500 8.13508 140 170 200
-2.12462 2.61638 5.74272 140 170 200
2.33612 2.26072 3.76681 140 170 200
-0.33661 -3.45320 7.60979 140 170 200
-1.05261 3.11455 4.31493 140 170 200
2.28171 2.22239 2.62000 140 170 200
2.24228 -2.12121 0.95742 140 170 200
2.30060 2.59746 7.58137 140 170 200
0.92770 3.22465 5.77602 140 170 200
3.31416 0.49750 5.47125 140 170 200
-3.39762 -0.39831 6.67144 140 170 200
1.53131 -2.99087 5.68104 140 170 200
1.92445 -2.60632 3.43939 140 170 200
-0.13171 -3.36925 5.78897 140 170 200
-3.06933 0.55864 1.51751 140 170 200
2.46356 -2.05236 2.94954 140 170 200
0.35727 -3.30617 5.09308 140 170 200
2.36805 -1.97814 0.85449 140 170 200
0.22961 3.46430 7.52440 140 170 200
-2.47479 -1.82878 0.62318 140 170 200
3.21186 0.43819 3.63569 140 170 200
-3.25784 -0.44251 4.36480 140 170 200
2.42860 -2.37173 6.33130 140 170 200
-0.22662 -3.12203 1.65498 140 170 200
0.56862 -3.42681 7.52080 140 170 200
-1.34416 2.99755 4.11369 140 170 200
-2.56033 1.90595 2.53976 140 170 200
3.09256 -0.26770 1.12818 140 170 200
-0.38090 3.49534 8.38597 140 170 200
2.79816 1.68439 3.91209 140 170 200
-2.49150 2.08725 3.71565 140 170 200
0.33929 -3.12049 1.88997 140 170 200
-3.28521 -0.49100 4.82150 140 170 200
3.09208 0.87123 3.16423 140 170 200
-1.60537 -2.70383 1.75688 140 170 200
-0.31042 -3.42296 6.94438 140 170 200
-2.80458 -2.11335 8.16164 140 170 200
1.53660 2.85163 3.45534 140 170 200
1.15764 2.98145 2.86198 140 170 200
-2.71549 1.78774 3.64429 140 170 200
-2.20868 2.73193 8.38217 140 170 200
2.68354 1.99859 5.49577 140 170 200
1.98471 -2.41943 1.75763 140 170 200
3.00280 -1.53907 5.91763 140 170 200
2.01183 2.55427 3.89391 140 170 200
-2.83430 -1.17075 0.36509 140 170 200
-3.19029 1.50662 8.75398 140 170 200
-2.61511 1.68257 1.28314 140 170 200
-2.85732 -1.57853 4.00246 140 170 200
-3.25297 0.94695 6.13359 140 170 200
-3.19352 1.00439 5.51669 140 170 200
1.89494 2.40005 0.23983 140 170 200
-0.82345 -3.26128 5.70549 140 170 200
-2.99841 -1.64665 6.72769 140 170 200
3.26303 1.19805 7.75519 140 170 200
-2.23394 2.22178 1.92355 140 170 200
0.61862 3.01396 0.54843 140 170 200
-2.72519 2.25551 8.54258 140 170 200
2.49037 2.30523 6.32898 140 170 200
-2.52490 -2.10340 4.36993 140 170 200
-2.97260 -1.67146 6.70937 140 170 200
-2.61913 -1.72693 1.67514 140 170 200
-2.34864 2.62698 8.65914 140 170 200
-0.59190 -3.33474 6.10445 140 170 200
1.92345 -2.92231 7.98484 140 170 200
-2.88531 1.67360 5.26205 140 170 200
-3.15064 1.40943 7.34897 140 170 200
2.59364 -1.92336 3.23377 140 170 200
-2.46699 -1.91776 1.45225 140 170 200
-3.22414 -0.19636 3.46960 140 170 200
-0.28259 -3.49104 8.15101 140 170 200
-1.25540 3.16246 6.47970 140 170 200
3.22336 0.67297 4.38088 140 170 200
-0.94469 -3.03153 2.39463 140 170 200
-2.04495 -2.67310 5.62006 140 170 200
-3.01869 1.45444 5.57628 140 170 200
3.18893 0.94489 5.03706 140 170 200
3.18587 -1.25978 6.81703 140 170 200
-0.38330 -3.15673 2.46408 140 170 200
-2.49194 2.18180 4.86294 140 170 200
0.96907 3.05108 3.06087 140 170 200
-2.97336 -1.07774 2.12295 140 170 200
3.19654 0.42957 3.28013 140 170 200
-3.32897 0.91735 7.36695 140 170 200
3.10023 -0.22651 1.27377 140 170 200
-0.21631 -3.18238 2.76214 140 170 200
3.30175 -0.31356 5.05603 140 170 200
-2.59247 1.98460 3.89056 140 170 200
2.96448 1.80707 7.57390 140 170 200
3.35682 -0.74789 7.16764 140 170 200
2.25879 -2.55407 6.30654 140 170 200
-2.95017 -1.22281 2.82586 140 170 200
0.38715 3.04048 0.40145 140 170 200
-0.22714 -3.20732 3.10992 140 170 200
3.32866 0.40419 5.64603 140 170 200
2.66791 -1.59071 1.15728 140 170 200
-1.12929 -3.27699 7.53984 140 170 200
1.59168 3.16264 8.89044 140 170 200
1.75584 2.94935 6.81459 140 170 200
3.05516 1.16493 4.01211 140 170 200
0.44395 -3.42944 7.31836 140 170 200
2.21695 2.29790 2.73565 140 170 200
-3.50233 -0.44402 8.62337 140 170 200
-2.03803 2.52148 3.58395 140 170 200
-3.24469 -1.03349 6.40940 140 170 200
-1.03841 -2.87349 0.38008 140 170 200
0.83692 3.25632 5.90306 140 170 200
0.98332 3.05875 2.94784 140 170 200
-1.62385 2.64616 1.16372 140 170 200
3.01087 -1.29867 4.18016 140 170 200
-2.91340 1.06897 1.19878 140 170 200
-0.13755 3.14440 1.93409 140 170 200
-3.48207 -0.42991 8.13578 140 170 200
1.30741 2.79531 0.80067 140 170 200
0.32235 -3.36681 5.85249 140 170 200
-1.30155 2.79909 0.77073 140 170 200
3.39282 -0.37159 6.64954 140 170 200
-2.42634 -2.58031 8.81875 140 170 200
-2.50854 -2.11713 4.14427 140 170 200
-0.89066 3.42226 8.73886 140 170 200
1.47077 3.04599 5.99482 140 170 200
2.97018 1.57892 5.59781 140 170 200
1.92853 -2.46469 1.80639 140 170 200
3.50238 -0.45091 8.60886 140 170 200
0.75619 3.40891 7.85660 140 170 200
3.11398 -0.12867 1.44039 140 170 200
-2.29164 -2.04387 0.47169 140 170 200
0.74028 -3.15265 3.51622 140 170 200
3.11824 -0.22864 1.69758 140 170 200
3.19175 -0.50001 3.31027 140 170 200
-3.21289 -1.46371 8.65928 140 170 200
-3.43456 -0.58990 7.85995 140 170 200
-1.47643 -2.93193 4.23842 140 170 200
0.60234 3.13364 2.76526 140 170 200
-2.56656 2.15589 5.44500 140 170 200
1.64701 -3.10669 8.48686 140 170 200
2.66795 2.20134 7.26291 140 170 200
-3.37868 0.88898 7.90833 140 170 200
-1.38184 3.15555 7.01383 140 170 200
-2.87829 -1.64175 4.79835 140 170 200
1.16085 2.89978 1.53096 140 170 200
3.11346 -1.51175 7.49833 140 170 200
0.87526 -3.26470 6.07666 140 170 200
3.00285 1.68206 7.11195 140 170 200
-1.56942 3.03944 6.78505 140 170 200
3.06552 0.85299 2.49419 140 170 200
2.28599 2.23466 2.85454 140 170 200
-3.08667 1.60605 7.81404 140 170 200
-1.56124 2.86298 3.94712 140 170 200
-3.11448 -0.40574 1.86652 140 170 200
-0.85849 3.26724 6.00561 140 170 200
-1.58493 2.79171 2.96879 140 170 200
3.25956 -0.87682 6.00549 140 170 200
2.36602 -2.36883 5.55177 140 170 200
3.37696 0.28449 6.18081 140 170 200
-2.83488 -2.12226 8.94659 140 170 200
2.00808 2.49558 2.77804 140 170 200
0.86700 -3.42721 8.80058 140 170 200
1.76803 -2.94918 7.03412 140 170 200
-1.86005 -2.94641 7.80558 140 170 200
-1.60190 -3.05633 7.36328 140 170 200
1.81990 -2.45773 0.41843 140 170 200
2.65373 1.97524 4.79897 140 170 200
-0.81763 -3.00122 1.19753 140 170 200
2.48238 2.32915 6.26877 140 170 200
2.98278 0.81211 0.76439 140 170 200
-1.98035 -2.35145 0.51481 140 170 200
-0.48414 3.46655 8.23266 140 170 200
3.36216 0.99698 8.31803 140 170 200
3.11530 1.30482 5.84216 140 170 200
3.27023 -0.41955 4.41329 140 170 200
0.58438 3.42383 7.58069 140 170 200
-2.96061 1.93588 8.70640 140 170 200
-0.31899 3.06051 0.71458 140 170 200
2.86051 -1.23082 1.17634 140 170 200
3.13195 1.56671 8.21892 140 170 200
-2.98190 -0.83001 1.13864 140 170 200
-3.38534 0.47549 6.61613 140 170 200
-1.18583 -3.11504 5.23426 140 170 200
2.66013 -1.97601 4.95634 140 170 200
3.10675 0.00776 1.12152 140 170 200
3.39400 0.35442 6.74039 140 170 200
-2.41128 2.34310 5.65465 140 170 200
-2.86419 2.03677 8.41530 140 170 200
2.55514 -2.10092 4.59895 140 170 200
-0.63336 3.45374 8.27925 140 170 200
1.82666 -2.57030 1.92294 140 170 200
2.66986 1.67721 2.10773 140 170 200
3.10986 1.64417 8.58171 140 170 200
-0.09508 -3.10003 1.13814 140 170 200
0.25224 -3.16842 2.40663 140 170 200
2.59102 1.74866 1.52939 140 170 200
3.41491 -0.14912 6.57827 140 170 200
3.01760 1.67039 7.17552 140 170 200
2.61248 -2.32715 8.18907 140 170 200
1.08044 2.93839 1.57991 140 170 200
3.18954 0.44337 3.18057 140 170 200
1.97231 -2.54953 3.13927 140 170 200
1.41670 3.23655 8.78288 140 170 200
-3.29021 -0.61517 5.48963 140 170 200
1.49862 -2.86063 3.32249 140 170 200
1.81158 2.65553 2.97235 140 170 200
-0.18068 -3.21188 3.15611 140 170 200
-3.34971 -0.67268 6.59928 140 170 200
-0.12286 3.33185 5.19728 140 170 200
3.25607 0.87004 5.84119 140 170 200
-0.26791 3.28958 4.50671 140 170 200
-2.72859 1.39546 0.44938 140 170 200
-2.29448 2.50805 6.38589 140 170 200
-0.70555 -3.34323 6.70112 140 170 200
-2.65312 1.68779 1.88970 140 170 200
-2.46862 2.30825 6.06293 140 170 200
1.33103 -3.22777 7.99021 140 170 200
-3.27465 0.75517 5.66132 140 170 200
3.37978 -0.30898 6.22696 140 170 200
-3.03743 -1.53473 6.50208 140 170 200
2.97133 -1.23714 3.20416 140 170 200
2.31139 -2.11129 1.64963 140 170 200
-2.82334 1.69290 4.52617 140 170 200
-2.40835 -2.06129 2.36357 140 170 200
2.15777 2.63519 6.38453 140 170 200
-3.37255 -0.57812 6.62239 140 170 200
-2.71116 1.40342 0.27794 140 170 200
-3.50674 0.35930 8.62442 140 170 200
1.41050 3.21911 8.38347 140 170 200
2.08185 -2.32517 1.44184 140 170 200
2.89370 1.59013 4.57106 140 170 200
0.61534 -3.09857 2.15470 140 170 200
3.31513 -1.21418 8.70429 140 170 200
2.63318 2.07816 5.34231 140 170 200
-3.11032 1.37659 6.49745 140 170 200
-3.05121 -1.80319 8.81858 140 170 200
3.39701 -0.18514 6.26478 140 170 200
2.31305 -2.61094 7.93388 140 170 200
-2.72900 1.63182 2.44336 140 170 200
3.09925 -0.63336 2.34187 140 170 200
-1.60303 2.86174 4.24812 140 170 200
-1.87537 2.95548 8.02248 140 170 200
-3.06932 -0.12076 0.57116 140 170 200
0.60607 -3.22382 4.24978 140 170 200
1.23557 3.24933 7.55040 140 170 200
-0.14898 -3.14510 1.86356 140 170 200
3.36971 0.05717 5.77300 140 170 200
-0.24154 3.07410 0.86228 140 170 200
3.00433 -0.48612 0.29935 140 170 200
-1.78517 -2.67956 3.15493 140 170 200
-3.36326 0.80609 7.38935 140 170 200
-0.35171 -3.05591 0.59193 140 170 200
-2.97740 1.28275 3.56769 140 170 200
2.68133 2.12579 6.73921 140 170 200
-3.24333 0.04954 3.60654 140 170 200
3.16488 -0.91082 4.58048 140 170 200
-0.46712 3.26720 4.77002 140 170 200
3.31102 1.14234 8.24279 140 170 200
-0.18947 -3.48118 7.97669 140 170 200
-2.95831 0.87148 0.80243 140 170 200
-1.72317 2.92610 6.42977 140 170 200
-3.31821 0.26033 5.14197 140 170 200
2.93683 -1.38198 3.47501 140 170 200
-0.00518 3.30536 4.70102 140 170 200
1.06882 3.32643 8.00890 140 170 200
-3.36512 -0.72807 7.11512 140 170 200
-3.25580 0.76418 5.36066 140 170 200
1.84943 2.53872 1.84687 140 170 200
-2.94404 -1.63437 5.79853 140 170 200
-2.95025 -1.49135 4.74924 140 170 200
-2.58264 -2.01452 4.29887 140 170 200
-3.02169 1.82424 8.53848 140 170 200
-0.88195 3.43062 8.93994 140 170 200
-1.67052 3.11573 8.60038 140 170 200
1.73036 -2.95305 6.82633 140 170 200
-2.36850 -2.37138 5.62800 140 170 200
-2.58761 1.92955 3.15928 140 170 200
-2.66405 -2.29761 8.56684 140 170 200
-1.91912 2.65496 4.37633 140 170 200
2.04797 -2.39336 2.08704 140 170 200
-0.43546 -3.07799 1.24428 140 170 200
2.79199 2.05403 7.64229 140 170 200
3.02138 1.11292 3.23872 140 170 200
3.35416 0.71480 7.05801 140 170 200
3.32738 0.58144 5.87344 140 170 200
-3.20120 0.06216 2.83472 140 170 200
1.46233 3.15077 7.76661 140 170 200
-1.58240 -3.08323 7.71853 140 170 200
-3.11869 0.33910 1.81204 140 170 200
2.59583 1.72805 1.34675 140 170 200
3.36231 0.12326 5.64151 140 170 200
3.08850 0.72559 2.37823 140 170 200
-3.15177 -0.67000 3.27494 140 170 200
-3.00952 -1.82102 8.48032 140 170 200
-1.89648 2.50894 1.84618 140 170 200
2.90195 1.56935 4.50668 140 170 200
2.93878 -1.27855 2.93809 140 170 200
-2.68032 1.80403 3.41650 140 170 200
-2.93279 1.39566 3.61490 140 170 200
-2.34900 2.16571 2.62050 140 170 200
3.19975 1.25450 7.03446 140 170 200
-0.85150 -3.35553 7.44159 140 170 200
-1.69615 -2.86025 5.11237 140 170 200
1.79345 3.00941 8.17075 140 170 200
-0.36327 3.09719 1.48596 140 170 200
-3.17662 -0.96459 4.82388 140 170 200
-2.48343 2.42891 7.58013 140 170 200
3.37759 -0.04395 5.81744 140 170 200
-3.53936 0.07834 8.87736 140 170 200
2.48662 -2.27039 5.60001 140 170 200
0.99381 3.38992 8.67209 140 170 200
-2.91072 -1.07322 1.13176 140 170 200
-1.34243 2.77122 0.60396 140 170 200
2.96218 -1.29288 3.49374 140 170 200
-3.29747 -1.09852 7.68828 140 170 200
-1.74602 -2.53294 0.67883 140 170 200
2.82910 1.46443 2.55060 140 170 200
-3.53022 0.27366 8.87745 140 170 200
-2.96406 -1.61675 5.99067 140 170 200
-0.81717 3.14954 3.82091 140 170 200
-0.27601 -3.07803 0.93638 140 170 200
-3.35930 0.71595 6.96464 140 170 200
-3.26346 -1.32328 8.38560 140 170 200
-2.19343 2.62007 6.84933 140 170 200
-1.38839 -2.78978 1.29696 140 170 200
2.64887 2.00636 5.04548 140 170 200
-3.25723 -0.12751 3.90697 140 170 200
2.77391 -2.13384 8.21037 140 170 200
0.31959 3.42309 7.02435 140 170 200
2.34029 -2.54137 7.35862 140 170 200
2.44984 -2.15842 4.00458 140 170 200
0.37606 3.04319 0.43615 140 170 200
3.00650 1.67071 6.99962 140 170 200
0.30600 -3.36849 5.92437 140 170 200
3.01750 -0.80349 1.53078 140 170 200
-0.12348 3.43628 6.97742 140 170 200
2.67640 -1.62846 1.60302 140 170 200
0.89050 3.30960 6.83294 140 170 200
-2.17018 2.64675 6.61116 140 170 200
2.29995 -2.00452 0.27171 140 170 200
-1.14762 3.24768 7.12957 140 170 200
0.11681 -3.26252 3.95035 140 170 200
1.99427 2.63772 4.82451 140 170 200
-2.56159 2.44314 8.71014 140 170 200
3.27135 -1.27771 8.34090 140 170 200
0.48292 3.21656 3.72747 140 170 200
-1.02207 -3.26395 6.57681 140 170 200
2.90226 -1.60614 4.88108 140 170 200
0.75525 -3.38331 7.52819 140 170 200
3.04828 -1.03321 3.16182 140 170 200
3.08656 -1.13873 4.51113 140 170 200
2.34911 2.03551 1.25993 140 170 200
-2.82196 -2.09566 8.39736 140 170 200
-3.14084 1.55352 8.18248 140 170 200
-1.31360 -2.92096 2.76670 140 170 200
-0.15702 -3.35153 5.48975 140 170 200
0.09710 3.24386 3.68928 140 170 200
0.96568 -2.98049 1.66343 140 170 200
-2.59328 1.66403 0.62658 140 170 200
-1.91237 -2.88116 7.53400 140 170 200
-2.87683 1.40472 2.88585 140 170 200
-1.88000 2.72504 4.90214 140 170 200
-1.21413 -3.30044 8.19809 140 170 200
-2.95897 -0.79764 0.38879 140 170 200
2.00680 -2.65803 5.18098 140 170 200
0.79166 -3.43913 8.63486 140 170 200
2.33936 -2.54404 7.42015 140 170 200
0.31425 -3.16078 2.24846 140 170 200
2.72568 -1.56969 2.08034 140 170 200
1.90337 2.86481 7.02579 140 170 200
-1.96400 -2.38875 0.95387 140 170 200
2.91390 1.65985 5.63218 140 170 200
-3.17286 0.00703 2.38458 140 170 200
2.23206 -2.65213 7.67140 140 170 200
-0.49737 -3.21841 3.69809 140 170 200
-2.83338 -1.62626 4.01548 140 170 200
-1.19196 -3.24575 7.29474 140 170 200
1.43460 2.74228 1.03240 140 170 200
3.05295 -1.41785 5.64533 140 170 200
0.82530 3.43500 8.69346 140 170 200
1.68886 2.93816 6.07103 140 170 200
1.97390 2.38614 0.97304 140 170 200
3.22919 -1.36814 8.24725 140 170 200
-3.02996 0.76060 1.41373 140 170 200
-3.19411 -0.67331 3.60279 140 170 200
-2.27655 2.16422 1.90313 140 170 200
3.36760 0.58291 6.68170 140 170 200
2.90842 1.29482 2.66586 140 170 200
3.17457 0.31538 2.63093 140 170 200
-3.16962 -0.79255 4.00286 140 170 200
1.11633 3.01042 2.85763 140 170 200
-2.81554 1.98883 7.21211 140 170 200
-3.22463 0.82094 4.99983 140 170 200
-3.25738 -0.67624 5.25567 140 170 200
2.45196 -1.95666 1.71740 140 170 200
3.37668 0.94052 8.28851 140 170 200
-3.23407 0.11732 3.42481 140 170 200
2.19924 2.39762 3.68000 140 170 200
2.84295 -1.41455 2.46045 140 170 200
3.06939 -1.75186 8.67332 140 170 200
2.14315 2.58857 5.69845 140 170 200
2.28214 2.07290 0.77727 140 170 200
2.43225 2.00878 2.00350 140 170 200
2.68858 1.90433 4.59488 140 170 200
1.71680 2.63507 1.96004 140 170 200
1.87976 2.79191 5.68068 140 170 200
1.65939 2.74650 3.05582 140 170 200
1.92780 2.60407 3.43116 140 170 200
-2.47698 2.38789 7.23022 140 170 200
-0.08140 3.32526 4.97964 140 170 200
-2.69787 1.54831 1.26560 140 170 200
2.54788 -2.00874 3.63129 140 170 200
-2.09339 2.80772 8.14617 140 170 200
-0.78841 3.37981 7.72901 140 170 200
2.95569 -1.76421 7.00323 140 170 200
-1.51099 3.12860 7.70674 140 170 200
2.22924 2.14690 1.06456 140 170 200
-2.29250 -2.12545 1.35031 140 170 200
-0.60691 2.99750 0.37725 140 170 200
-3.08815 -0.38932 1.37775 140 170 200
0.39145 -3.44893 7.53927 140 170 200
-2.81475 -1.23002 0.55985 140 170 200
1.18996 -3.07487 4.45979 140 170 200
-1.78322 2.63453 2.50343 140 170 200
1.69985 3.03206 7.61416 140 170 200
-2.73534 2.13092 7.36543 140 170 200
-2.92297 1.80569 7.05573 140 170 200
-0.68879 -3.17198 3.68830 140 170 200
-1.35561 -3.23467 8.38877 140 170 200
-1.27671 3.26223 8.14210 140 170 200
3.05620 -1.45399 6.07507 140 170 200
-0.53972 3.32795 5.74581 140 170 200
3.22620 -0.07169 3.31764 140 170 200
3.35259 0.69871 6.80081 140 170 200
-1.62386 -3.12562 8.49473 140 170 200
-2.34097 -2.20417 3.13084 140 170 200
-2.75750 -1.62912 2.85658 140 170 200
0.58087 -3.13722 2.65352 140 170 200
-2.98252 -1.91587 8.86191 140 170 200
-2.56565 -2.12024 5.11921 140 170 200
2.53828 -2.46415 8.73398 140 170 200
1.30465 3.10781 5.78729 140 170 200
-3.14201 -0.62309 2.92506 140 170 200
-0.79064 -3.25726 5.51969 140 170 200
-1.11406 2.92726 1.66024 140 170 200
0.62454 3.21730 4.30957 140 170 200
2.26068 2.37433 4.26313 140 170 200
-0.26689 3.34055 5.43400 140 170 200
-1.63891 -2.81458 3.76820 140 170 200
-2.46736 -2.17432 4.37132 140 170 200
1.64608 3.07391 7.97885 140 170 200
-3.14610 0.17505 1.89065 140 170 200
0.79510 3.43222 8.36349 140 170 200
3.06560 -1.30442 5.10348 140 170 200
-0.54578 -3.32864 5.88650 140 170 200
1.43703 2.74859 1.18397 140 170 200
-0.77231 3.03067 1.56568 140 170 200
2.06397 -2.72821 6.77279 140 170 200
-3.27935 -1.23027 8.18208 140 170 200
-2.05382 2.61521 4.93128 140 170 200
-2.56154 -1.82251 1.77180 140 170 200
-2.65311 2.20941 7.31611 140 170 200
2.98196 -1.85508 8.32168 140 170 200
2.37727 -2.42126 6.24105 140 170 200
1.67883 2.65967 1.91387 140 170 200
-1.43463 -2.92604 3.99362 140 170 200
1.84402 -3.00544 8.50565 140 170 200
0.76140 3.06467 1.99378 140 170 200
2.16970 -2.26701 1.80207 140 170 200
-2.97953 1.64882 6.51117 140 170 200
-1.18343 3.11840 5.14320 140 170 200
3.13968 -0.31548 2.11535 140 170 200
-1.27601 -3.10842 5.78044 140 170 200
-0.88581 3.40489 8.47994 140 170 200
-3.42829 -0.64707 7.80364 140 170 200
-1.89309 -2.39255 0.26231 140 170 200
-0.82647 -3.38972 7.98395 140 170 200
0.85052 3.26068 5.86966 140 170 200
-2.36818 -2.13052 2.68616 140 170 200
1.77502 -2.53364 1.08260 140 170 200
1.16948 -3.33625 8.76409 140 170 200
-0.83994 2.94108 0.47617 140 170 200
3.09129 -0.58582 1.93006 140 170 200
3.38446 0.26826 6.25013 140 170 200
0.62324 -3.38057 6.98744 140 170 200
-1.30575 2.91084 2.68166 140 170 200
3.18894 -1.23474 6.81115 140 170 200
2.20840 -2.63370 7.04869 140 170 200
2.53857 -2.34927 7.36476 140 170 200
-0.04033 3.43658 6.95332 140 170 200
0.88161 -2.93678 0.51017 140 170 200
-1.73508 3.03513 8.11295 140 170 200
-3.15891 1.08801 5.31471 140 170 200
2.69944 -1.85106 4.15831 140 170 200
-0.56447 -3.00556 0.43243 140 170 200
-2.12994 -2.59341 5.55773 140 170 200
2.16207 2.27281 1.72793 140 170 200
-3.23181 -0.79273 5.18359 140 170 200
2.24633 2.20478 1.97249 140 170 200
3.03000 1.54443 6.39271 140 170 200
2.91765 -1.01781 1.03980 140 170 200
-2.80573 -1.84046 5.64091 140 170 200
3.38102 0.13063 6.01471 140 170 200
-3.19294 0.62930 3.83999 140 170 200
-0.80255 3.41424 8.31882 140 170 200
1.88947 2.73970 4.99863 140 170 200
1.44488 -3.11505 6.92460 140 170 200
1.87020 2.70084 4.27731 140 170 200
1.72989 2.98255 7.27250 140 170 200
0.38179 3.47969 8.15507 140 170 200
-0.76352 -3.17522 3.99785 140 170 200
1.28654 3.29357 8.73237 140 170 200
-1.36254 2.83247 1.63806 140 170 200
2.84374 -2.00272 7.72866 140 170 200
-3.05286 -1.32431 4.99238 140 170 200
1.45829 2.77564 1.50143 140 170 200
2.15286 -2.60559 5.85552 140 170 200
-3.11191 -0.23827 1.43602 140 170 200
1.76854 -3.02383 8.07239 140 170 200
3.04864 1.64483 7.47611 140 170 200
1.78111 2.87890 6.10515 140 170 200
2.66347 1.73319 2.37405 140 170 200
-3.51253 0.41605 8.69472 140 170 200
-2.64724 2.26444 7.78692 140 170 200
-2.94974 1.71931 6.62526 140 170 200
-2.16554 2.40895 3.57296 140 170 200
-2.92830 1.51181 4.62767 140 170 200
-2.37055 2.19176 3.32764 140 170 200
1.87119 2.93468 7.75548 140 170 200
-2.91859 -1.35290 3.06430 140 170 200
2.15724 -2.32143 2.42342 140 170 200
3.16217 -0.11764 2.20344 140 170 200
2.41295 2.19031 3.89265 140 170 200
-2.85924 1.78357 5.83566 140 170 200
0.19453 3.47164 7.60697 140 170 200
-3.21470 -1.43693 8.38066 140 170 200
-1.98027 2.38258 0.95691 140 170 200
2.21229 -2.13702 0.64741 140 170 200
2.97458 -1.28269 3.54928 140 170 200
-1.57551 3.08792 7.42644 140 170 200
-2.17917 2.75828 8.23740 140 170 200
-3.07214 -0.68595 1.78015 140 170 200
-2.11049 -2.40976 2.85500 140 170 200
0.05414 -3.50392 8.19279 140 170 200
2.70973 1.97058 5.42775 140 170 200
3.09999 1.03083 3.95055 140 170 200
-1.38463 -2.85942 2.47086 140 170 200
-3.08168 0.41516 1.26441 140 170 200
-1.45712 -2.76260 1.22197 140 170 200
-1.08107 3.21631 6.27450 140 170 200
1.60740 3.02080 6.66920 140 170 200
2.47956 2.08433 3.57580 140 170 200
0.76069 -3.27406 5.68929 140 170 200
-2.56569 1.79048 1.66591 140 170 200
2.65159 1.52073 0.39940 140 170 200
0.06312 3.10598 1.14203 140 170 200
2.00467 -2.37668 1.19850 140 170 200
-3.52823 0.41108 8.87477 140 170 200
1.91989 -2.52907 2.40199 140 170 200
2.94011 -1.05152 1.46216 140 170 200
3.15224 1.41037 7.30318 140 170 200
3.03361 -1.13058 3.58467 140 170 200
-2.18031 2.29085 2.12904 140 170 200
-1.01103 -3.00037 2.25881 140 170 200
-2.55734 1.78230 1.50830 140 170 200
-2.32910 -2.04345 0.95517 140 170 200
-1.64003 -2.97284 6.32637 140 170 200
2.20078 2.43348 4.23729 140 170 200
-2.84245 1.31312 1.59510 140 170 200
0.93021 3.32559 7.27837 140 170 200
2.23633 2.08178 0.38207 140 170 200
-2.74912 -1.79211 4.15418 140 170 200
-1.32142 -2.82025 1.39894 140 170 200
-0.14510 3.04928 0.46447 140 170 200
3.33532 0.15362 5.20906 140 170 200
3.08424 -0.57311 1.65984 140 170 200
-3.04249 0.48484 0.84880 140 170 200
-1.90827 -2.69087 4.57986 140 170 200
3.10023 1.58512 7.70722 140 170 200
-2.40930 -2.26869 4.63979 140 170 200
0.24485 -3.08615 0.95296 140 170 200
3.07312 0.94305 3.02338 140 170 200
-3.25007 -0.48491 4.29126 140 170 200
2.00703 2.48953 2.81340 140 170 200
1.94394 2.56952 3.32326 140 170 200
-2.48427 -2.18468 4.76798 140 170 200
-2.58360 -2.40359 8.52728 140 170 200
-3.26787 -1.14806 7.38237 140 170 200
-3.15320 -0.20174 2.11183 140 170 200
-3.38598 0.64616 7.21803 140 170 200
-3.24241 0.38436 3.83311 140 170 200
-1.75314 2.98750 7.47383 140 170 200
-0.15517 3.36694 5.78494 140 170 200
-0.33285 3.37512 6.31671 140 170 200
2.71445 -1.76845 3.54357 140 170 200
-0.35832 3.40069 6.60773 140 170 200
-2.35114 2.36554 5.34042 140 170 200
-3.36675 -0.08641 5.79776 140 170 200
-0.15305 -3.33136 5.17767 140 170 200
0.52308 -3.04253 0.72819 140 170 200
-0.58440 -3.24933 4.53974 140 170 200
-1.00937 2.91632 0.68534 140 170 200
1.63274 2.68678 1.78083 140 170 200
1.34974 -3.01321 4.55161 140 170 200
2.29601 -2.31087 3.93749 140 170 200
2.62266 -1.59754 0.65478 140 170 200
1.97101 -2.43371 1.49056 140 170 200
-2.11887 2.51663 4.46121 140 170 200
2.01275 2.90267 8.73504 140 170 200
-1.57776 -2.88831 4.64759 140 170 200
-2.03685 -2.78202 7.11056 140 170 200
0.04324 3.27507 4.26493 140 170 200
-2.29174 -2.15808 1.99568 140 170 200
3.06671 -0.03386 0.40099 140 170 200
1.58489 2.82104 3.66408 140 170 200
-2.54374 2.43186 8.33752 140 170 200
-2.49205 2.03407 3.20869 140 170 200
0.73649 3.15776 3.60116 140 170 200
0.80562 -3.30350 6.43387 140 170 200
-0.90624 -3.29660 6.80985 140 170 200
0.69218 3.28719 5.71006 140 170 200
2.02024 -2.51210 3.32940 140 170 200
-3.14284 1.58150 8.55091 140 170 200
-3.07830 -1.01966 3.45708 140 170 200
-1.27255 -2.93526 2.91209 140 170 200
2.43848 -2.46441 7.70409 140 170 200
0.50900 3.47235 8.46842 140 170 200
-2.95389 -1.93624 8.64354 140 170 200
-1.56927 -2.92267 5.05768 140 170 200
2.63624 -2.28382 7.92317 140 170 200
0.44086 -3.12672 1.92100 140 170 200
3.00534 -1.79179 8.08523 140 170 200
3.06045 1.56502 6.98950 140 170 200
-2.90549 1.46994 3.87514 140 170 200
-1.10206 2.98272 2.48581 140 170 200
-3.43486 0.06080 7.00198 140 170 200
1.22155 -3.03996 4.15402 140 170 200
-3.54444 0.16580 8.82435 140 170 200
3.39511 0.76229 7.79917 140 170 200
-1.64517 -3.02939 7.26170 140 170 200
3.21841 0.20844 3.28927 140 170 200
2.79343 1.96988 6.59467 140 170 200
-0.47884 -3.39944 6.97053 140 170 200
1.59104 -2.85148 3.96628 140 170 200
-1.28796 2.82341 1.09299 140 170 200
-3.11761 -1.44333 6.79505 140 170 200
-3.06991 -0.93777 2.93381 140 170 200
2.92840 1.06674 1.44977 140 170 200
-2.94130 -0.85147 0.60549 140 170 200
3.21528 0.22198 3.23035 140 170 200
1.40916 -2.99604 4.85381 140 170 200
-0.03597 -3.06807 0.56448 140 170 200
-0.70133 3.26139 5.32042 140 170 200
-0.27077 3.48802 8.13844 140 170 200
1.23276 3.12063 5.61960 140 170 200
3.17591 -0.97130 4.98181 140 170 200
1.79465 -2.61283 2.36789 140 170 200
1.71556 -2.79023 4.23109 140 170 200
-3.28640 0.70833 5.64215 140 170 200
1.31448 -3.22946 7.88656 140 170 200
-2.93212 -1.90143 8.02581 140 170 200
-1.00460 3.12778 4.34308 140 170 200
-2.84782 1.33058 1.92139 140 170 200
-2.87577 1.84819 6.55812 140 170 200
-2.11172 2.83755 8.59375 140 170 200
0.17111 3.53242 8.65433 140 170 200
-2.84014 2.11172 8.96493 140 170 200
-2.58115 -1.85783 2.55034 140 170 200
1.15333 3.28005 7.65124 140 170 200
1.93190 2.39121 0.69027 140 170 200
-1.12042 -2.84172 0.34319 140 170 200
-3.34185 -0.55814 6.27214 140 170 200
-1.86355 2.49280 1.32965 140 170 200
2.72022 -1.77703 3.77866 140 170 200
-2.95532 0.73272 0.31911 140 170 200
-1.52414 2.70214 1.01978 140 170 200
0.66559 3.09212 2.15110 140 170 200
-1.47753 2.98407 5.24280 140 170 200
-0.48000 3.19303 3.27233 140 170 200
2.23831 -2.48142 5.32406 140 170 200
2.63782 -2.12726 6.05897 140 170 200
-2.60604 1.59517 0.23183 140 170 200
-0.23892 3.46640 7.74168 140 170 200
2.10651 2.25306 0.74684 140 170 200
-0.73795 -3.41523 7.95257 140 170 200
2.56960 -2.44090 8.80356 140 170 200
-2.97659 1.85982 8.20544 140 170 200
2.36079 -2.36380 5.13474 140 170 200
0.05384 3.44561 7.08623 140 170 200
-2.43405 -1.98070 1.81995 140 170 200
3.07422 1.71764 8.48321 140 170 200
-2.82002 -1.18107 0.42196 140 170 200
-2.15093 -2.55660 5.21607 140 170 200
-2.02398 -2.58840 4.42511 140 170 200
0.62336 -3.40892 7.31522 140 170 200
2.83830 1.92227 6.87836 140 170 200
-0.57536 3.17169 3.25672 140 170 200
-1.09771 -2.93643 1.73519 140 170 200
-2.88814 -1.88614 7.29401 140 170 200
3.35998 -1.10452 8.81564 140 170 200
0.66141 -3.03236 1.12383 140 170 200
-3.36693 0.62082 6.77533 140 170 200
-3.24089 -0.69769 4.90404 140 170 200
-1.72829 -2.71199 3.09250 140 170 200
3.04879 0.19620 0.33753 140 170 200
-2.24852 2.57603 6.70048 140 170 200
2.25549 2.16935 1.44222 140 170 200
0.23053 3.46946 7.76764 140 170 200
1.52737 -2.79877 2.66284 140 170 200
-3.19528 -1.00439 5.57150 140 170 200
2.04585 -2.45849 2.84146 140 170 200
2.61175 -2.19350 6.51488 140 170 200
1.07094 -2.91989 1.30422 140 170 200
0.24442 -3.21530 3.37257 140 170 200
1.66809 2.86557 4.84489 140 170 200
-0.40559 3.32951 5.51140 140 170 200
-0.95380 -3.21339 5.46040 140 170 200
-0.97309 2.92906 0.95106 140 170 200
-2.17644 2.17235 0.52025 140 170 200
2.92290 -1.23549 2.41291 140 170 200
-0.83912 -2.94821 0.55811 140 170 200
2.48643 1.96992 2.26058 140 170 200
-0.55581 -3.03813 0.76091 140 170 200
0.90234 -3.19657 5.00598 140 170 200
2.65304 -1.60720 1.18662 140 170 200
-1.29599 -3.00127 4.01776 140 170 200
2.83206 1.94314 7.08600 140 170 200
0.33114 -3.43942 7.10880 140 170 200
-1.85206 -2.77366 5.30986 140 170 200
-2.95257 0.83505 0.49218 140 170 200
0.22012 -3.31961 5.08760 140 170 200
-3.13965 -0.49966 2.55430 140 170 200
3.04111 -1.37793 5.36389 140 170 200
3.19332 -1.46373 8.24591 140 170 200
0.51628 3.32032 5.62751 140 170 200
-3.27642 1.28338 8.51226 140 170 200
1.00377 2.99428 2.15097 140 170 200
-1.54832 2.78653 2.69695 140 170 200
0.52729 3.08915 1.59775 140 170 200
-3.08801 -0.23168 0.94046 140 170 200
3.05828 0.01237 0.29974 140 170 200
0.90477 -3.39926 8.40760 140 170 200
1.78048 2.76472 4.34116 140 170 200
-0.53045 3.47296 8.49828 140 170 200
1.58508 3.10657 7.87734 140 170 200
-2.08698 2.72737 6.86847 140 170 200
3.10927 1.63459 8.32422 140 170 200
2.01639 -2.47176 2.65745 140 170 200
-2.99432 1.77214 7.81404 140 170 200
3.01752 -1.55618 6.32504 140 170 200
3.21106 0.97597 5.63358 140 170 200
1.57476 2.97854 5.79849 140 170 200
1.79916 -3.00647 8.22771 140 170 200
-3.41741 0.79074 8.41631 140 170 200
2.93121 1.14870 1.85905 140 170 200
2.96378 0.89508 0.96341 140 170 200
2.52342 -1.96110 2.73591 140 170 200
-0.25399 3.44663 7.42770 140 170 200
-2.62626 1.64630 1.11647 140 170 200
2.70602 -2.04483 6.16882 140 170 200
-1.61224 -2.83221 3.87521 140 170 200
0.44915 -3.47664 8.27884 140 170 200
-3.41631 0.61837 7.50957 140 170 200
-1.11604 -3.11523 4.83502 140 170 200
-2.79110 -1.63458 3.71056 140 170 200
1.66747 3.04619 7.63207 140 170 200
-2.85416 -1.40240 2.47812 140 170 200
2.97373 -1.50148 5.14560 140 170 200
-1.98285 2.90851 8.43835 140 170 200
-3.35550 0.12912 5.66953 140 170 200
-3.04409 1.77238 8.42515 140 170 200
-1.23128 -3.03321 4.25571 140 170 200
-2.35478 -2.41525 5.89016 140 170 200
-3.48256 0.50554 8.51068 140 170 200
3.28047 1.00424 6.81228 140 170 200
-0.31940 3.48729 8.22315 140 170 200
-1.36920 3.18998 7.61059 140 170 200
-0.33949 -3.07354 0.93572 140 170 200
-2.53453 1.93335 2.60693 140 170 200
-2.47095 2.37040 6.84841 140 170 200
-3.29979 1.16781 8.09383 140 170 200
-3.14613 1.43283 7.36134 140 170 200
-0.64892 -3.15053 3.10308 140 170 200
-1.62120 -2.96255 5.81862 140 170 200
0.27375 -3.37847 6.16576 140 170 200
0.86542 3.15660 4.21402 140 170 200
-0.18056 -3.35783 5.53039 140 170 200
-1.01558 3.39993 8.88506 140 170 200
3.33493 0.00130 5.15704 140 170 200
-2.01580 -2.42377 2.01976 140 170 200
3.30609 0.24550 4.80223 140 170 200
2.55796 1.80966 1.84867 140 170 200
3.29648 0.87143 6.39472 140 170 200
-2.75380 -2.17410 8.19206 140 170 200
0.88791 3.27696 6.28977 140 170 200
1.27027 -3.25814 7.99060 140 170 200
-2.12086 2.68831 6.73106 140 170 200
-1.66929 2.81541 4.21530 140 170 200
-3.31497 -0.30900 5.10058 140 170 200
0.52137 -3.28642 5.05133 140 170 200
-1.07558 -3.07189 3.81535 140 170 200
0.83562 2.98397 1.07763 140 170 200
0.28932 -3.40080 6.51094 140 170 200
-3.07347 -0.13157 0.64713 140 170 200
3.15792 -0.25043 2.10833 140 170 200
-3.26482 -0.34611 4.36047 140 170 200
-0.79920 3.45480 8.89415 140 170 200
0.22434 -3.19927 3.04656 140 170 200
3.39827 0.63257 7.29724 140 170 200
-0.51798 -3.22213 4.05577 140 170 200
-3.05311 -0.84927 2.26952 140 170 200
1.38270 2.74126 0.45217 140 170 200
3.06228 0.46735 1.03562 140 170 200
3.12399 0.94135 4.03143 140 170 200
2.84245 1.60447 3.88361 140 170 200
-3.36363 0.25997 5.86473 140 170 200
-0.81192 -2.97422 0.78920 140 170 200
2.13092 2.38071 2.83884 140 170 200
1.65340 2.56844 0.42302 140 170 200
1.37079 -3.22170 7.94263 140 170 200
0.45008 3.22385 3.86051 140 170 200
1.57330 -2.95333 5.50167 140 170 200
2.82344 1.91997 6.58554 140 170 200
1.65521 -2.72299 2.69379 140 170 200
-0.34125 -3.10595 1.46973 140 170 200
2.01218 2.68584 5.46620 140 170 200
-1.83679 2.97872 8.20467 140 170 200
-1.74490 3.03198 8.11509 140 170 200
2.14330 2.39578 3.05860 140 170 200
-2.28167 2.22172 2.67739 140 170 200
-1.41536 -2.90458 3.46718 140 170 200
-0.38759 -3.15561 2.48641 140 170 200
1.03326 3.38925 8.70848 140 170 200
-0.54043 -3.01641 0.52931 140 170 200
-0.32919 3.13315 1.99185 140 170 200
2.96855 0.81218 0.46807 140 170 200
1.18819 3.27666 7.79365 140 170 200
-1.79997 2.75008 4.51635 140 170 200
3.08947 0.70910 2.32920 140 170 200
2.69264 1.83740 3.84101 140 170 200
-1.92787 2.44557 1.20032 140 170 200
2.77150 -1.42122 1.21515 140 170 200
-2.31975 -2.65814 8.56383 140 170 200
3.12367 -1.36625 6.46208 140 170 200
3.27956 0.78161 5.97135 140 170 200
2.22493 -2.42683 4.52708 140 170 200
2.17009 2.48332 4.67739 140 170 200
0.28249 3.43597 7.10628 140 170 200
2.48825 1.81537 0.69643 140 170 200
-2.87792 1.79617 6.21760 140 170 200
0.98373 3.19420 5.20747 140 170 200
-0.21488 -3.20713 3.04465 140 170 200
0.09810 -3.16869 2.21531 140 170 200
-0.87801 3.37664 7.85848 140 170 200
1.08402 -3.35135 8.43735 140 170 200
1.59858 2.65161 1.10502 140 170 200
3.04533 0.78708 1.79307 140 170 200
1.72700 2.92190 6.21465 140 170 200
0.09131 3.44011 7.12329 140 170 200
3.14451 1.02888 4.69019 140 170 200
2.71697 2.24154 8.39871 140 170 200
-1.13468 3.30039 7.95261 140 170 200
1.86876 -2.49070 1.38915 140 170 200
1.92118 -2.46165 1.53976 140 170 200
3.08664 -0.12466 1.01210 140 170 200
2.84956 2.01631 7.97251 140 170 200
3.34079 0.03866 5.26978 140 170 200
-3.23546 -1.41489 8.51823 140 170 200
-2.72353 -2.06490 6.74457 140 170 200
0.29714 3.41205 6.76771 140 170 200
0.90797 -2.98191 1.37864 140 170 200
2.99035 -0.84940 1.23285 140 170 200
-1.72353 3.05785 8.43307 140 170 200
3.10670 -1.10009 4.61384 140 170 200
2.81989 2.16680 8.94979 140 170 200
-3.18736 0.49168 3.19202 140 170 200
1.09852 3.18684 5.82219 140 170 200
-2.88771 -1.69390 5.40171 140 170 200
2.78679 1.33562 0.84411 140 170 200
-3.31536 -0.09091 4.93178 140 170 200
1.63056 3.11126 8.37845 140 170 200
-2.85148 1.62762 4.36040 140 170 200
-1.25099 -3.05004 4.52571 140 170 200
-1.70955 2.94170 6.50328 140 170 200
-3.33266 -0.86567 7.17981 140 170 200
3.41611 -0.61847 7.57631 140 170 200
2.32652 -2.31727 4.34351 140 170 200
3.27209 -0.06237 4.27356 140 170 200
1.45779 2.95414 4.53227 140 170 200
-3.53588 0.13041 8.74564 140 170 200
0.75093 -3.43642 8.41795 140 170 200
3.03270 -1.45035 5.83423 140 170 200
0.18334 3.20003 2.84187 140 170 200
3.49182 -0.26913 8.18006 140 170 200
-2.93181 1.13211 1.80343 140 170 200
0.43090 -3.08246 1.20666 140 170 200
-3.24420 -0.37642 4.01190 140 170 200
-0.99919 3.24051 6.37090 140 170 200
2.39218 1.95130 0.69791 140 170 200
1.68511 2.72483 3.10137 140 170 200
-2.07119 -2.75480 7.20868 140 170 200
-3.20180 -1.12705 6.14682 140 170 200
-2.82000 1.26780 0.99850 140 170 200
-2.21491 -2.24556 2.08848 140 170 200
-3.41511 -0.15869 6.70991 140 170 200
1.96346 2.41384 1.29940 140 170 200
-0.22120 3.04292 0.29256 140 170 200
-3.22296 1.47253 8.94028 140 170 200
-2.70006 2.01849 5.75744 140 170 200
2.67663 -1.88052 4.13978 140 170 200
3.13872 -1.19923 5.61199 140 170 200
-3.31141 -0.71955 6.24136 140 170 200
-0.32536 3.29811 4.72655 140 170 200
1.02529 -3.23336 6.13705 140 170 200
1.41682 3.10328 6.56874 140 170 200
-3.14497 0.15491 1.88212 140 170 200
3.27665 -0.11853 4.09266 140 170 200
2.26335 -2.26999 3.02618 140 170 200
3.11713 -1.47677 7.31996 140 170 200
2.81240 1.98657 7.08842 140 170 200
-3.35716 0.81386 7.43137 140 170 200
0.39161 -3.24686 4.21565 140 170 200
1.85905 2.77336 5.42418 140 170 200
0.40549 -3.38698 6.54347 140 170 200
-1.74998 2.69030 3.18457 140 170 200
2.68585 -2.30236 8.81731 140 170 200
-2.80780 1.59914 3.69242 140 170 200
-0.00560 3.33004 5.09021 140 170 200
3.00820 -1.73181 7.56654 140 170 200
-0.79445 -3.33608 6.89573 140 170 200
-3.22680 0.76457 4.77993 140 170 200
3.16994 -0.79209 3.95615 140 170 200
-2.69890 -2.02340 5.95730 140 170 200
-2.79547 -1.70205 4.19981 140 170 200
-2.16129 2.57188 5.56802 140 170 200
1.75555 -2.98062 7.34158 140 170 200
-2.67740 -1.58982 1.34734 140 170 200
-2.45256 -2.35137 6.47363 140 170 200
2.83925 -1.20309 0.70988 140 170 200
-0.42761 3.39767 6.78484 140 170 200
0.80359 -3.05698 2.15581 140 170 200
1.22660 -3.05493 4.70907 140 170 200
2.94387 1.23861 2.68446 140 170 200
-0.55676 -3.17062 3.18218 140 170 200
1.63074 -2.94954 5.88537 140 170 200
-3.18577 -0.74087 4.15956 140 170 200
2.52990 2.12479 4.65722 140 170 200
3.12395 1.69012 8.99120 140 170 200
3.07916 0.45901 1.34580 140 170 200
-2.16888 2.42584 3.74175 140 170 200
-2.40184 -2.29023 5.03124 140 170 200
-3.12872 -1.47522 7.45720 140 170 200
-3.19651 -0.19659 2.82439 140 170 200
-2.82408 1.61668 3.82750 140 170 200
-1.46217 -3.15186 7.51986 140 170 200
2.47037 -2.22692 5.03224 140 170 200
1.60717 -3.08285 7.81160 140 170 200
-0.67043 -3.00285 0.80966 140 170 200
-0.84248 3.09276 2.86689 140 170 200
3.10436 -1.21893 5.27119 140 170 200
2.00709 -2.38855 1.34891 140 170 200
3.12171 -1.06280 4.60655 140 170 200
-2.24356 -2.08195 0.36759 140 170 200
-1.64861 2.87035 4.80742 140 170 200
-3.35645 1.04054 8.34465 140 170 200
-1.64895 3.12067 8.57558 140 170 200
-1.90675 2.59239 3.15692 140 170 200
-2.72716 1.37719 0.23271 140 170 200
3.21260 -1.39010 8.27765 140 170 200
-3.34444 0.05316 5.35294 140 170 200
-2.76289 1.89361 5.46962 140 170 200
-2.21704 -2.65855 7.46851 140 170 200
-0.73435 3.15970 3.82364 140 170 200
3.25607 0.18035 4.06167 140 170 200
-0.43863 -3.45368 7.77301 140 170 200
-1.63763 2.87305 4.69203 140 170 200
0.26924 3.41646 6.79999 140 170 200
-3.42099 -0.76529 8.21827 140 170 200
1.72244 2.75601 3.82545 140 170 200
-0.61073 3.43906 8.08503 140 170 200
-3.20214 -0.24795 3.23226 140 170 200
3.47229 -0.56363 8.42120 140 170 200
0.12299 3.21812 3.03224 140 170 200
-3.10589 0.65266 2.38566 140 170 200
-3.36122 -0.59787 6.67312 140 170 200
-0.81148 -3.41870 8.35863 140 170 200
-3.40706 -0.47403 7.07373 140 170 200
-0.35584 -3.39984 6.83716 140 170 200
2.32699 -2.66601 8.77888 140 170 200
-0.68264 3.26687 5.26835 140 170 200
1.79236 -3.00219 8.07388 140 170 200
-0.24608 3.07008 0.55147 140 170 200
1.13674 -2.90573 1.44392 140 170 200
-2.09283 -2.42419 2.72503 140 170 200
-3.19933 -1.46966 8.55796 140 170 200
-3.06673 0.70713 2.04381 140 170 200
-3.11526 -0.91410 3.73153 140 170 200
0.29748 3.06059 0.53688 140 170 200
-3.08799 0.03752 0.93958 140 170 200
-2.59594 -2.10682 5.48760 140 170 200
-2.28361 2.10255 1.12257 140 170 200
-2.57955 2.36693 8.17005 140 170 200
-2.01073 2.86403 8.05856 140 170 200
1.39310 -3.06472 5.82934 140 170 200
-2.43235 2.15961 3.84940 140 170 200
-3.06865 -1.69521 8.07504 140 170 200
3.24906 -0.57311 4.65967 140 170 200
3.09117 0.59157 1.98545 140 170 200
0.60791 3.17624 3.39585 140 170 200
2.87699 -1.46076 3.55368 140 170 200
-0.69626 -3.27957 5.46237 140 170 200
-2.33245 2.29008 3.89247 140 170 200
2.93152 1.85445 7.49511 140 170 200
-3.35385 -0.29439 5.86646 140 170 200
0.67162 -3.10813 2.54936 140 170 200
-2.88533 1.51866 3.90075 140 170 200
1.90460 -2.84151 6.69341 140 170 200
-0.80189 3.08386 2.45851 140 170 200
-3.10557 0.09446 1.06505 140 170 200
2.87876 1.83158 6.59069 140 170 200
-3.21795 -0.52151 3.94167 140 170 200
1.99992 -2.38509 1.37076 140 170 200
1.90396 2.69832 4.58581 140 170 200
-2.58299 -2.12503 5.29298 140 170 200
-1.20384 2.81786 0.44467 140 170 200
-2.08821 2.74818 7.26728 140 170 200
3.31095 0.17871 4.69129 140 170 200
-3.00152 -0.63126 0.44252 140 170 200
3.46017 -0.31987 7.85954 140 170 200
2.02303 2.67209 5.50981 140 170 200
0.34905 3.51660 8.69861 140 170 200
0.47433 3.16179 2.81400 140 170 200
-3.02573 -1.24509 3.99411 140 170 200
1.24905 3.14943 6.17915 140 170 200
3.34441 -1.04836 8.29262 140 170 200
-1.14096 -3.25378 7.26786 140 170 200
-2.38795 -2.39686 6.00797 140 170 200
3.44581 0.08602 7.30465 140 170 200
-3.04564 0.56946 1.09569 140 170 200
1.24902 -3.18766 6.70119 140 170 200
-3.33841 -0.14680 5.45273 140 170 200
-0.23471 -3.18110 2.75094 140 170 200
-1.31168 -2.88366 2.42566 140 170 200
2.88878 -1.37117 2.87817 140 170 200
-2.08279 2.31381 1.35758 140 170 200
1.45625 -2.84183 2.74164 140 170 200
-0.20196 3.07711 0.87445 140 170 200
-3.17333 -1.19983 6.26307 140 170 200
-2.44968 -2.24156 4.87394 140 170 200
-2.92007 1.09884 1.40213 140 170 200
2.73426 2.04933 6.47122 140 170 200
-2.87681 1.26206 1.86915 140 170 200
1.08054 3.12302 4.72166 140 170 200
-3.50228 0.27975 8.34295 140 170 200
3.40572 0.44381 7.01279 140 170 200
-3.33283 0.34855 5.50012 140 170 200
-2.39744 2.32829 5.50742 140 170 200
3.07158 0.26134 0.80786 140 170 200
-2.34976 -2.28450 4.12215 140 170 200
-1.24217 2.97223 3.04808 140 170 200
-2.87127 -1.63473 4.54302 140 170 200
2.65979 -2.31779 8.60133 140 170 200
2.27307 -2.59764 7.22840 140 170 200
-3.36464 -0.07548 5.72350 140 170 200
-3.35181 0.61194 6.53584 140 170 200
-3.34314 -0.71004 6.75620 140 170 200
-2.53836 2.09128 4.38227 140 170 200
-0.97480 3.34775 7.89706 140 170 200
1.84872 2.81959 5.78659 140 170 200
2.93972 -1.73630 6.81965 140 170 200
2.82881 1.15391 0.30514 140 170 200
-1.87616 2.75643 5.09786 140 170 200
1.62595 2.80700 3.56206 140 170 200
2.85517 1.14154 0.72522 140 170 200
1.57456 2.98519 6.03529 140 170 200
-3.38276 0.96057 8.41451 140 170 200
-3.19504 -1.24062 6.77400 140 170 200
2.43833 -1.90700 0.95521 140 170 200
-1.24425 -2.81868 0.73705 140 170 200
1.03738 -3.06361 3.39017 140 170 200
-3.00116 -1.04447 2.42510 140 170 200
0.92478 2.92517 0.46171 140 170 200
1.80593 -2.49041 0.57993 140 170 200
-3.18780 0.51485 3.39151 140 170 200
0.41492 -3.08924 1.45700 140 170 200
3.15468 0.12595 2.02233 140 170 200
-3.28488 1.16776 7.92349 140 170 200
-1.87436 2.99993 8.94881 140 170 200
-1.01269 3.31382 7.38001 140 170 200
-1.44402 -2.82728 2.37222 140 170 200
1.41963 -2.80606 1.84886 140 170 200
2.19719 -2.52540 5.45107 140 170 200
1.08188 -3.27838 7.20637 140 170 200
1.27728 -3.13006 6.13232 140 170 200
1.76162 -2.97518 7.37346 140 170 200
-1.14727 -3.09882 4.65214 140 170 200
0.22077 -3.54018 8.89970 140 170 200
0.62013 3.38465 7.23198 140 170 200
2.96993 -0.81754 0.68269 140 170 200
-3.23825 -0.06398 3.56118 140 170 200
-0.26711 3.32508 5.28745 140 170 200
-3.03312 0.89061 2.29426 140 170 200
1.45362 -2.93144 3.91145 140 170 200
-1.19244 -3.15499 5.89289 140 170 200
1.91676 2.73109 5.22234 140 170 200
-3.22439 1.30844 7.85645 140 170 200
0.10256 -3.17957 2.64426 140 170 200
-1.21269 -3.30155 8.35133 140 170 200
1.19072 2.98403 3.18467 140 170 200
-0.15767 -3.51578 8.34502 140 170 200
-1.45125 -2.84130 2.51363 140 170 200
0.11693 3.30728 4.83280 140 170 200
-1.24443 3.28848 8.44335 140 170 200
-2.78432 1.54429 2.78086 140 170 200
-1.60015 -3.07936 7.75075 140 170 200
3.16020 -0.99527 4.77705 140 170 200
3.27370 -0.10818 4.05798 140 170 200
-1.26148 -3.14244 6.18571 140 170 200
-2.68727 1.64817 2.05848 140 170 200
3.07197 1.40934 6.14430 140 170 200
-2.61786 -1.73110 1.85649 140 170 200
-3.39709 0.39174 6.58788 140 170 200
-1.60809 -2.95671 5.72932 140 170 200
3.03846 -0.68983 1.51604 140 170 200
1.55105 2.69194 1.15007 140 170 200
-2.31949 2.45081 5.70027 140 170 200
-2.76347 -1.43332 1.34462 140 170 200
-1.99181 2.71580 5.85415 140 170 200
1.59187 3.17582 8.99183 140 170 200
-2.54146 -1.81126 1.35811 140 170 200
3.19995 0.80836 4.53593 140 170 200
-2.51583 2.45205 8.37860 140 170 200
3.46690 -0.60066 8.48346 140 170 200
-3.02891 0.41735 0.48453 140 170 200
2.77351 2.05769 7.40955 140 170 200
1.60561 -2.74284 2.42505 140 170 200
1.47807 3.09244 6.89142 140 170 200
-0.01692 3.23754 3.47982 140 170 200
3.08031 -0.74080 2.30022 140 170 200
0.51756 -3.25423 4.50893 140 170 200
-1.37258 2.82837 1.84962 140 170 200
-1.97027 -2.61625 4.09720 140 170 200
-3.25120 0.25040 3.83581 140 170 200
2.75691 -2.20879 8.69546 140 170 200
-3.09330 -1.23133 5.13495 140 170 200
-1.81040 -2.88515 6.47077 140 170 200
1.85897 2.52971 1.84080 140 170 200
0.00304 3.55417 8.97762 140 170 200
3.25963 0.54871 4.74623 140 170 200
-2.62677 -1.62663 0.91163 140 170 200
-3.10814 -1.28784 5.71758 140 170 200
-1.14382 3.00899 3.14812 140 170 200
0.35920 3.18623 2.92916 140 170 200
-3.07722 0.93541 3.13807 140 170 200
2.61723 1.99825 4.32924 140 170 200
1.92981 -2.55504 2.86751 140 170 200
1.69488 -2.99848 7.16257 140 170 200
-2.59603 -1.79171 1.87720 140 170 200
2.54381 -1.80988 1.53507 140 170 200
-2.35606 -2.03765 1.18515 140 170 200
-3.24920 0.18568 3.97504 140 170 200
-2.51503 -1.82679 1.26429 140 170 200
2.62545 1.56243 0.43854 140 170 200
0.64883 3.13202 2.93391 140 170 200
-3.30775 -1.26940 8.83630 140 170 200
2.32798 1.98185 0.30376 140 170 200
1.12698 -2.86783 0.80488 140 170 200
1.61397 2.94562 5.49095 140 170 200
-2.88845 1.62477 4.74749 140 170 200
-3.09107 0.30068 1.18418 140 170 200
1.90913 2.92356 8.13331 140 170 200
0.16730 3.39598 6.27717 140 170 200
-3.28852 0.32355 4.71991 140 170 200
2.61019 2.07206 5.14883 140 170 200
1.32997 3.19195 7.30954 140 170 200
3.06774 0.45023 1.12598 140 170 200
-3.52229 -0.14281 8.45051 140 170 200
1.36369 -2.79334 1.26203 140 170 200
1.22726 -3.05405 4.40140 140 170 200
-1.95040 2.51783 2.50749 140 170 200
-1.30048 -3.13645 6.19828 140 170 200
3.47646 -0.22073 7.67524 140 170 200
-2.98103 1.55672 5.78160 140 170 200
2.71078 -1.63018 2.29213 140 170 200
0.61446 -3.38908 7.16850 140 170 200
1.56994 3.17110 8.52832 140 170 200
-2.95167 1.07875 1.71115 140 170 200
2.88540 -1.34019 2.56195 140 170 200
1.64513 2.88655 5.02567 140 170 200
3.20458 1.21403 6.83372 140 170 200
-0.33771 3.10097 1.39568 140 170 200
3.07905 0.09396 0.67993 140 170 200
2.33462 2.39704 5.35085 140 170 200
-3.09572 1.54634 7.31829 140 170 200
0.29140 -3.20375 2.96216 140 170 200
0.75701 3.26325 5.49015 140 170 200
2.02558 -2.80063 7.37100 140 170 200
3.05488 -0.23274 0.47383 140 170 200
-3.14401 0.71981 3.31068 140 170 200
3.20776 -0.15866 3.01302 140 170 200
-3.02112 -1.60722 6.69172 140 170 200
3.15940 1.25608 6.20667 140 170 200
2.66194 2.21822 7.56700 140 170 200
-3.32440 -0.27085 5.19162 140 170 200
2.79221 -1.49383 2.32788 140 170 200
2.67019 1.90133 4.17632 140 170 200
-2.94411 -1.42435 3.84627 140 170 200
1.26827 -3.14530 6.22029 140 170 200
3.52080 -0.37541 8.62124 140 170 200
2.75056 -1.79440 4.39433 140 170 200
2.65368 2.08642 5.97241 140 170 200
2.78406 1.45848 1.86613 140 170 200
0.92853 3.21585 5.41556 140 170 200
-0.63862 3.36053 6.73742 140 170 200
2.28943 -2.57053 7.03630 140 170 200
-2.15617 -2.78739 8.78465 140 170 200
3.30867 -1.25680 8.89846 140 170 200
-2.90346 1.62367 4.90141 140 170 200
-2.93770 1.86105 7.84945 140 170 200
-0.63342 3.36476 6.81139 140 170 200
-3.07182 1.27198 4.98171 140 170 200
0.77959 -2.96523 0.48554 140 170 200
-1.16189 -3.33866 8.81195 140 170 200
0.87360 -3.42641 8.71477 140 170 200
1.61341 -2.90465 4.92517 140 170 200
3.22681 0.08702 3.38517 140 170 200
0.24833 3.10200 1.25387 140 170 200
-1.74541 -2.54253 0.72215 140 170 200
-3.26698 1.14802 7.37025 140 170 200
2.41617 2.19723 3.96617 140 170 200
3.07546 1.32607 5.31469 140 170 200
3.00803 -1.11832 2.99754 140 170 200
1.94892 -2.73814 5.75856 140 170 200
-1.44388 3.11675 6.99454 140 170 200
-2.24673 -2.69140 8.11726 140 170 200
1.99553 2.63210 4.73231 140 170 200
2.11469 2.39781 2.98650 140 170 200
-1.55191 2.67614 0.92625 140 170 200
-0.67854 3.41246 7.79428 140 170 200
3.46324 -0.45113 7.78980 140 170 200
3.19903 0.49345 3.46529 140 170 200
-3.02756 -0.92706 2.13804 140 170 200
2.06439 -2.69191 6.26867 140 170 200
3.39256 0.55715 6.97648 140 170 200
-3.22708 -1.13275 6.68130 140 170 200
-2.25623 2.11891 0.87407 140 170 200
0.75354 3.46257 8.87080 140 170 200
0.30563 3.31490 5.15593 140 170 200
1.32689 -3.09585 5.70922 140 170 200
-2.99458 0.68018 0.63003 140 170 200
2.92634 0.86779 0.31250 140 170 200
-2.61971 1.68972 1.38969 140 170 200
1.32419 -2.97130 3.80189 140 170 200
-1.31474 -3.26991 8.54659 140 170 200
3.28193 -0.95453 6.73424 140 170 200
0.51396 -3.51789 8.99337 140 170 200
1.62183 2.99220 6.32366 140 170 200
2.83770 1.26686 1.14135 140 170 200
-3.31480 0.79456 6.44860 140 170 200
-3.16937 1.14531 5.99418 140 170 200
-3.34144 -1.03255 8.06292 140 170 200
-1.57658 -2.93963 5.15314 140 170 200
-0.08652 3.18560 2.48898 140 170 200
3.41328 -0.25097 6.77395 140 170 200
-3.43812 0.11316 6.94874 140 170 200
-0.72447 -3.23801 4.89086 140 170 200
-2.59050 1.68075 1.09614 140 170 200
-1.30783 -2.99237 4.00487 140 170 200
3.45174 -0.36141 7.67675 140 170 200
1.82608 2.63634 3.01722 140 170 200
-3.15416 1.34320 6.76457 140 170 200
-1.04088 -3.01083 2.56170 140 170 200
2.00329 -2.52139 3.24361 140 170 200
-2.09851 -2.44729 3.31873 140 170 200
0.36659 3.10307 1.47520 140 170 200
-1.97931 -2.55689 3.44549 140 170 200
-2.45436 -2.38545 6.69645 140 170 200
3.13410 0.88167 3.89414 140 170 200
-2.50980 -1.99508 2.98191 140 170 200
-3.33140 -0.69175 6.50209 140 170 200
-0.81356 3.21300 4.90225 140 170 200
0.22878 3.28023 4.20029 140 170 200
0.38695 -3.42851 7.30984 140 170 200
2.98124 1.28832 3.72127 140 170 200
-0.71574 3.24949 5.15452 140 170 200
-0.92791 -2.92245 0.50174 140 170 200
0.81837 3.12258 3.33988 140 170 200
2.35183 2.14286 2.40979 140 170 200
3.47431 -0.37485 8.05842 140 170 200
-2.80526 -1.22718 0.40004 140 170 200
-0.39976 3.37478 6.49665 140 170 200
1.94663 2.82470 6.97299 140 170 200
3.22707 0.14419 3.27732 140 170 200
-0.00496 -3.18178 2.59475 140 170 200
-1.96429 2.45196 1.74693 140 170 200
1.08941 3.00010 2.77682 140 170 200
2.88382 -1.99900 8.29204 140 170 200
-1.01968 -2.90834 0.61056 140 170 200
1.21958 -3.05724 4.38515 140 170 200
-1.77522 -2.63846 2.66140 140 170 200
2.96383 -1.71008 6.45962 140 170 200
-1.80094 2.66975 3.29054 140 170 200
1.79793 2.69665 3.39817 140 170 200
3.07644 0.12900 0.75233 140 170 200
3.42326 0.73851 8.26384 140 170 200
2.01475 -2.63620 4.95567 140 170 200
-2.31504 -2.03731 0.85306 140 170 200
3.29036 0.96849 6.93506 140 170 200
2.70023 2.14183 7.17391 140 170 200
-1.08581 -3.10821 4.42430 140 170 200
-2.65927 2.34780 8.82863 140 170 200
0.48435 -3.13377 2.31027 140 170 200
3.20460 -1.34968 7.71234 140 170 200
0.13094 -3.47182 7.73108 140 170 200
1.38320 3.01662 4.95247 140 170 200
-1.96106 -2.68744 5.11746 140 170 200
-2.56291 -1.74983 1.25899 140 170 200
1.80875 -2.55933 1.45300 140 170 200
1.00550 3.11361 4.08481 140 170 200
-0.68166 -3.44623 8.32635 140 170 200
-2.56712 -1.85979 2.20477 140 170 200
-3.25152 0.46132 4.54740 140 170 200
-0.79030 2.99316 0.80761 140 170 200
3.16075 0.52165 2.97750 140 170 200
1.10922 -3.04486 3.63250 140 170 200
2.75589 2.20588 8.69576 140 170 200
-2.26577 2.19927 2.00728 140 170 200
-3.11380 0.07524 1.14995 140 170 200
-1.48246 2.70789 0.70892 140 170 200
-1.73452 -2.82856 4.95967 140 170 200
-1.56704 2.91574 4.93738 140 170 200
-3.13556 -0.32252 2.03355 140 170 200
2.62621 1.78942 2.50730 140 170 200
-2.94162 1.28405 3.15503 140 170 200
-2.65151 -1.52347 0.28974 140 170 200
2.23847 -2.64352 7.48510 140 170 200
1.43568 3.13188 7.11256 140 170 200
-1.70317 2.73534 3.16702 140 170 200
-0.19544 3.34401 5.41458 140 170 200
1.85012 2.63827 3.23871 140 170 200
-2.31269 2.02302 0.45402 140 170 200
2.81083 -1.82528 5.54919 140 170 200
-2.38327 2.44583 6.67987 140 170 200
-0.44759 3.19318 3.28983 140 170 200
3.07070 -0.82881 2.45083 140 170 200
-0.68728 -3.11831 2.65927 140 170 200
-2.20739 2.36028 3.42696 140 170 200
-0.01409 -3.29162 4.48116 140 170 200
-2.21735 -2.63095 6.96156 140 170 200
1.92772 -2.49038 2.06288 140 170 200
2.62473 2.19954 6.54902 140 170 200
-3.42179 -0.87534 8.70940 140 170 200
-0.93185 -3.00377 1.88990 140 170 200
3.31473 -0.04843 4.83297 140 170 200
-2.60202 -1.93427 3.53600 140 170 200
2.12791 2.59500 5.64152 140 170 200
3.44012 -0.62182 8.01747 140 170 200
-3.37559 0.89455 8.06349 140 170 200
-3.26895 0.24280 4.26471 140 170 200
-0.06776 3.42669 6.98294 140 170 200
1.29060 -3.05431 4.86550 140 170 200
-3.38337 -0.62998 7.10630 140 170 200
3.43903 -0.56904 8.04734 140 170 200
-3.38568 -0.40673 6.59645 140 170 200
1.30274 2.79374 0.77541 140 170 200
0.40517 -3.15834 2.48657 140 170 200
2.06353 2.75560 7.22269 140 170 200
-0.63631 2.99220 0.38680 140 170 200
3.07630 -1.22949 4.92394 140 170 200
3.33061 -0.49826 5.72721 140 170 200
0.57730 -3.41352 7.50993 140 170 200
0.92605 3.33537 7.39737 140 170 200
-0.15666 -3.08357 0.89241 140 170 200
-2.81455 -1.88841 6.32293 140 170 200
-3.25938 1.13336 7.26040 140 170 200
-2.92472 1.02946 1.19505 140 170 200
-3.16488 0.96168 4.63798 140 170 200
-1.48963 3.04760 6.06209 140 170 200
-3.14123 -0.76529 3.36650 140 170 200
3.15603 0.73754 3.61925 140 170 200
1.80134 -2.52940 1.17074 140 170 200
2.74892 -2.07637 7.12606 140 170 200
-2.46148 2.01508 2.41180 140 170 200
3.10634 -1.04030 4.19260 140 170 200
0.54288 -3.27496 4.90988 140 170 200
1.78193 -2.52256 1.02488 140 170 200
2.54101 -2.06795 4.15888 140 170 200
-1.68083 2.63690 1.63186 140 170 200
1.21840 -2.93030 2.37005 140 170 200
1.97874 2.55525 3.49170 140 170 200
3.27203 -0.47541 4.67613 140 170 200
-2.70934 -1.84817 4.18602 140 170 200
-1.06142 -2.89912 0.87732 140 170 200
-1.12081 3.02895 3.43855 140 170 200
3.01260 0.61137 0.57198 140 170 200
1.65688 2.72661 2.53651 140 170 200
1.94807 2.41824 1.00379 140 170 200
-2.93797 1.11159 1.77066 140 170 200
-0.87470 3.19450 4.78820 140 170 200
3.29738 -1.20158 8.40289 140 170 200
1.71879 -2.65187 2.02307 140 170 200
-3.30463 -0.84519 6.75834 140 170 200
1.84717 -2.46400 0.61416 140 170 200
-2.77656 -1.64388 3.30776 140 170 200
2.84625 -1.56426 3.89526 140 170 200
-0.09485 -3.10830 1.22183 140 170 200
-0.31378 -3.36157 5.95452 140 170 200
-0.48696 3.08741 1.56966 140 170 200
0.95269 -3.32081 7.34772 140 170 200
0.46985 -3.32162 5.56409 140 170 200
2.99374 1.66900 6.84660 140 170 200
2.92541 1.11368 1.74200 140 170 200
2.36378 -2.18504 3.13865 140 170 200
3.37843 -0.45150 6.54248 140 170 200
-2.60741 -2.01298 4.35514 140 170 200
1.61308 2.96921 5.91611 140 170 200
-2.87799 1.55430 4.00175 140 170 200
3.37380 0.44882 6.25792 140 170 200
1.47352 -3.04518 5.99514 140 170 200
2.55675 1.93628 2.97976 140 170 200
-1.77522 2.99525 8.02522 140 170 200
-3.16220 -1.31458 6.77104 140 170 200
-0.99229 -2.93196 0.84518 140 170 200
2.56543 -1.69498 0.55755 140 170 200
-3.00936 1.61002 6.63311 140 170 200
1.22208 3.14591 5.91367 140 170 200
2.72143 2.21980 8.37910 140 170 200
-1.84646 -2.85176 6.28623 140 170 200
2.17903 2.28588 2.14710 140 170 200
-1.67912 -2.58186 0.59840 140 170 200
-3.20121 0.90316 5.05007 140 170 200
-2.86412 1.65699 4.73385 140 170 200
-0.24102 3.50837 8.48586 140 170 200
2.78049 -1.97352 6.56714 140 170 200
-0.73747 -3.41883 8.17730 140 170 200
-3.40078 -0.53153 6.97546 140 170 200
-3.00513 1.56024 6.15935 140 170 200
-2.13721 2.56875 5.31775 140 170 200
-2.69289 1.97819 5.46498 140 170 200
2.00450 -2.63028 4.83217 140 170 200
-3.05825 1.64606 7.66861 140 170 200
3.17163 0.08772 2.38945 140 170 200
3.11108 -1.62862 8.30227 140 170 200
-2.79502 -1.84495 5.28558 140 170 200
1.65157 2.82000 4.21537 140 170 200
2.21697 2.26161 2.17271 140 170 200
-2.28391 2.23901 2.76696 140 170 200
-2.54951 -2.17014 5.50043 140 170 200
2.90308 -1.16694 1.62581 140 170 200
2.88018 1.02575 0.23119 140 170 200
-1.91787 2.54514 2.61391 140 170 200
-0.14454 3.20544 3.02142 140 170 200
-3.09487 1.67145 8.51838 140 170 200
0.87469 -3.22947 5.48029 140 170 200
1.76969 2.73315 3.93392 140 170 200
3.25458 -1.40904 8.86053 140 170 200
-0.13104 3.23611 3.59128 140 170 200
0.06004 -3.52402 8.65696 140 170 200
-2.25500 -2.70748 8.51927 140 170 200
-3.24673 -1.00507 6.40980 140 170 200
1.85222 -2.76703 4.98700 140 170 200
-2.70996 -2.16143 7.52439 140 170 200
0.65260 -3.15470 3.20015 140 170 200
-2.74815 -1.72360 3.59507 140 170 200
-0.58356 -3.10849 2.13478 140 170 200
3.04782 0.93740 2.57884 140 170 200
-1.91248 -2.46903 1.48389 140 170 200
2.66339 -2.23178 7.76664 140 170 200
-1.78744 -2.47123 0.21193 140 170 200
1.35818 -2.97667 4.09988 140 170 200
3.22770 -0.18329 3.56298 140 170 200
1.80141 2.69602 3.77290 140 170 200
-1.29559 -3.21967 7.70892 140 170 200
2.76043 -2.07957 7.51923 140 170 200
3.33241 0.60853 6.18313 140 170 200
1.56843 3.01502 6.40307 140 170 200
0.00757 3.45791 7.37160 140 170 200
2.37686 -2.22413 3.74862 140 170 200
3.25258 -0.46850 4.33067 140 170 200
2.72340 -1.64529 2.48155 140 170 200
-3.13856 0.51725 2.42038 140 170 200
-1.73996 -3.05742 8.46294 140 170 200
2.71916 2.08076 7.01110 140 170 200
3.24896 -0.42953 4.35293 140 170 200
2.88550 -1.05846 0.56986 140 170 200
-2.82032 -1.95096 6.85931 140 170 200
2.19589 2.76318 8.57722 140 170 200
3.33923 -1.14467 8.39699 140 170 200
2.70929 -2.08001 6.61624 140 170 200
3.37604 -0.19790 6.04872 140 170 200
-3.11262 -0.15372 1.33838 140 170 200
-1.78750 2.52057 1.00986 140 170 200
-2.28892 2.22769 2.66812 140 170 200
-3.33968 0.06074 5.32315 140 170 200
2.99700 -1.84204 8.28551 140 170 200
2.40413 2.51825 7.93694 140 170 200
-1.91155 -2.58043 3.03904 140 170 200
2.78973 -1.64566 3.58083 140 170 200
-0.47741 3.17246 3.07805 140 170 200
-3.28589 -0.52502 5.03040 140 170 200
0.95365 -3.32439 7.41699 140 170 200
-3.43954 -0.31969 7.19953 140 170 200
-3.44218 -0.60015 8.06308 140 170 200
0.34583 -3.30024 4.95682 140 170 200
1.73485 2.92112 6.13749 140 170 200
-0.77007 -3.43654 8.62217 140 170 200
2.90711 -1.74756 6.28725 140 170 200
2.50500 1.86605 1.76862 140 170 200
2.99219 1.18894 3.22687 140 170 200
2.63831 1.61645 0.91574 140 170 200
-0.28500 -3.09817 1.24184 140 170 200
-2.56344 2.08785 4.69470 140 170 200
-3.33714 0.75719 6.82377 140 170 200
-0.42696 -3.12053 1.96986 140 170 200
-3.18268 -0.46511 3.16519 140 170 200
-2.60912 -1.89880 3.31408 140 170 200
2.05426 -2.80374 7.67813 140 170 200
-2.99985 0.94852 1.92466 140 170 200
2.16732 -2.17216 0.52311 140 170 200
-3.33441 -0.48946 5.84319 140 170 200
-2.70813 1.91957 5.00176 140 170 200
-0.21179 3.04450 0.22577 140 170 200
-0.42356 -3.40628 7.04488 140 170 200
-2.35784 -2.26887 4.09441 140 170 200
1.18967 -3.10774 5.18487 140 170 200
-3.24836 -0.98156 6.24649 140 170 200
2.06344 -2.28658 0.68654 140 170 200
-0.73134 3.05090 1.81871 140 170 200
-0.40275 -3.27149 4.44181 140 170 200
-2.46893 1.95712 1.81199 140 170 200
2.34618 2.04022 1.29896 140 170 200
-3.16946 -0.56986 3.20975 140 170 200
0.38369 3.25621 4.11895 140 170 200
3.21267 1.31280 7.76010 140 170 200
-2.19135 2.54262 5.59361 140 170 200
3.48057 -0.49449 8.41984 140 170 200
2.59019 -2.03267 4.38936 140 170 200
3.26796 -0.41699 4.52396 140 170 200
3.16464 0.57434 3.08760 140 170 200
1.77089 2.53183 0.97127 140 170 200
0.29414 3.13265 1.81322 140 170 200
-0.25624 -3.07014 0.84116 140 170 200
3.38150 -0.46795 6.52487 140 170 200
-2.69018 1.79433 3.42599 140 170 200
-2.64350 -1.53182 0.49992 140 170 200
2.91660 1.81118 6.93891 140 170 200
-2.19369 -2.31311 2.57376 140 170 200
2.82674 -2.05372 8.12317 140 170 200
-1.86932 -2.91462 7.53585 140 170 200
-1.83242 -2.63628 3.01818 140 170 200
-3.16259 0.24939 2.39942 140 170 200
-3.37459 1.09702 8.94327 140 170 200
-2.36854 2.52787 7.50687 140 170 200
1.49807 -3.17331 8.39723 140 170 200
-1.88638 -2.42313 0.36131 140 170 200
-1.02959 3.19461 5.62306 140 170 200
-3.17149 -0.35782 2.68139 140 170 200
2.43226 2.16350 3.65613 140 170 200
2.97578 0.88006 1.06002 140 170 200
2.25026 2.59369 6.90633 140 170 200
2.24044 -2.46022 4.99072 140 170 200
-0.15674 3.45118 7.27472 140 170 200
3.03175 -0.71593 1.29772 140 170 200
-1.87067 3.01897 8.97753 140 170 200
-2.72585 1.73697 3.42206 140 170 200
1.34258 -3.26766 8.60122 140 170 200
0.55409 3.35420 6.29456 140 170 200
2.60851 -1.66916 1.22708 140 170 200
-1.96800 -2.83537 7.19016 140 170 200
3.08469 1.26922 5.29656 140 170 200
3.03529 -0.84844 1.96753 140 170 200
-0.73298 3.05460 1.95455 140 170 200
0.39871 3.50263 8.61578 140 170 200
2.84666 -2.11692 8.98835 140 170 200
-1.52823 2.98096 5.43039 140 170 200
-0.53777 -3.10039 1.95348 140 170 200
3.14419 0.68535 3.34805 140 170 200
2.77918 -1.50420 2.18169 140 170 200
-2.82862 1.81476 5.70224 140 170 200
1.41495 2.93972 3.88453 140 170 200
3.22630 -0.38196 3.68644 140 170 200
-0.17838 -3.44803 7.35408 140 170 200
0.95321 -3.40345 8.70119 140 170 200
-3.16390 -0.01641 2.04374 140 170 200
-1.23353 -3.03096 4.01027 140 170 200
-0.84290 3.20924 5.08664 140 170 200
-3.17198 -0.36218 2.49139 140 170 200
-2.38943 2.22665 3.89882 140 170 200
-2.75244 1.39983 0.72821 140 170 200
3.06352 0.08249 0.59149 140 170 200
1.28608 -3.19832 7.22734 140 170 200
0.64635 3.16587 3.33679 140 170 200
-3.35882 0.56315 6.55928 140 170 200
-1.67690 -2.60393 0.98358 140 170 200
3.32229 0.73041 6.24477 140 170 200
-1.85630 2.82869 6.09712 140 170 200
-0.30145 3.46142 7.52149 140 170 200
2.12302 2.34364 2.11381 140 170 200
1.29036 -3.06502 5.21379 140 170 200
-3.38041 -0.90489 8.18660 140 170 200
-3.05324 0.86077 2.25395 140 170 200
2.09443 2.30127 1.37629 140 170 200
-3.22383 -0.28631 3.38765 140 170 200
-0.38574 3.51581 8.71570 140 170 200
2.19495 2.23916 1.67812 140 170 200
-3.06691 -0.52193 1.32461 140 170 200
-1.47558 -3.22930 8.98148 140 170 200
3.05866 1.13985 3.82074 140 170 200
2.93471 1.08180 1.60283 140 170 200
-0.23950 -3.33301 5.27838 140 170 200
0.82327 2.95496 0.33121 140 170 200
1.86306 2.69156 4.10958 140 170 200
2.98071 -0.72274 0.54389 140 170 200
1.42189 3.02153 5.33711 140 170 200
-1.34231 -3.08098 5.85176 140 170 200
1.20937 -2.79548 0.23392 140 170 200
-1.57633 2.91904 4.87771 140 170 200
-3.43461 0.81143 8.54780 140 170 200
-3.06938 -1.08685 3.86532 140 170 200
1.07974 3.36456 8.62643 140 170 200
-1.00832 3.39069 8.70021 140 170 200
3.08848 -0.72952 2.44095 140 170 200
-0.49324 3.30827 5.44167 140 170 200
1.32177 -3.20138 7.59652 140 170 200
-3.33298 -0.74787 6.57350 140 170 200
-2.09399 -2.72511 7.00597 140 170 200
-3.07800 0.84722 2.62916 140 170 200
-2.98486 -1.84963 8.32736 140 170 200
-3.07013 -0.79032 2.39888 140 170 200
-3.36292 0.38401 6.02331 140 170 200
1.13628 -3.29573 8.05024 140 170 200
2.36261 -2.21270 3.52027 140 170 200
-0.11622 3.32945 5.22233 140 170 200
2.24178 2.57051 6.41439 140 170 200
1.32283 -3.26774 8.41175 140 170 200
0.77911 3.19185 4.30854 140 170 200
2.23979 -2.50140 5.66526 140 170 200
2.50530 1.88353 1.53301 140 170 200
2.59141 1.66758 0.81765 140 170 200
1.27191 2.77727 0.40409 140 170 200
3.27874 0.24451 4.56116 140 170 200
-0.04950 -3.33232 5.16621 140 170 200
-2.46519 1.85941 1.01652 140 170 200
2.96908 -1.06269 1.89704 140 170 200
-2.11299 2.38707 2.67849 140 170 200
-1.01655 -3.34147 8.10454 140 170 200
-1.26816 -2.83839 1.13660 140 170 200
-1.49675 2.95078 4.67565 140 170 200
2.70140 -2.16015 7.24953 140 170 200
-2.78836 2.08326 7.92928 140 170 200
-3.21948 -1.07701 6.43774 140 170 200
-2.56594 1.90907 2.67106 140 170 200
-2.84858 1.22543 1.34467 140 170 200
2.94530 1.05394 1.68326 140 170 200
-1.27107 3.19854 7.09163 140 170 200
3.03264 -1.02060 2.95318 140 170 200
1.58096 -2.81511 3.32591 140 170 200
2.28968 -2.14548 1.84631 140 170 200
-0.75957 -3.19408 4.18973 140 170 200
-1.84455 -2.65090 3.29579 140 170 200
2.60324 -1.92684 3.49788 140 170 200
-2.98009 -0.72264 0.52087 140 170 200
2.83811 -1.65536 4.43734 140 170 200
-2.67819 1.57951 1.25502 140 170 200
-2.71573 -1.91158 5.07900 140 170 200
-3.34859 0.60231 6.23200 140 170 200
3.31011 0.39805 5.16952 140 170 200
0.98475 2.96462 1.57718 140 170 200
3.03407 -1.47786 5.77940 140 170 200
-2.66453 -1.88772 3.99617 140 170 200
3.10763 0.93615 3.51887 140 170 200
3.07002 -0.64129 1.59795 140 170 200
3.19248 -1.55155 8.95348 140 170 200
-0.76861 -3.15695 3.81726 140 170 200
-0.67921 3.21374 4.38248 140 170 200
-0.86961 2.99486 1.09023 140 170 200
2.24792 -2.54160 6.28650 140 170 200
2.96896 1.18841 2.82707 140 170 200
0.27169 3.41395 6.83717 140 170 200
1.54518 2.66599 0.83564 140 170 200
-0.67407 -3.13851 2.95536 140 170 200
-2.52104 2.31554 6.88392 140 170 200
2.80985 -1.63922 3.84688 140 170 200
1.00197 -2.90192 0.52537 140 170 200
3.43353 -0.33201 7.25407 140 170 200
-1.07114 3.36859 8.71789 140 170 200
-3.20693 0.50948 3.67259 140 170 200
-1.80568 -2.83793 5.82414 140 170 200
3.21178 -0.51400 3.63761 140 170 200
-1.87263 2.76863 5.24659 140 170 200
-1.58858 3.03043 6.82374 140 170 200
-2.36169 -2.41446 5.92113 140 170 200
-1.63087 -2.76868 3.11733 140 170 200
1.18240 2.92962 2.02704 140 170 200
-3.20023 0.94123 5.15392 140 170 200
-2.43557 2.36418 6.14922 140 170 200
-2.93967 1.58904 5.41676 140 170 200
1.97656 2.40342 1.40689 140 170 200
-1.92714 -2.58850 3.48081 140 170 200
1.31696 3.18076 6.87426 140 170 200
3.09304 0.49818 1.57926 140 170 200
-3.50048 0.08827 8.03828 140 170 200
3.18942 0.78904 4.47242 140 170 200
-1.73835 -2.98553 7.26745 140 170 200
-2.67089 -1.79947 3.35284 140 170 200
-2.96002 -1.31943 3.51755 140 170 200
2.92089 1.99069 8.72969 140 170 200
2.37947 2.34583 5.35453 140 170 200
-1.57261 -2.67374 1.16183 140 170 200
3.46398 0.71071 8.65240 140 170 200
2.42098 2.15903 3.65786 140 170 200
0.29545 -3.40663 6.58241 140 170 200
1.55415 2.70368 1.41044 140 170 200
-3.48272 0.09327 7.80497 140 170 200
2.87821 2.05007 8.66415 140 170 200
0.30452 3.23853 3.72907 140 170 200
2.27200 -2.15063 1.56058 140 170 200
0.06739 -3.34814 5.26948 140 170 200
1.18373 2.91042 1.71862 140 170 200
0.72167 3.18703 4.25720 140 170 200
-3.32340 0.55253 5.83302 140 170 200
-2.11080 -2.31368 1.50989 140 170 200
-3.06105 -1.74136 8.57355 140 170 200
-0.73673 3.32991 6.54334 140 170 200
3.06023 -1.06408 3.53617 140 170 200
1.66983 -2.81744 4.02139 140 170 200
-2.01306 -2.83064 7.74526 140 170 200
2.75744 -1.80004 4.55574 140 170 200
-0.96831 3.41176 8.89408 140 170 200
-0.94917 2.93554 0.78865 140 170 200
-1.15805 2.97884 2.72399 140 170 200
1.77197 2.80788 4.92798 140 170 200
1.99100 2.40479 1.47824 140 170 200
2.72737 -1.74860 3.49072 140 170 200
2.08003 -2.58819 4.94141 140 170 200
-3.03755 -0.96391 2.63005 140 170 200
-1.67086 -2.65555 1.74506 140 170 200
0.23011 3.18086 2.69708 140 170 200
3.05898 0.44248 0.98072 140 170 200
-2.94674 1.13285 2.03406 140 170 200
-1.48980 -2.69150 0.77821 140 170 200
-1.50635 -3.19391 8.61028 140 170 200
-2.48561 -1.90980 1.71185 140 170 200
2.72095 -1.37839 0.21210 140 170 200
0.89216 3.41463 8.65045 140 170 200
-0.29396 3.42588 6.99275 140 170 200
2.80653 1.53436 2.68446 140 170 200
3.22648 -1.36225 8.00103 140 170 200
-3.35418 0.98227 7.94058 140 170 200
-2.79440 1.98539 6.84404 140 170 200
3.34546 -0.30257 5.56990 140 170 200
-3.00289 1.46532 5.50569 140 170 200
-1.79825 3.04756 8.74492 140 170 200
0.84555 3.18361 4.45969 140 170 200
-3.20887 1.27303 7.41430 140 170 200
-1.22228 -2.85687 1.26075 140 170 200
2.92479 -1.75223 6.50270 140 170 200
1.27959 3.30820 8.91447 140 170 200
-1.08476 -2.86146 0.29465 140 170 200
3.19203 0.13307 2.60136 140 170 200
1.08364 -3.27313 7.21535 140 170 200
-0.64360 3.35723 6.78350 140 170 200
3.32476 0.83634 6.78620 140 170 200
-2.79327 2.18812 8.85602 140 170 200
2.42562 -1.94280 1.10468 140 170 200
0.36585 3.37823 6.28297 140 170 200
-0.78706 3.29644 5.99185 140 170 200
1.56001 2.74577 2.12470 140 170 200
3.14994 -0.36552 2.18997 140 170 200
-3.08021 1.38613 6.07026 140 170 200
3.19458 -1.08656 6.10753 140 170 200
2.80984 1.82979 5.63835 140 170 200
-3.11771 1.04297 4.43124 140 170 200
-3.35727 0.54686 6.38656 140 170 200
-0.11954 3.21255 3.18225 140 170 200
-3.17519 0.05327 2.40003 140 170 200
-1.98433 2.71137 5.59763 140 170 200
0.07257 3.36840 5.78652 140 170 200
-2.29391 2.59155 7.44491 140 170 200
-2.16195 -2.45780 4.02494 140 170 200
-3.36611 0.68260 7.03993 140 170 200
-2.95524 1.89449 8.32326 140 170 200
1.98048 -2.60133 4.11059 140 170 200
-2.04463 -2.63329 5.13868 140 170 200
-2.28582 -2.65829 8.26168 140 170 200
0.55563 3.16187 2.98634 140 170 200
0.00121 -3.42274 6.68826 140 170 200
3.25577 0.76834 5.44027 140 170 200
0.73871 3.17348 4.00728 140 170 200
-2.97509 1.81531 7.87910 140 170 200
2.40100 -2.00750 1.67230 140 170 200
3.01842 0.53737 0.53619 140 170 200
-2.96075 1.06875 2.13801 140 170 200
2.54242 2.38199 7.97997 140 170 200
0.40443 3.20915 3.37726 140 170 200
-2.81245 1.90208 6.35922 140 170 200
2.58896 1.84342 2.35432 140 170 200
1.58113 -2.89808 4.68667 140 170 200
2.88231 1.65419 4.96651 140 170 200
-2.73258 -1.62395 2.48762 140 170 200
1.68785 2.78446 3.76970 140 170 200
2.49959 1.97745 2.63716 140 170 200
-3.02027 0.72061 1.15009 140 170 200
-1.85152 2.70908 4.16322 140 170 200
3.20937 0.93707 5.32196 140 170 200
2.84108 1.22747 1.05093 140 170 200
-0.98187 3.07555 3.50635 140 170 200
0.67399 -3.22049 4.43822 140 170 200
2.09424 -2.83004 8.44546 140 170 200
3.07653 1.36260 5.72653 140 170 200
1.66155 3.10167 8.52617 140 170 200
-1.76414 2.81528 4.97995 140 170 200
-2.03269 -2.80075 7.36913 140 170 200
-0.68125 3.03302 1.10836 140 170 200
0.58750 3.28822 5.32903 140 170 200
-2.76074 -1.71027 3.46064 140 170 200
-1.43176 -3.11546 6.73711 140 170 200
-3.48271 0.27414 7.99049 140 170 200
-1.67387 -2.97658 6.60003 140 170 200
3.10329 0.07999 1.03370 140 170 200
-1.58102 2.96984 5.81943 140 170 200
-2.64601 -2.17468 6.87062 140 170 200
-1.78370 -2.48596 0.48375 140 170 200
1.07359 2.94992 1.79249 140 170 200
-1.67330 2.95268 6.32774 140 170 200
0.47550 3.17872 3.11914 140 170 200
2.47746 -1.83543 0.78885 140 170 200
-0.99616 3.34622 8.08917 140 170 200
2.60671 -2.38703 8.60716 140 170 200
2.42063 -2.17122 3.64504 140 170 200
-3.49827 -0.56996 8.94183 140 170 200
2.40221 -2.53183 7.81513 140 170 200
2.95913 1.54705 5.25442 140 170 200
2.41179 2.44731 6.89662 140 170 200
-2.92706 1.94339 8.47664 140 170 200
-1.22288 -3.19308 6.72819 140 170 200
3.17540 -0.59440 3.32230 140 170 200
-3.08380 0.65154 2.00746 140 170 200
3.27085 0.15182 4.16450 140 170 200
1.31372 2.86167 1.94886 140 170 200
-2.83400 1.16335 0.40444 140 170 200
-1.21071 -3.05695 4.37853 140 170 200
-2.76508 -1.67139 3.24795 140 170 200
2.20450 -2.17405 1.09994 140 170 200
-0.34117 3.47350 7.93949 140 170 200
-3.02133 -0.77568 1.35792 140 170 200
2.07653 2.65122 5.89998 140 170 200
-2.04439 -2.64390 5.37162 140 170 200
0.27455 -3.53043 8.82785 140 170 200
-3.18053 -0.26875 2.56436 140 170 200
-3.00829 1.01695 2.39728 140 170 200
1.32392 3.10564 5.87188 140 170 200
3.05977 -1.34536 5.27515 140 170 200
-2.70859 -2.13306 7.44188 140 170 200
1.25109 -2.88287 1.82325 140 170 200
3.16918 0.48669 2.98991 140 170 200
-0.02517 3.06011 0.24719 140 170 200
-3.40072 0.37776 6.67917 140 170 200
-3.14242 -0.72793 3.21399 140 170 200
-2.62794 1.78662 2.40254 140 170 200
-1.75273 2.86884 5.68000 140 170 200
-3.03371 0.97790 2.54508 140 170 200
-2.05122 2.29817 0.73765 140 170 200
3.08145 0.79219 2.40384 140 170 200
-1.22298 -3.25174 7.75864 140 170 200
0.44854 -3.33179 5.59703 140 170 200
-1.23632 3.05236 4.51294 140 170 200
3.23302 -0.70297 4.69082 140 170 200
3.52879 -0.29068 8.97560 140 170 200
-2.78796 -1.28140 0.49893 140 170 200
0.85746 -3.01572 1.71369 140 170 200
-3.34498 -0.98398 7.88996 140 170 200
-0.23122 3.30989 5.07178 140 170 200
3.20998 1.51110 8.95958 140 170 200
-1.90138 2.81933 6.35853 140 170 200
1.34701 3.13283 6.69553 140 170 200
2.95255 -1.56835 5.46254 140 170 200
3.01033 -0.55001 0.36491 140 170 200
-3.43953 -0.69484 8.24279 140 170 200
-3.06227 -1.28424 4.96794 140 170 200
2.76829 -1.29240 0.28612 140 170 200
-0.05059 -3.16124 2.16258 140 170 200
1.69717 2.74969 3.43855 140 170 200
3.05550 -0.95140 2.85907 140 170 200
-2.75580 -1.32547 0.46409 140 170 200
3.16821 0.41363 2.80518 140 170 200
1.16078 3.30324 8.14593 140 170 200
0.97435 -3.21523 5.54046 140 170 200
2.23796 2.31713 3.22780 140 170 200
1.84706 -2.49910 1.03189 140 170 200
0.77881 -3.35283 6.93072 140 170 200
3.33344 0.75076 6.65193 140 170 200
-1.48650 2.66234 0.22266 140 170 200
-3.55493 -0.15371 8.94543 140 170 200
2.83666 1.46843 2.67224 140 170 200
-2.80000 -1.53049 2.64270 140 170 200
3.18050 -0.39650 2.99375 140 170 200
-2.85402 -2.07742 8.68617 140 170 200
-3.46767 0.13698 7.68669 140 170 200
2.26764 -2.51268 5.95849 140 170 200
3.22466 -0.74275 4.71593 140 170 200
2.61952 -1.87344 3.22836 140 170 200
3.13730 0.74186 3.30085 140 170 200
2.60655 1.88447 3.21629 140 170 200
-2.60763 -2.31234 7.86575 140 170 200
0.49592 3.36314 6.33623 140 170 200
-3.22290 -0.42878 3.94348 140 170 200
1.86989 -3.00842 8.94749 140 170 200
2.90923 -1.18463 1.86427 140 170 200
-1.55287 2.67911 0.92486 140 170 200
1.88326 -2.63681 3.59782 140 170 200
-3.53148 -0.08882 8.85181 140 170 200
-1.66100 -2.56694 0.42852 140 170 200
2.18754 2.19950 0.96528 140 170 200
2.97523 1.25111 3.35825 140 170 200
0.67194 -3.47459 8.89735 140 170 200
-2.62507 -1.86842 3.37660 140 170 200
1.52108 -3.03765 6.30862 140 170 200
2.60416 2.31876 7.87761 140 170 200
1.60065 2.99470 6.24418 140 170 200
2.87128 1.19966 1.04771 140 170 200
-1.83372 -2.52815 1.59644 140 170 200
-2.38148 -2.11507 2.61056 140 170 200
-3.08416 1.55797 7.30800 140 170 200
2.27985 2.59537 7.35794 140 170 200
3.09536 0.46735 1.79783 140 170 200
-0.18313 3.24601 3.69562 140 170 200
3.12108 0.05504 1.51521 140 170 200
3.12162 -1.04126 4.53012 140 170 200
1.55571 2.83823 3.56342 140 170 200
-0.34538 3.53725 8.93491 140 170 200
0.97956 -3.10933 3.78118 140 170 200
3.06996 -0.09737 0.67457 140 170 200
-2.40581 -2.27483 4.94642 140 170 200
-0.07325 3.51031 8.23580 140 170 200
-3.11264 0.94870 3.60914 140 170 200
3.23494 1.27260 7.49652 140 170 200
2.52518 2.06277 4.03152 140 170 200
-0.84143 -3.24275 5.36285 140 170 200
1.58553 -2.90623 4.78698 140 170 200
-0.43935 3.45356 7.96255 140 170 200
-0.24328 -3.33005 5.36076 140 170 200
-2.06242 -2.50487 3.69566 140 170 200
-3.43602 -0.20902 7.06383 140 170 200
-0.74973 2.97734 0.67756 140 170 200
3.18497 -0.29656 2.73467 140 170 200
0.04096 3.20332 2.86111 140 170 200
0.85976 3.23649 5.36790 140 170 200
2.67351 2.21014 7.62861 140 170 200
-1.80647 -2.80713 5.23665 140 170 200
2.67089 -1.90980 4.39993 140 170 200
2.05465 2.30593 0.81809 140 170 200
2.80099 2.15633 8.75460 140 170 200
2.64442 -1.81118 2.94386 140 170 200
-1.66221 -2.63940 1.42073 140 170 200
3.39737 -0.66975 7.61802 140 170 200
-0.86531 -3.39610 8.09612 140 170 200
0.43613 -3.17810 2.97143 140 170 200
-3.24342 0.79550 5.19082 140 170 200
0.25339 3.44417 7.20243 140 170 200
-2.77364 -1.28693 0.40647 140 170 200
-2.22734 2.75477 8.89301 140 170 200
-3.15480 0.60745 3.20103 140 170 200
-3.28944 -0.32522 4.58827 140 170 200
3.03605 0.51163 0.67924 140 170 200
-2.38820 -1.93909 0.64501 140 170 200
-1.95926 2.41323 1.25284 140 170 200
1.22264 -2.97258 3.17533 140 170 200
3.30181 1.21929 8.35441 140 170 200
-3.12194 -1.15042 4.90114 140 170 200
-2.05791 2.48697 3.21637 140 170 200
2.73588 1.81680 4.33617 140 170 200
-2.73417 1.64740 2.66681 140 170 200
-2.84220 1.82201 5.84440 140 170 200
0.06886 -3.31278 4.82931 140 170 200
1.88143 2.65991 3.69022 140 170 200
1.64860 -2.98182 6.37701 140 170 200
3.12194 0.96916 3.80730 140 170 200
-3.44305 -0.34091 7.39687 140 170 200
-1.98370 -2.69470 5.62439 140 170 200
3.14501 0.28420 2.09136 140 170 200
2.84402 1.31936 1.73203 140 170 200
-0.46883 3.15164 2.58405 140 170 200
-2.58836 2.38656 8.32706 140 170 200
-1.97430 2.84661 7.53853 140 170 200
3.47567 -0.63339 8.77255 140 170 200
1.70779 2.96987 6.87244 140 170 200
2.72314 -2.23166 8.29553 140 170 200
3.04011 -1.10365 3.48317 140 170 200
1.51876 3.00836 5.80902 140 170 200
0.17604 -3.25938 3.80596 140 170 200
3.48971 -0.03970 7.88443 140 170 200
0.04771 3.53702 8.97588 140 170 200
-3.42676 -0.05891 6.88253 140 170 200
0.19108 -3.43840 7.18677 140 170 200
-0.33288 -3.46959 8.01887 140 170 200
1.54655 -2.68525 1.10025 140 170 200
-1.90240 2.68026 4.60724 140 170 200
2.48700 2.35493 6.77193 140 170 200
-1.49925 -3.00859 5.68095 140 170 200
-1.77441 2.81310 5.11942 140 170 200
-1.97047 -2.57571 3.75622 140 170 200
-3.12981 0.52763 2.25907 140 170 200
-3.39284 0.90285 8.36215 140 170 200
2.52231 -2.32392 6.78555 140 170 200
-2.13741 -2.59892 5.75434 140 170 200
-2.20104 -2.18742 1.00637 140 170 200
3.06069 -0.56690 1.25277 140 170 200
-0.40538 3.25093 4.16970 140 170 200
-1.17297 -2.88365 1.38427 140 170 200
-1.93022 2.47160 1.59927 140 170 200
-2.51427 -1.80082 0.96881 140 170 200
1.31013 -2.92068 2.93058 140 170 200
2.70266 -1.42479 0.30574 140 170 200
-3.07023 1.51363 6.77010 140 170 200
1.65870 -2.92547 5.63147 140 170 200
-1.68300 2.84308 4.83410 140 170 200
-1.88588 -3.01449 8.89196 140 170 200
2.37371 -2.29641 4.60716 140 170 200
-1.37708 -3.20554 7.92449 140 170 200
-0.86569 -3.03183 1.97363 140 170 200
1.66496 -2.71211 2.66516 140 170 200
-0.04959 3.22307 3.24181 140 170 200
-0.06921 -3.54808 8.92075 140 170 200
-2.27411 -2.66753 8.23968 140 170 200
-3.15069 -0.93445 4.31347 140 170 200
3.43837 -0.54257 7.71415 140 170 200
-2.70302 1.65610 2.37648 140 170 200
0.31950 3.34633 5.57312 140 170 200
1.66814 -2.65557 1.71961 140 170 200
1.33057 3.08125 5.42212 140 170 200
-0.09426 -3.17309 2.27567 140 170 200
3.01860 -1.46190 5.51400 140 170 200
1.42148 -2.94449 4.13738 140 170 200
-2.23644 -2.47811 5.27989 140 170 200
2.78193 -1.45838 1.71316 140 170 200
-3.30186 0.23048 4.82349 140 170 200
2.86173 1.47340 3.13204 140 170 200
-0.29588 -3.11561 1.55329 140 170 200
-0.68438 -3.23755 4.76992 140 170 200
2.06875 -2.33538 1.50246 140 170 200
-2.72631 1.82540 4.12455 140 170 200
1.97440 2.54674 3.19316 140 170 200
2.66027 2.00184 5.14275 140 170 200
-1.86020 2.72262 4.62434 140 170 200
0.83378 -3.01321 1.46616 140 170 200
-3.16826 -0.42796 2.79393 140 170 200
1.60224 2.93346 5.26193 140 170 200
0.17816 3.46277 7.62658 140 170 200
-1.78737 2.51248 0.76082 140 170 200
-3.07265 0.38255 1.05843 140 170 200
1.84535 -2.93039 7.31561 140 170 200
3.22670 -0.15561 3.34347 140 170 200
-2.58214 -1.85770 2.59261 140 170 200
-2.43707 2.03730 2.34331 140 170 200
1.43994 3.23667 8.75957 140 170 200
-3.30518 -0.22930 4.86074 140 170 200
-2.37348 -2.04321 1.71090 140 170 200
-1.51126 2.87868 3.93636 140 170 200
-1.43049 2.85507 2.62652 140 170 200
1.48255 -2.75796 1.78334 140 170 200
-1.89739 -2.98832 8.82457 140 170 200
-3.11484 1.00630 4.28316 140 170 200
-3.19053 -1.21055 6.42057 140 170 200
-3.50764 -0.10471 8.16425 140 170 200
1.44601 2.81062 2.12326 140 170 200
2.14316 -2.27254 1.40507 140 170 200
2.68012 1.72456 2.62333 140 170 200
0.78501 3.31808 6.60294 140 170 200
-3.00101 -1.22583 3.72197 140 170 200
-3.20982 0.79981 4.67038 140 170 200
-2.52370 -1.72321 0.39281 140 170 200
2.68300 -1.48162 0.23975 140 170 200
-0.73046 3.17428 3.94557 140 170 200
1.83152 2.54478 1.61276 140 170 200
2.50147 2.38742 7.26675 140 170 200
3.28096 1.27668 8.60060 140 170 200
0.88978 -3.39850 8.38934 140 170 200
-3.17428 0.86903 4.46339 140 170 200
-0.11730 3.21667 2.86410 140 170 200
-1.51535 -2.93167 4.62425 140 170 200
0.53034 -3.05439 1.18187 140 170 200
3.25472 -1.35706 8.53950 140 170 200
-2.73434 2.00142 6.25096 140 170 200
-1.18918 -2.97187 2.86231 140 170 200
-0.44385 3.40521 6.99869 140 170 200
2.11174 -2.38076 2.48401 140 170 200
2.88065 -1.86144 6.93280 140 170 200
-2.22560 -2.37751 3.89866 140 170 200
-1.89030 -2.93561 7.87648 140 170 200
-1.90763 -2.98998 8.91634 140 170 200
-2.70058 -1.75128 3.16678 140 170 200
-3.08230 1.24772 5.21430 140 170 200
-0.19318 -3.17334 2.41936 140 170 200
3.41643 -0.50546 7.34513 140 170 200
-0.08716 -3.30568 4.69566 140 170 200
-1.29173 3.28866 8.86782 140 170 200
-3.49841 -0.00959 8.06773 140 170 200
-2.61910 -1.82999 2.73641 140 170 200
2.70668 1.53740 1.32604 140 170 200
-3.36000 0.16921 5.80905 140 170 200
2.57813 1.93463 3.14701 140 170 200
-3.17363 -0.20999 2.56375 140 170 200
2.85042 1.73402 5.16075 140 170 200
-2.14696 2.55029 5.10039 140 170 200
3.18900 -0.93769 5.09568 140 170 200
3.20543 0.15043 2.93180 140 170 200
-0.47558 3.09445 1.65959 140 170 200
-2.18194 2.27328 1.92093 140 170 200
-2.88124 -1.82908 6.66741 140 170 200
3.21559 -0.70939 4.48540 140 170 200
-2.10401 -2.53517 4.49699 140 170 200
2.77968 -2.19045 8.80951 140 170 200
1.83391 2.99697 8.32503 140 170 200
-0.73988 2.99074 0.81516 140 170 200
2.61866 -2.24909 7.32250 140 170 200
3.18317 0.10358 2.51058 140 170 200
-3.27336 0.97832 6.68558 140 170 200
-3.00333 0.91595 1.82599 140 170 200
2.94705 -1.03483 1.56697 140 170 200
-3.34171 1.10392 8.50079 140 170 200
2.77245 -1.85046 5.27611 140 170 200
-2.78312 -1.65352 3.43155 140 170 200
-1.08001 3.32582 8.10301 140 170 200
1.90754 2.56624 2.89237 140 170 200
-3.07752 0.18972 0.80500 140 170 200
3.22967 0.35950 3.83629 140 170 200
-1.73814 2.93023 6.55800 140 170 200
-3.36044 -0.49048 6.17099 140 170 200
-3.07265 -1.17848 4.53558 140 170 200
-3.11030 1.14339 4.85561 140 170 200
3.25003 -0.74859 5.02381 140 170 200
1.93776 2.60607 3.65467 140 170 200
3.09162 -0.04870 0.98435 140 170 200
-1.12489 -2.91476 1.68269 140 170 200
1.55264 -3.04756 6.70217 140 170 200
-2.29696 -2.58324 7.42659 140 170 200
0.71244 3.18092 3.84209 140 170 200
0.01320 -3.21981 3.24873 140 170 200
1.94629 -2.74393 5.70375 140 170 200
0.03728 -3.06875 0.40649 140 170 200
2.35114 -2.38254 5.37316 140 170 200
3.02898 1.27762 4.49447 140 170 200
3.18751 -0.77688 4.25459 140 170 200
2.83526 -1.13927 0.21346 140 170 200
2.80476 -2.11988 8.53131 140 170 200
-2.04768 -2.39472 1.82576 140 170 200
1.77591 -2.55458 1.26525 140 170 200
-2.57310 -1.99339 3.75571 140 170 200
-3.43980 0.16853 7.16338 140 170 200
3.12118 -1.44459 7.04710 140 170 200
0.87279 3.19376 4.87022 140 170 200
1.99083 -2.68384 5.19606 140 170 200
-3.06869 1.20282 4.37155 140 170 200
-0.80079 2.96825 0.43969 140 170 200
-3.18556 -0.12406 2.78392 140 170 200
-2.11724 -2.47266 3.78357 140 170 200
1.36942 3.04488 5.24217 140 170 200
0.02455 -3.38420 6.14571 140 170 200
-2.79692 2.17994 8.89868 140 170 200
-0.94803 -3.16711 4.83147 140 170 200
1.87378 2.83878 6.25542 140 170 200
3.30828 1.21404 8.67765 140 170 200
1.68730 2.71720 2.79088 140 170 200
1.39084 2.98183 4.35879 140 170 200
0.24726 -3.40590 6.67441 140 170 200
-3.34499 0.15636 5.33509 140 170 200
0.30721 -3.47734 8.12041 140 170 200
-0.06362 -3.34148 5.34342 140 170 200
0.10438 3.50375 8.36210 140 170 200
2.64843 -1.65964 1.59653 140 170 200
0.41286 -3.43025 7.37172 140 170 200
2.71661 1.61518 2.19374 140 170 200
-2.76976 -1.35356 0.66531 140 170 200
-2.64876 1.61823 1.25307 140 170 200
-3.23396 0.84168 5.47079 140 170 200
-2.14887 2.37294 2.90133 140 170 200
-3.12662 0.07292 1.55357 140 170 200
-2.07908 2.65949 5.88823 140 170 200
-3.21943 0.76558 4.66034 140 170 200
-3.11160 -0.89810 3.70915 140 170 200
-0.40558 -3.31089 5.07846 140 170 200
2.01960 2.83512 7.85610 140 170 200
2.28435 2.54288 6.70585 140 170 200
-3.30687 0.04429 4.72416 140 170 200
-3.41313 0.54091 7.53206 140 170 200
-3.20670 -1.36051 7.86547 140 170 200
-2.46120 -2.12577 3.67025 140 170 200
-0.47301 3.09722 1.60752 140 170 200
-1.86313 -2.48904 1.28456 140 170 200
-3.37779 0.09194 5.97232 140 170 200
-3.52140 0.09096 8.47655 140 170 200
-2.55050 -1.70784 0.56584 140 170 200
-2.52247 -2.14403 4.74220 140 170 200
-2.33736 -2.11071 2.01891 140 170 200
1.61074 -2.90356 5.04257 140 170 200
-3.48124 0.01093 7.81632 140 170 200
3.20428 -1.24457 7.23277 140 170 200
3.34134 -1.16950 8.76450 140 170 200
-1.68742 2.83845 4.63050 140 170 200
2.48853 -2.30030 6.18306 140 170 200
-3.08271 1.67103 8.16398 140 170 200
3.36415 -0.54800 6.47531 140 170 200
3.17684 -1.55872 8.70613 140 170 200
-2.96040 1.18282 2.48869 140 170 200
-1.82734 2.53358 1.46998 140 170 200
-1.22301 -2.87687 1.60178 140 170 200
-2.34595 2.57627 7.78058 140 170 200
-1.64158 -2.60001 0.70096 140 170 200
-3.04304 1.63977 7.42545 140 170 200
-3.28982 -0.03882 4.45069 140 170 200
-2.46636 2.35373 6.42063 140 170 200
0.99303 -3.28670 6.88245 140 170 200
-2.63359 -1.94838 4.09896 140 170 200
-1.27405 -2.85748 1.57331 140 170 200
1.45266 -3.04097 5.78386 140 170 200
1.01188 -3.38472 8.64317 140 170 200
-3.05487 -0.18307 0.44289 140 170 200
-0.08391 3.17223 2.31898 140 170 200
-2.28228 2.64180 7.96402 140 170 200
-2.92205 -0.99090 0.86037 140 170 200
0.21544 3.04609 0.29649 140 170 200
0.67169 -3.42474 7.99243 140 170 200
0.44474 3.41026 7.07350 140 170 200
-1.62444 2.73884 2.56517 140 170 200
-2.37697 -2.62018 8.72484 140 170 200
-1.10422 -3.23816 6.60108 140 170 200
-2.45830 1.91571 1.32211 140 170 200
0.11776 -3.28819 4.41895 140 170 200
2.83790 -2.00848 7.88683 140 170 200
1.74393 2.92349 6.21948 140 170 200
2.89171 -1.68819 5.51474 140 170 200
-3.17146 -0.77355 4.03369 140 170 200
-3.02435 1.00725 2.51156 140 170 200
0.95436 -3.22174 5.75516 140 170 200
0.66588 -3.06242 1.64519 140 170 200
-1.42247 -3.15211 7.42532 140 170 200
-2.65213 1.71824 2.15973 140 170 200
-0.33729 3.09647 1.33589 140 170 200
-1.97039 2.37086 0.88183 140 170 200
-3.10168 -1.53852 7.46715 140 170 200
-3.03557 -1.29046 4.48289 140 170 200
2.89320 -1.49835 3.87033 140 170 200
-3.21454 0.89747 4.95107 140 170 200
-1.67716 -2.90359 5.52758 140 170 200
-1.86820 -2.94568 8.01687 140 170 200
-0.37064 -3.20669 3.37940 140 170 200
3.13542 -0.16842 1.95338 140 170 200
1.12197 -3.30895 7.91918 140 170 200
3.20565 0.81559 4.59530 140 170 200
1.26578 -3.10497 5.45969 140 170 200
3.13020 -0.00213 1.68556 140 170 200
3.38265 0.82151 7.86214 140 170 200
-2.88790 -2.02115 8.49360 140 170 200
-2.66124 -1.91840 4.30475 140 170 200
-3.01921 -0.47650 0.39175 140 170 200
2.16774 -2.15939 0.45727 140 170 200
1.26570 -2.95940 3.00448 140 170 200
1.55395 2.91470 4.69479 140 170 200
2.61672 1.97756 4.17358 140 170 200
1.67465 2.89719 5.36754 140 170 200
2.40946 -2.07832 2.59737 140 170 200
2.57626 1.83271 2.16119 140 170 200
-2.14474 -2.80747 8.78829 140 170 200
-1.30479 -2.92784 2.80782 140 170 200
0.70047 3.45012 8.56128 140 170 200
0.42406 3.31977 5.39052 140 170 200
1.58240 -2.64844 0.86245 140 170 200
-2.93809 1.61329 5.59452 140 170 200
-3.54863 0.01174 8.88134 140 170 200
-2.77203 2.09074 7.67458 140 170 200
1.30450 2.92300 3.01679 140 170 200
-2.88027 1.15535 1.10165 140 170 200
-0.39791 3.26196 4.41845 140 170 200
-0.96212 2.95083 1.13159 140 170 200
0.95933 3.06463 2.96286 140 170 200
-2.46029 -2.50834 8.32641 140 170 200
-0.77795 3.29910 6.09835 140 170 200
1.73952 2.96939 7.20297 140 170 200
1.19716 -3.11338 5.12113 140 170 200
-2.78839 -1.43974 1.77769 140 170 200
1.97390 -2.42033 1.61377 140 170 200
0.67249 -3.36053 7.05425 140 170 200
-2.26729 2.35978 4.14287 140 170 200
-3.06046 -1.24904 4.76664 140 170 200
3.13097 -0.25640 1.87750 140 170 200
-2.03500 2.52302 3.53961 140 170 200
0.20622 3.12250 1.44407 140 170 200
1.63673 2.69632 2.11350 140 170 200
3.25216 -1.28938 8.08432 140 170 200
0.00902 3.41294 6.63793 140 170 200
3.12233 -1.52665 7.77709 140 170 200
-2.92162 -1.90159 7.96237 140 170 200
-2.83778 -1.80284 5.54692 140 170 200
-2.59993 1.88340 3.02226 140 170 200
-2.62333 2.00993 4.70106 140 170 200
-1.31478 2.75956 0.37947 140 170 200
-0.44667 -3.43548 7.48748 140 170 200
-0.24380 -3.44525 7.36424 140 170 200
-3.25949 -0.64780 4.83894 140 170 200
-3.08329 1.02465 3.68176 140 170 200
-2.06899 -2.36553 1.81894 140 170 200
-3.08670 0.16680 0.91487 140 170 200
1.45021 -2.88338 3.20939 140 170 200
3.22983 1.40129 8.48642 140 170 200
2.52487 -1.77193 0.85083 140 170 200
-3.48539 -0.54074 8.58250 140 170 200
-3.32210 -0.19256 5.01732 140 170 200
-2.54452 2.07884 4.24498 140 170 200
-3.05298 -0.62792 1.35817 140 170 200
0.57267 3.03598 0.87528 140 170 200
-3.33603 0.05620 5.15499 140 170 200
-2.68376 1.99596 5.62619 140 170 200
-0.89422 3.15250 4.18521 140 170 200
0.75272 3.10893 2.86956 140 170 200
1.95203 -2.35319 0.32583 140 170 200
1.87951 -2.58095 2.68165 140 170 200
-3.40615 0.31943 6.62156 140 170 200
0.38991 3.33225 5.68977 140 170 200
-2.97982 0.96043 1.68495 140 170 200
3.07866 -1.55308 7.28703 140 170 200
0.57418 -3.07309 1.59583 140 170 200
1.21958 -3.22381 7.30419 140 170 200
-0.97325 -3.18085 4.87647 140 170 200
-0.55601 -3.37475 6.63964 140 170 200
1.82252 2.49619 0.98495 140 170 200
-1.95934 2.81234 6.84400 140 170 200
1.68240 -2.97288 6.67844 140 170 200
1.38725 2.82157 1.84344 140 170 200
2.77824 1.41910 1.49418 140 170 200
1.94935 -2.81444 6.90971 140 170 200
0.62689 -3.20377 4.02617 140 170 200
1.84950 2.84006 6.04786 140 170 200
-3.00004 -0.53565 0.28653 140 170 200
3.04565 0.81676 1.92068 140 170 200
2.04341 2.75821 6.88566 140 170 200
-0.14389 3.15047 2.06131 140 170 200
-0.88255 -2.96845 0.95881 140 170 200
-1.06399 2.95885 1.84200 140 170 200
1.28360 -3.21370 7.61422 140 170 200
3.19474 0.47608 3.40393 140 170 200
3.32132 0.09027 5.02985 140 170 200
-1.03269 3.19220 5.44211 140 170 200
-0.38731 -3.22013 3.63803 140 170 200
2.95667 -0.92914 1.08490 140 170 200
-1.27107 2.91504 2.59216 140 170 200
-2.93565 -1.09693 1.68213 140 170 200
3.38424 0.89957 8.25575 140 170 200
3.43238 0.02721 6.83607 140 170 200
3.44771 0.34249 7.53547 140 170 200
2.82943 1.98397 7.44513 140 170 200
2.15296 -2.17067 0.22036 140 170 200
-2.15989 -2.65789 6.91229 140 170 200
2.65046 -1.96895 4.60868 140 170 200
1.74729 -2.95884 7.12885 140 170 200
0.33450 -3.51688 8.67056 140 170 200
-1.96677 2.57862 3.50393 140 170 200
2.23627 2.50513 5.67894 140 170 200
2.55224 1.93803 3.02617 140 170 200
3.45149 0.54694 8.12551 140 170 200
1.39591 2.86190 2.56648 140 170 200
3.22064 0.38917 3.44567 140 170 200
-1.33430 -3.23878 8.07624 140 170 200
-2.38180 1.99967 1.15146 140 170 200
-3.24961 -0.58096 4.71419 140 170 200
-3.32562 0.44463 5.47507 140 170 200
-0.69927 3.27983 5.45544 140 170 200
2.34326 2.05362 1.33125 140 170 200
-2.96044 -0.80578 0.57487 140 170 200
2.14470 -2.47172 4.03005 140 170 200
-0.00612 -3.28298 4.36032 140 170 200
3.20465 -1.47195 8.52902 140 170 200
-2.12052 2.69936 6.96833 140 170 200
1.89713 -2.76512 5.62588 140 170 200
-0.54194 -3.11278 2.16472 140 170 200
3.29081 -1.23159 8.18800 140 170 200
-0.73976 3.05896 2.01239 140 170 200
1.16725 -3.33186 8.56774 140 170 200
-3.52434 -0.18081 8.55592 140 170 200
-3.26291 1.36983 8.81894 140 170 200
-3.12298 0.68253 2.83043 140 170 200
-2.84176 1.28130 1.49381 140 170 200
2.42048 -2.35843 5.88532 140 170 200
3.06771 -1.11724 4.08566 140 170 200
-1.68408 -2.76732 3.78046 140 170 200
1.17478 3.12546 5.25836 140 170 200
-2.98106 1.62640 6.40626 140 170 200
-1.98556 2.54018 3.27426 140 170 200
-1.53350 -2.83081 3.30154 140 170 200
3.03813 1.43768 5.72707 140 170 200
-1.75006 -2.54504 0.87471 140 170 200
-3.33517 0.70585 6.49520 140 170 200
-0.24005 3.45367 7.33326 140 170 200
3.21906 1.35771 8.00847 140 170 200
3.24571 1.12214 6.95271 140 170 200
2.58031 -2.07577 4.82564 140 170 200
-3.09708 -1.62062 7.95883 140 170 200
-3.12756 -1.05064 4.68761 140 170 200
3.42661 0.37834 7.23345 140 170 200
0.40565 -3.05742 0.80229 140 170 200
0.83442 3.30382 6.57294 140 170 200
-2.30625 2.07471 0.99447 140 170 200
-1.85499 -2.44186 0.46304 140 170 200
2.19260 2.47223 4.78645 140 170 200
0.90114 -2.98284 1.32538 140 170 200
1.64801 -2.77518 3.21073 140 170 200
-3.41411 -0.42027 7.12531 140 170 200
-2.21615 2.50050 5.20561 140 170 200
-0.04078 3.42487 6.77943 140 170 200
-0.56174 -3.40288 7.20352 140 170 200
-1.78108 2.78471 4.59257 140 170 200
1.29490 -3.29933 8.88237 140 170 200
-0.34780 -3.14018 2.09080 140 170 200
-1.86560 2.47085 1.00242 140 170 200
0.42450 3.18073 3.15176 140 170 200
-2.15483 2.68135 7.02597 140 170 200
-1.70021 2.59561 1.10857 140 170 200
3.16965 -0.88521 4.47396 140 170 200
-2.32162 -2.39019 5.38985 140 170 200
-1.90007 -2.89483 7.40865 140 170 200
-0.72701 3.39640 7.72663 140 170 200
-2.08636 2.38797 2.42902 140 170 200
-3.11696 0.67280 2.74956 140 170 200
3.35394 -0.49427 6.35947 140 170 200
-1.72588 -3.02939 7.84209 140 170 200
1.78689 2.59598 1.77908 140 170 200
3.41024 -0.19419 6.68851 140 170 200
-0.38459 3.15673 2.41692 140 170 200
-2.26963 -2.17820 1.89350 140 170 200
2.28545 -2.28079 3.32303 140 170 200
-2.57913 -2.29579 7.29704 140 170 200
3.06704 -1.54044 6.85703 140 170 200
1.90343 -2.68690 4.57957 140 170 200
3.33279 0.74512 6.61648 140 170 200
-1.26353 -3.01368 3.93397 140 170 200
-0.57647 -3.11240 2.16804 140 170 200
-2.40932 2.50817 7.70224 140 170 200
2.59519 -1.65770 0.70971 140 170 200
1.10140 -3.32418 8.18511 140 170 200
-2.31415 2.55702 7.24850 140 170 200
0.57420 3.36269 6.69678 140 170 200
0.77950 3.25420 5.36971 140 170 200
0.63818 3.40815 7.42564 140 170 200
-2.59729 -1.63056 0.46794 140 170 200
-2.09305 -2.62155 5.55965 140 170 200
1.89387 2.56832 2.63026 140 170 200
0.37669 2.20511 0.00243 120 120 120
1.51499 -1.41398 -0.00156 120 120 120
-2.82982 0.09430 0.00966 120 120 120
1.33020 -1.37866 -0.00263 120 120 120
1.33564 2.24838 -0.00023 120 120 120
2.14406 -1.75158 -0.01011 120 120 120
-2.66049 1.81633 0.00787 120 120 120
-0.75269 2.74765 -0.00267 120 120 120
-0.33940 0.36604 0.00649 120 120 120
-2.05203 -1.54620 -0.00335 120 120 120
-0.79469 2.42436 -0.00039 120 120 120
-0.70725 -0.89589 -0.00391 120 120 120
-2.81411 -0.07178 -0.00467 120 120 120
-1.11321 -1.64923 -0.00147 120 120 120
-1.33824 2.19032 -0.00069 120 120 120
-0.09853 1.68107 -0.00182 120 120 120
-0.62956 -1.21428 -0.00761 120 120 120
-2.01062 -0.37427 0.00142 120 120 120
0.92392 1.15173 -0.00978 120 120 120
-1.85094 -2.64513 -0.00169 120 120 120
-0.46577 2.73142 -0.00790 120 120 120
-0.41463 0.47382 0.00450 120 120 120
1.23685 -1.59103 0.00616 120 120 120
0.91676 2.96679 0.00296 120 120 120
-2.27497 1.05679 -0.00238 120 120 120
1.94158 1.16254 -0.00371 120 120 120
-2.26642 0.73160 -0.00127 120 120 120
1.57534 -0.85319 -0.00027 120 120 120
-1.88959 -0.72924 0.00241 120 120 120
0.97651 -1.06207 0.00199 120 120 120
-2.64434 -0.71572 -0.01019 120 120 120
1.47450 0.56872 0.00331 120 120 120
-2.11739 -0.05934 0.00193 120 120 120
0.34051 3.11013 -0.00391 120 120 120
-1.88768 0.85066 -0.00484 120 120 120
0.15142 1.88080 0.00031 120 120 120
1.60189 1.37793 0.00090 120 120 120
0.38636 1.57542 -0.00551 120 120 120
-2.26402 1.61605 0.00029 120 120 120
1.18511 -2.40088 0.00092 120 120 120
0.19899 -1.62150 0.00429 120 120 120
2.05108 0.48162 -0.00056 120 120 120
0.39839 -2.33652 -0.01014 120 120 120
2.97069 0.58085 0.00126 120 120 120
1.67222 0.86382 -0.00845 120 120 120
0.18198 -2.46464 -0.00425 120 120 120
-2.46802 1.95896 -0.00675 120 120 120
-0.72080 1.49591 0.00247 120 120 120
-1.96667 1.95578 -0.00543 120 120 120
-2.60047 -0.39776 0.00500 120 120 120
-0.98594 -0.78028 -0.00579 120 120 120
-1.54749 -2.82956 -0.01007 120 120 120
2.36553 1.63333 -0.00174 120 120 120
1.08965 1.82765 -0.00664 120 120 120
-2.22647 0.97773 0.00658 120 120 120
1.28299 -1.47158 -0.00340 120 120 120
0.13242 -1.65754 0.00577 120 120 120
1.19191 2.83633 -0.00153 120 120 120
-0.57931 2.41737 0.00178 120 120 120
-1.42844 1.36447 -0.00265 120 120 120
1.91008 -2.31166 0.01189 120 120 120
2.14146 -0.29351 -0.00574 120 120 120
1.23952 0.64476 -0.01526 120 120 120
-1.26501 0.10475 0.00130 120 120 120
-2.04704 2.39734 -0.00512 120 120 120
-0.87557 1.80898 0.00102 120 120 120
-2.04371 0.01192 -0.00035 120 120 120
-0.46577 -2.33706 -0.00265 120 120 120
-2.07924 -1.32840 -0.00203 120 120 120
-1.89970 0.97766 0.00205 120 120 120
-0.54544 -3.09629 -0.00181 120 120 120
-1.58810 0.98713 -0.00076 120 120 120
-0.63288 -0.89081 -0.00249 120 120 120
1.59895 2.82086 0.00814 120 120 120
-0.81276 1.28859 0.00655 120 120 120
-2.86942 -1.32082 -0.00736 120 120 120
2.59989 -1.47425 0.00001 120 120 120
2.84486 0.34603 -0.00407 120 120 120
-0.17168 -1.17214 -0.00623 120 120 120
-0.60311 0.06113 -0.01599 120 120 120
-0.04445 -1.34257 -0.00163 120 120 120
1.54645 1.36060 -0.00124 120 120 120
-2.42510 -1.57634 0.00678 120 120 120
-1.79554 0.96133 0.00524 120 120 120
-0.21675 0.53236 0.00246 120 120 120
0.85206 0.17638 0.00369 120 120 120
-2.17748 -0.35089 0.00426 120 120 120
-0.30066 0.46161 0.00244 120 120 120
2.49279 -1.32977 0.00692 120 120 120
0.01095 -1.60866 -0.00635 120 120 120
1.93780 1.17961 -0.00244 120 120 120
-1.06471 2.68991 -0.00314 120 120 120
-0.14767 2.41111 -0.00276 120 120 120
-1.22964 -2.79531 -0.00076 120 120 120
-2.66367 -1.36065 0.00816 120 120 120
-0.85569 1.04784 0.00448 120 120 120
0.08587 0.47940 0.00612 120 120 120
-2.81257 1.10369 -0.00039 120 120 120
-0.01521 2.63179 -0.00062 120 120 120
1.15627 2.89299 0.00289 120 120 120
0.37601 -0.85864 0.00216 120 120 120
3.16511 -0.63766 0.00216 120 120 120
0.10126 -3.22305 0.01159 120 120 120
1.55507 0.64339 0.00293 120 120 120
0.72932 -0.29673 -0.00394 120 120 120
-1.89875 0.56966 -0.00352 120 120 120
-0.20799 2.13164 0.00421 120 120 120
0.22987 -1.66947 0.00382 120 120 120
0.75569 0.01785 0.00489 120 120 120
2.97084 0.57441 0.00260 120 120 120
0.08075 -1.49189 -0.00520 120 120 120
1.61971 2.56898 0.00768 120 120 120
-1.62792 0.28621 0.00671 120 120 120
-2.95991 -0.46472 -0.00193 120 120 120
1.72692 -0.06812 0.00183 120 120 120
-0.49396 0.90581 0.00093 120 120 120
-0.97841 2.78076 -0.00186 120 120 120
-1.68889 0.28156 -0.00580 120 120 120
-1.79693 0.18205 0.00287 120 120 120
-1.98049 -0.62104 -0.00746 120 120 120
1.82522 -1.75140 -0.00298 120 120 120
-0.66001 -2.50672 0.00856 120 120 120
0.57857 -0.68250 0.00208 120 120 120
-2.40033 2.07500 0.00192 120 120 120
0.09765 -0.73500 -0.00147 120 120 120
2.88307 -0.71892 -0.00781 120 120 120
2.41909 1.30569 0.00207 120 120 120
-1.60532 0.69333 0.00249 120 120 120
-2.06489 -1.42952 0.00397 120 120 120
-2.06833 -1.23585 -0.00196 120 120 120
-2.64519 -0.21796 -0.00204 120 120 120
1.22662 -2.50745 0.00284 120 120 120
0.57375 2.26030 -0.00629 120 120 120
2.68648 -0.58970 0.00407 120 120 120
0.52155 -1.34922 -0.00080 120 120 120
-0.72219 2.60647 0.00147 120 120 120
2.08113 0.43243 0.01154 120 120 120
-0.57202 -3.10041 -0.00136 120 120 120
2.96472 0.49698 0.00070 120 120 120
-0.11776 0.00991 0.00015 120 120 120
-2.46593 -1.39733 -0.00989 120 120 120
2.50011 -0.33655 0.00306 120 120 120
-1.07446 2.52781 -0.01169 120 120 120
-0.32641 -1.61921 0.00379 120 120 120
2.78597 -0.82154 -0.00346 120 120 120
-1.18592 0.28152 -0.00369 120 120 120
2.23627 2.11969 -0.00019 120 120 120
1.53254 1.49667 -0.00663 120 120 120
-0.81458 0.67797 -0.00056 120 120 120
-1.22796 2.42758 -0.00548 120 120 120
-0.82015 1.84738 -0.00645 120 120 120
-1.63185 0.15882 -0.00109 120 120 120
-2.58550 -0.61798 0.00612 120 120 120
-0.18177 1.86798 0.00361 120 120 120
-1.40815 0.55547 -0.00272 120 120 120
-1.46187 -2.05681 -0.00082 120 120 120
-1.80189 -0.67398 -0.00271 120 120 120
0.02388 -0.74646 -0.00597 120 120 120
-0.23351 1.53043 -0.00524 120 120 120
-1.56009 1.52586 0.00132 120 120 120
-2.32564 -0.81176 -0.00365 120 120 120
1.89836 -1.23905 -0.00030 120 120 120
-2.37547 -2.01536 -0.00510 120 120 120
-0.44759 1.84608 0.00396 120 120 120
2.94579 0.69506 0.00319 120 120 120
-2.23900 -0.20695 0.00778 120 120 120
2.55420 -0.82014 0.00681 120 120 120
-1.18910 -2.07163 -0.00461 120 120 120
-0.95361 0.48988 -0.00430 120 120 120
1.87107 0.98059 0.00176 120 120 120
1.98755 1.78367 -0.00443 120 120 120
-0.06830 -1.70607 0.00118 120 120 120
-0.75108 1.70998 -0.00173 120 120 120
-0.72307 2.62354 0.00458 120 120 120
0.33424 2.76363 0.00473 120 120 120
1.90088 -1.43212 -0.00153 120 120 120
-0.95163 2.62144 -0.00915 120 120 120
1.32187 2.67317 0.00505 120 120 120
-1.55732 1.71741 -0.00306 120 120 120
-0.66633 -2.62728 -0.00012 120 120 120
-0.30890 0.18461 -0.00068 120 120 120
0.05270 -0.55347 0.00192 120 120 120
-1.04547 -2.29632 -0.00311 120 120 120
-1.59625 2.04127 -0.00559 120 120 120
1.24679 -1.24442 0.00076 120 120 120
2.28390 1.14365 0.00413 120 120 120
-0.09647 -1.03208 -0.00062 120 120 120
-2.84724 -0.14010 -0.00063 120 120 120
-0.82823 1.74451 -0.00593 120 120 120
-2.06332 1.33354 0.00257 120 120 120
-2.73915 -1.68528 0.00293 120 120 120
-0.34289 2.31052 -0.00054 120 120 120
-1.84602 -1.46805 -0.00487 120 120 120
-1.02527 -0.19587 0.00041 120 120 120
0.08061 -0.67967 0.00083 120 120 120
1.34013 2.81948 -0.00020 120 120 120
-1.87773 2.37194 -0.00542 120 120 120
-2.91911 -0.19744 0.00127 120 120 120
-0.45643 -3.20830 0.00081 120 120 120
-0.52029 0.86704 0.00209 120 120 120
-0.97415 2.67192 -0.00068 120 120 120
0.85048 -0.67676 0.00642 120 120 120
2.00601 1.63728 -0.00001 120 120 120
-0.39237 -2.72567 0.00698 120 120 120
0.90603 -2.55038 0.00111 120 120 120
-0.11951 1.66840 -0.00579 120 120 120
-2.81916 1.17575 0.00418 120 120 120
-2.42622 -0.30385 -0.00182 120 120 120
0.40071 -3.08029 -0.00222 120 120 120
1.52305 -1.54172 0.00519 120 120 120
-1.48670 1.18840 -0.00625 120 120 120
-1.78527 2.51084 -0.00876 120 120 120
-1.74404 2.36101 -0.00110 120 120 120
0.32009 0.89825 0.00151 120 120 120
2.02245 0.73708 0.00434 120 120 120
0.68578 -0.57413 0.00072 120 120 120
-1.15039 2.80499 -0.01125 120 120 120
2.24232 0.15687 -0.00485 120 120 120
1.01744 1.31423 -0.00630 120 120 120
0.80568 -0.30484 -0.00943 120 120 120
1.63134 0.65877 -0.00085 120 120 120
-0.69922 -1.83403 0.00255 120 120 120
0.61736 -3.14146 0.00486 120 120 120
-0.03635 -3.23369 0.00248 120 120 120
-1.10661 1.91429 -0.00279 120 120 120
-1.98643 -2.38874 0.00541 120 120 120
-0.57573 2.84697 -0.00105 120 120 120
-2.46785 1.42737 0.00030 120 120 120
0.82113 -1.47142 -0.00331 120 120 120
-2.19544 -1.73865 -0.00123 120 120 120
-3.17252 0.63516 -0.00211 120 120 120
-1.14884 -2.74807 -0.00691 120 120 120
-0.14659 -2.38849 0.00319 120 120 120
0.08907 -0.04186 0.00084 120 120 120
0.23018 -1.98152 0.00397 120 120 120
-2.60501 0.35050 -0.00352 120 120 120
0.24131 1.18534 0.00353 120 120 120
-2.03439 0.38241 -0.00784 120 120 120
-2.54608 1.01004 0.00271 120 120 120
-2.49262 -1.78937 0.00338 120 120 120
-1.91930 -1.93010 -0.00519 120 120 120
0.52470 2.48481 0.00558 120 120 120
0.53353 -1.44971 0.00779 120 120 120
-2.27683 1.37963 -0.00287 120 120 120
0.69025 -2.89481 0.00725 120 120 120
2.14021 0.21100 -0.00851 120 120 120
0.38033 -3.04074 -0.00068 120 120 120
-1.80163 -0.57662 -0.01307 120 120 120
-2.28995 1.19933 0.00465 120 120 120
1.86196 2.32776 -0.00765 120 120 120
2.31825 -2.00070 -0.00976 120 120 120
2.10159 0.72836 0.00131 120 120 120
1.66664 1.44499 0.00518 120 120 120
1.79280 -2.60224 -0.00202 120 120 120
-0.83487 -2.05660 0.00068 120 120 120
0.10526 -0.15712 0.00881 120 120 120
2.22743 -0.39796 -0.00475 120 120 120
-1.35541 2.13191 -0.00491 120 120 120
1.01628 -2.61204 0.00543 120 120 120
0.88789 0.21841 0.00112 120 120 120
2.09534 -1.29859 0.00712 120 120 120
-1.65689 -1.92595 -0.00648 120 120 120
2.19988 -1.52963 -0.00894 120 120 120
-1.56070 -0.66383 -0.00717 120 120 120
-1.93414 -2.08724 0.00353 120 120 120
2.61245 -1.23038 0.00600 120 120 120
-0.38871 1.13931 0.00535 120 120 120
-1.59672 2.36774 0.00278 120 120 120
1.52174 -2.04803 0.00626 120 120 120
2.09573 -0.46824 -0.00304 120 120 120
-1.41746 -2.49408 -0.00993 120 120 120
-1.05007 0.49352 -0.00808 120 120 120
1.48823 1.24875 -0.00727 120 120 120
-2.39863 -1.91764 -0.00968 120 120 120
0.55291 -1.09867 -0.00680 120 120 120
2.41369 1.99372 -0.00463 120 120 120
-0.65044 2.49458 0.00303 120 120 120
0.21364 0.15882 0.00147 120 120 120
-0.67923 1.08695 0.00754 120 120 120
-0.65675 -0.34619 -0.00620 120 120 120
1.95473 2.08197 0.00187 120 120 120
-1.61612 0.27134 0.00658 120 120 120
2.44415 0.20901 -0.00255 120 120 120
1.34607 -2.67831 -0.00223 120 120 120
-1.38870 -2.75688 0.00691 120 120 120
-1.76642 -2.40047 -0.00178 120 120 120
1.32810 -1.88325 0.00717 120 120 120
0.78915 0.93995 -0.00741 120 120 120
1.87655 -0.38623 0.00810 120 120 120
1.79967 0.54627 0.00629 120 120 120
-3.04785 1.08360 -0.00478 120 120 120
2.91911 0.03464 -0.00154 120 120 120
1.62206 -0.88094 -0.00621 120 120 120
-2.06659 0.29567 -0.00247 120 120 120
-0.24879 1.67559 -0.00782 120 120 120
-1.93751 0.71221 -0.00890 120 120 120
0.87774 -0.27802 -0.00627 120 120 120
0.36733 2.94702 0.00518 120 120 120
-1.33566 1.95951 -0.00930 120 120 120
2.52265 0.16506 0.00686 120 120 120
0.27532 1.41523 0.00457 120 120 120
1.63224 -1.45198 0.00659 120 120 120
-2.19121 0.28595 0.00172 120 120 120
0.82169 0.58737 0.00825 120 120 120
0.27830 -0.49489 -0.00717 120 120 120
1.45648 -2.09900 0.00684 120 120 120
2.43421 -0.33602 0.01521 120 120 120
2.42151 0.97922 -0.00132 120 120 120
-2.86025 1.13283 -0.00028 120 120 120
2.43812 -2.14491 -0.00461 120 120 120
2.18455 2.02287 0.00033 120 120 120
-0.32115 0.37608 0.00093 120 120 120
1.49260 -1.00725 -0.01182 120 120 120
2.39897 1.56790 0.00306 120 120 120
-0.47196 -3.04894 0.00555 120 120 120
2.94918 -0.96660 -0.00441 120 120 120
-2.13383 -1.59197 -0.00212 120 120 120
2.16919 -2.05926 0.00424 120 120 120
0.39767 -1.23799 -0.00465 120 120 120
0.70717 -1.90953 0.00372 120 120 120
-0.64478 -0.68310 0.00143 120 120 120
1.58306 0.74726 0.01167 120 120 120
-2.31191 1.68951 -0.00064 120 120 120
0.70196 -1.21448 -0.00267 120 120 120
0.80654 2.68164 0.00124 120 120 120
-0.88890 2.70659 0.00058 120 120 120
-3.03847 -0.24661 0.00816 120 120 120
-2.82527 1.49475 0.00790 120 120 120
1.15515 -2.56069 -0.00365 120 120 120
2.63397 -0.44382 -0.00096 120 120 120
2.25407 1.78802 -0.00347 120 120 120
1.40456 0.16111 -0.00436 120 120 120
0.42591 -2.76086 -0.01630 120 120 120
2.76506 1.40001 0.00844 120 120 120
0.13911 2.18355 -0.00335 120 120 120
-0.28201 0.39148 -0.00223 120 120 120
-0.56652 1.79891 0.01385 120 120 120
-0.60020 -0.81236 -0.00320 120 120 120
-0.43368 2.53535 -0.00092 120 120 120
-2.31988 -1.85353 0.00134 120 120 120
-0.32806 -0.92605 0.00169 120 120 120
2.10505 0.28914 -0.00309 120 120 120
-1.79208 1.97311 0.00562 120 120 120
2.93650 0.98078 0.00080 120 120 120
0.14952 -1.51845 0.00056 120 120 120
2.20381 0.84886 -0.00337 120 120 120
0.27472 -0.32607 -0.00065 120 120 120
1.16770 -1.66063 0.00487 120 120 120
-1.89865 -0.20044 0.00489 120 120 120
1.28082 -0.48107 -0.00215 120 120 120
-0.82232 0.91488 -0.00387 120 120 120
-0.64041 1.86799 0.00439 120 120 120
0.60589 0.52802 0.00151 120 120 120
-0.43494 -3.06340 0.00438 120 120 120
-2.83074 1.43555 -0.00484 120 120 120
2.99201 -0.40430 -0.00011 120 120 120
0.13539 -0.14371 0.00440 120 120 120
-1.90252 -0.15166 -0.00356 120 120 120
-2.04875 0.64340 0.00944 120 120 120
0.17042 1.85669 0.00815 120 120 120
1.67066 2.37892 -0.00102 120 120 120
0.13737 2.66719 -0.00098 120 120 120
-1.36354 -0.44942 0.00161 120 120 120
0.60089 0.74434 0.00085 120 120 120
1.87886 -1.67523 0.00607 120 120 120
2.92361 -0.60133 -0.00440 120 120 120
-0.26678 2.57417 -0.00435 120 120 120
-0.99079 -1.26827 0.00135 120 120 120
-2.05058 1.29715 0.00247 120 120 120
-2.34248 -0.34596 -0.00018 120 120 120
0.36844 -2.85948 0.00448 120 120 120
-1.64126 -1.34307 0.00684 120 120 120
-1.40002 -2.37833 0.00374 120 120 120
1.01366 1.30980 0.00186 120 120 120
0.03350 0.50086 -0.00108 120 120 120
1.88199 -2.14216 0.00038 120 120 120
3.16865 -0.61518 -0.00683 120 120 120
-3.03678 -1.09407 -0.00595 120 120 120
0.74273 2.71693 0.00629 120 120 120
-2.64928 -0.18805 0.00877 120 120 120
-1.96405 0.31112 -0.00683 120 120 120
-1.62118 -2.67169 0.00273 120 120 120
-1.05700 1.98990 -0.00762 120 120 120
2.02668 -1.89033 0.00824 120 120 120
2.42450 -0.33216 -0.00008 120 120 120
2.61041 -1.63081 0.01260 120 120 120
2.69174 -0.19146 -0.00318 120 120 120
1.16666 1.37094 -0.00255 120 120 120
-0.03391 3.11014 0.00200 120 120 120
0.12908 -1.36097 0.00452 120 120 120
-1.46585 0.31418 0.00406 120 120 120
1.88872 -0.47542 0.00487 120 120 120
1.16967 1.58614 -0.00113 120 120 120
-1.04278 2.75854 0.00493 120 120 120
-1.30720 -1.70605 0.01112 120 120 120
-2.56172 1.63083 0.00401 120 120 120
-1.21162 1.42712 -0.00409 120 120 120
-1.91661 -0.64342 0.00213 120 120 120
0.95863 -2.67183 -0.00979 120 120 120
-1.47454 0.66025 0.00351 120 120 120
1.11625 0.24491 -0.00834 120 120 120
0.24129 -1.18591 0.00359 120 120 120
-0.27708 -1.54253 -0.00020 120 120 120
-2.51701 -0.08949 0.00502 120 120 120
-0.52195 -0.39528 0.00024 120 120 120
-1.79202 1.94867 0.00707 120 120 120
2.23728 1.75364 0.00286 120 120 120
0.82223 -2.68670 0.00551 120 120 120
-2.02334 1.60758 -0.00192 120 120 120
2.14590 -0.19777 -0.00218 120 120 120
3.18810 -0.45857 -0.00697 120 120 120
-0.41294 0.88571 -0.00569 120 120 120
0.95826 2.66074 0.00048 120 120 120
0.11770 -2.00478 0.00033 120 120 120
0.26941 -2.94121 0.00201 120 120 120
2.52711 0.50939 -0.00345 120 120 120
-1.17844 -0.28060 0.00085 120 120 120
-0.62743 2.91133 0.00673 120 120 120
0.85405 0.27748 0.00217 120 120 120
-2.65021 1.24087 0.00020 120 120 120
1.64009 1.81683 0.00143 120 120 120
-0.26098 1.23324 0.00622 120 120 120
-2.29152 -1.01568 0.00087 120 120 120
0.03070 2.42064 -0.00260 120 120 120
-1.19246 1.38615 -0.00255 120 120 120
-0.74610 -2.83281 -0.00272 120 120 120
0.40386 -1.08085 -0.00285 120 120 120
-1.17625 0.30427 0.00395 120 120 120
-1.35169 -0.85458 0.00850 120 120 120
-1.46208 2.64672 -0.00204 120 120 120
0.99401 -0.87551 -0.00451 120 120 120
2.54623 1.42671 -0.00635 120 120 120
2.33943 1.64270 0.00863 120 120 120
2.46594 0.59667 0.00483 120 120 120
1.78534 1.33145 -0.00341 120 120 120
-1.33917 -1.40360 0.00070 120 120 120
1.50995 -0.01601 0.00701 120 120 120
-2.17640 -1.61382 -0.00032 120 120 120
-0.06734 2.20731 0.00431 120 120 120
0.70585 -1.54714 -0.00078 120 120 120
-1.13081 1.46612 -0.00148 120 120 120
-1.00866 -0.67603 -0.01324 120 120 120
-0.63820 0.25125 -0.00202 120 120 120
-2.14650 -0.14858 -0.00268 120 120 120
2.52976 1.97775 0.00260 120 120 120
2.86001 -1.33688 0.00125 120 120 120
-0.40778 1.12437 0.00099 120 120 120
-1.94377 -1.43054 0.00476 120 120 120
1.91520 0.08868 -0.01169 120 120 120
-2.53749 0.65155 -0.00025 120 120 120
0.05642 -0.53234 -0.00585 120 120 120
-1.82301 -1.55491 -0.00626 120 120 120
-0.92064 2.00579 -0.00145 120 120 120
-1.42391 -1.97505 0.00011 120 120 120
0.35769 -1.21681 0.00251 120 120 120
1.39507 2.14220 0.00218 120 120 120
1.61989 0.71131 -0.00413 120 120 120
-2.25015 0.55331 -0.00099 120 120 120
-2.79842 1.16083 0.00719 120 120 120
0.95250 0.28826 0.00807 120 120 120
-0.87398 -1.85351 -0.00153 120 120 120
-2.09842 -1.17837 0.00046 120 120 120
-0.80129 1.92742 -0.00448 120 120 120
-0.38246 2.21805 0.00514 120 120 120
-0.66493 2.67744 0.01158 120 120 120
2.01159 1.74059 -0.00268 120 120 120
2.02186 -0.97631 0.00588 120 120 120
1.53148 0.60796 0.00368 120 120 120
1.58996 0.44469 -0.00084 120 120 120
0.57457 -2.78225 -0.00348 120 120 120
-2.11042 0.55044 0.01239 120 120 120
0.70003 -1.72850 0.00383 120 120 120
-2.68494 -0.16325 0.00479 120 120 120
1.85392 -1.36878 -0.00106 120 120 120
-1.25866 1.75411 0.00031 120 120 120
-1.04002 -0.61888 -0.00608 120 120 120
0.57891 3.02946 0.00380 120 120 120
-2.80751 0.94414 -0.00187 120 120 120
1.99777 2.20258 -0.00513 120 120 120
-1.40696 0.01437 -0.00427 120 120 120
-2.23471 0.57672 0.01205 120 120 120
3.12020 0.52364 -0.00149 120 120 120
2.63627 1.68806 0.00184 120 120 120
-0.59030 -0.24853 -0.00597 120 120 120
-0.05599 -0.26350 -0.00095 120 120 120
-1.22647 -1.97378 -0.00685 120 120 120
-0.27976 -1.47015 0.00186 120 120 120
-1.47694 0.20112 -0.00455 120 120 120
-1.19249 1.86791 0.00399 120 120 120
-0.27162 -0.65102 -0.00895 120 120 120
-0.34444 2.63683 -0.00316 120 120 120
-1.32536 -1.39620 0.00588 120 120 120
0.73765 0.47618 0.00767 120 120 120
-2.91124 -0.70381 0.00003 120 120 120
-0.45469 -2.30929 -0.00194 120 120 120
-1.26097 2.84168 0.00058 120 120 120
0.18766 -0.10562 0.01026 120 120 120
2.22868 1.09977 -0.00134 120 120 120
-0.21844 2.21680 0.00002 120 120 120
-1.40482 -2.81567 -0.00526 120 120 120
0.62860 -1.21335 -0.00339 120 120 120
1.81684 1.56957 0.00220 120 120 120
1.09620 0.78602 0.00447 120 120 120
-2.94097 0.65157 0.00151 120 120 120
-1.06090 1.55326 0.00415 120 120 120
-2.07485 -0.67094 -0.00500 120 120 120
1.48200 -2.25097 -0.00550 120 120 120
-0.40798 1.64127 0.00397 120 120 120
1.12696 0.07243 -0.00238 120 120 120
-1.03546 -1.90852 -0.00587 120 120 120
-1.82164 -0.75763 0.00101 120 120 120
-1.92599 -0.18967 0.00043 120 120 120
0.06072 -0.27804 -0.00095 120 120 120
1.68630 -2.32115 0.00794 120 120 120
1.72172 2.20224 0.00937 120 120 120
1.34481 -2.37235 0.00480 120 120 120
-2.01564 -0.52943 0.00215 120 120 120
1.57723 -1.65723 0.00690 120 120 120
-2.41158 -1.09326 0.00079 120 120 120
2.50136 -1.95826 -0.00097 120 120 120
0.85492 -1.50094 -0.00292 120 120 120
-1.28913 2.49679 -0.00391 120 120 120
-1.58373 -1.99680 0.00464 120 120 120
-2.35623 -1.07382 -0.00751 120 120 120
-0.97047 -0.21748 -0.00297 120 120 120
2.19105 1.80768 -0.00177 120 120 120
2.05999 0.30868 -0.00704 120 120 120
-1.02346 1.55984 -0.00196 120 120 120
-2.13704 0.02905 0.00047 120 120 120
-2.87118 -0.98284 0.00514 120 120 120
-2.60998 -0.29405 -0.00253 120 120 120
0.19154 0.24923 0.00050 120 120 120
0.64691 -1.43475 -0.00747 120 120 120
-0.50820 -2.66073 -0.00608 120 120 120
1.98749 -2.30181 -0.00952 120 120 120
1.77013 -1.59690 0.00489 120 120 120
1.23592 -2.17435 -0.00164 120 120 120
-0.88376 -1.47916 0.00110 120 120 120
-1.13125 0.44716 0.00262 120 120 120
-1.42010 -1.61404 0.00404 120 120 120
0.03678 2.38411 0.01003 120 120 120
2.15474 -1.14923 -0.00021 120 120 120
-0.95312 -1.04944 -0.00356 120 120 120
-0.73423 -0.52472 0.00349 120 120 120
-1.64714 -0.91230 0.01181 120 120 120
-1.17939 -2.66255 -0.00270 120 120 120
-0.66887 -1.56022 -0.00397 120 120 120
2.58378 0.73870 -0.01277 120 120 120
-1.47169 0.75957 -0.01034 120 120 120
1.55640 -0.24267 0.00710 120 120 120
0.07815 -1.49124 -0.00087 120 120 120
0.76503 1.98541 -0.00569 120 120 120
-1.51423 0.73845 0.00002 120 120 120
-1.90045 0.46553 0.01301 120 120 120
2.44504 -0.33551 0.00002 120 120 120
2.82892 -0.88499 0.00957 120 120 120
2.51768 1.32414 -0.00468 120 120 120
-0.20457 2.13944 0.00730 120 120 120
1.60237 0.79164 -0.00281 120 120 120
0.90274 2.47416 -0.00385 120 120 120
-2.03124 0.67115 -0.00470 120 120 120
-2.28344 -1.66874 -0.00162 120 120 120
1.14597 -2.78631 0.00488 120 120 120
1.48617 0.90487 -0.00241 120 120 120
-0.39203 1.97810 0.00535 120 120 120
-0.42589 -0.35195 -0.00359 120 120 120
-2.06119 0.53597 -0.00041 120 120 120
-0.76953 2.00927 -0.00265 120 120 120
1.36366 2.79693 0.00906 120 120 120
-0.53392 -2.00083 0.00259 120 120 120
0.20180 2.11066 0.00142 120 120 120
-0.74570 -1.70865 -0.00139 120 120 120
0.90511 -0.52225 -0.00291 120 120 120
0.53839 2.46666 -0.00503 120 120 120
-0.26283 -1.47051 0.00661 120 120 120
0.73663 -2.22671 -0.00807 120 120 120
-1.91074 -2.11379 -0.00181 120 120 120
-1.27191 2.47632 0.00441 120 120 120
0.06816 1.07270 -0.00838 120 120 120
0.48760 -2.05126 0.00089 120 120 120
-1.33429 2.58202 -0.00435 120 120 120
0.09343 -0.25443 0.00013 120 120 120
0.67346 -1.05105 -0.00084 120 120 120
1.43886 -1.52980 -0.01127 120 120 120
0.94154 -2.11200 0.00319 120 120 120
1.90303 -1.37646 -0.00494 120 120 120
2.77505 -1.30857 -0.00274 120 120 120
-2.81072 0.11207 0.00025 120 120 120
-0.81324 3.06353 0.00188 120 120 120
1.19233 2.96275 0.00224 120 120 120
-0.56604 0.46176 0.00395 120 120 120
-0.02081 1.02956 -0.01234 120 120 120
1.59589 -2.44257 0.00241 120 120 120
1.70594 -2.63892 0.00005 120 120 120
-2.51337 0.94533 -0.00277 120 120 120
0.11338 -0.29333 0.00131 120 120 120
-0.63499 -0.77706 0.00460 120 120 120
-2.85151 -1.44136 -0.00438 120 120 120
0.36398 -0.90300 0.00701 120 120 120
1.04784 -2.90116 0.00573 120 120 120
0.60951 -1.89191 0.00185 120 120 120
-3.00758 -0.88463 -0.00612 120 120 120
-0.62121 1.30501 0.01077 120 120 120
-2.62962 1.83174 0.00142 120 120 120
-0.98533 -2.12877 0.00074 120 120 120
2.40655 -1.52212 0.00057 120 120 120
-0.25479 -1.46917 0.00276 120 120 120
0.30252 -1.14613 0.00463 120 120 120
-0.40907 1.51513 -0.00013 120 120 120
-2.60076 1.06283 -0.00621 120 120 120
-0.00162 -0.08234 0.00517 120 120 120
1.85790 -1.95805 -0.00408 120 120 120
-1.03694 -0.07977 -0.00502 120 120 120
2.62854 0.30307 -0.00032 120 120 120
1.34520 -1.17550 -0.00228 120 120 120
2.52698 1.76922 0.00190 120 120 120
-1.79008 -0.33784 0.00285 120 120 120
-3.07517 0.40306 -0.00235 120 120 120
2.37999 -0.57771 0.00061 120 120 120
1.07457 1.07140 -0.00243 120 120 120
-1.53971 -2.57267 0.00383 120 120 120
-0.66612 1.65190 0.00245 120 120 120
-2.32534 1.02309 0.00359 120 120 120
-2.07445 1.20180 -0.00142 120 120 120
-1.67204 2.34673 0.00129 120 120 120
1.19922 -1.12427 0.00255 120 120 120
-0.20571 -1.13237 0.00374 120 120 120
2.49990 -1.84175 0.00331 120 120 120
0.65888 -1.69235 -0.00061 120 120 120
-2.22010 1.28067 -0.00575 120 120 120
2.80847 1.14534 0.00251 120 120 120
-0.27921 0.88135 0.00226 120 120 120
-0.99350 1.44809 -0.00550 120 120 120
0.75332 0.56134 0.00423 120 120 120
1.76730 2.57117 0.00078 120 120 120
3.11915 0.45391 -0.00064 120 120 120
-2.86497 1.16297 0.00107 120 120 120
0.94916 1.71800 0.00466 120 120 120
-0.30266 2.23026 0.00779 120 120 120
-3.08410 0.37568 -0.00027 120 120 120
1.57186 2.62258 -0.00115 120 120 120
0.31883 0.13905 0.00304 120 120 120
0.13619 -1.36843 -0.00670 120 120 120
1.56110 -1.36961 0.00431 120 120 120
-1.47322 2.39969 -0.00677 120 120 120
-1.95660 0.46877 -0.00687 120 120 120
-0.35094 1.43335 0.00777 120 120 120
-2.87435 0.70035 -0.01041 120 120 120
1.60891 1.00638 0.00654 120 120 120
-1.05910 0.27553 0.00780 120 120 120
-2.51111 0.62153 0.00170 120 120 120
-1.06040 2.82997 0.00303 120 120 120
1.66702 -1.82014 -0.00787 120 120 120
-2.84391 1.56087 -0.00246 120 120 120
1.81155 2.43938 0.00179 120 120 120
0.00560 -1.60763 0.00165 120 120 120
1.13026 1.48335 0.00222 120 120 120
1.23599 0.73487 0.00164 120 120 120
-1.64869 1.78111 0.00011 120 120 120
0.76861 -2.50925 -0.00611 120 120 120
2.68332 -0.84729 0.00176 120 120 120
-1.29249 -1.98092 -0.00568 120 120 120
0.89905 -0.69693 -0.00182 120 120 120
-1.47724 -0.67995 0.00696 120 120 120
0.81444 2.06964 -0.00782 120 120 120
-1.54769 -0.67070 -0.00062 120 120 120
-0.06252 -0.72910 0.00434 120 120 120
2.73200 1.38992 0.00319 120 120 120
-2.05472 1.13341 0.00153 120 120 120
2.16444 1.26603 -0.00339 120 120 120
-0.82843 0.62871 0.00655 120 120 120
-2.86374 -1.19026 -0.00612 120 120 120
-0.60908 -2.95612 0.00346 120 120 120
-1.24896 1.60176 0.00077 120 120 120
1.04025 1.00580 -0.00393 120 120 120
-2.89536 0.09023 -0.00195 120 120 120
1.69416 1.78743 0.00906 120 120 120
2.43281 1.69255 -0.00581 120 120 120
-0.24840 -2.24242 -0.00880 120 120 120
-2.38066 -1.93560 -0.00319 120 120 120
-2.69955 -0.52628 0.00206 120 120 120
0.95378 1.67666 0.00712 120 120 120
2.47747 -1.35473 0.00013 120 120 120
1.17839 -1.41713 -0.00814 120 120 120
1.17283 -1.77789 0.00048 120 120 120
1.88414 0.81917 0.00428 120 120 120
1.88916 0.92187 0.00160 120 120 120
-2.72372 0.49600 0.00247 120 120 120
-0.38392 1.56444 -0.00936 120 120 120
-0.95164 1.58376 -0.00671 120 120 120
-0.58349 -2.25170 -0.00067 120 120 120
1.57094 -0.67533 0.00567 120 120 120
-0.94442 -0.71583 -0.00395 120 120 120
2.68101 0.48995 0.00102 120 120 120
2.43251 0.62685 0.00083 120 120 120
0.36593 3.14030 -0.00521 120 120 120
2.79612 0.15878 -0.00368 120 120 120
1.58426 1.87965 -0.00013 120 120 120
1.58555 0.54994 -0.00183 120 120 120
-0.25023 1.43024 0.00410 120 120 120
2.25515 0.66527 -0.00210 120 120 120
1.87225 -1.16658 0.00444 120 120 120
-2.04646 -0.29974 -0.00181 120 120 120
1.39521 -1.64844 0.00012 120 120 120
-0.64998 -1.34854 0.00400 120 120 120
-2.04300 0.51929 -0.00054 120 120 120
-0.62852 0.13801 -0.00213 120 120 120
-0.44686 -2.39180 -0.00035 120 120 120
-1.04458 2.18887 0.00447 120 120 120
-2.60381 -0.51396 0.00166 120 120 120
2.03179 1.84694 -0.01072 120 120 120
0.58002 -2.60427 -0.00361 120 120 120
-1.37592 2.56844 -0.00357 120 120 120
0.51387 1.06838 0.00292 120 120 120
-0.17619 -3.05435 -0.00958 120 120 120
1.68783 1.11981 0.00140 120 120 120
2.53386 -0.78850 0.00318 120 120 120
-0.41897 -1.04781 0.00318 120 120 120
-0.09254 -1.53657 -0.00042 120 120 120
2.72879 1.54450 -0.00808 120 120 120
-1.11010 -0.46970 -0.00129 120 120 120
2.17764 0.41487 0.00737 120 120 120
-0.46572 0.88404 -0.00298 120 120 120
-0.16078 -0.97964 0.01090 120 120 120
0.69315 3.16512 0.00406 120 120 120
-0.84664 -2.45525 -0.00072 120 120 120
-2.46288 -0.80806 0.00113 120 120 120
1.43102 -0.90094 0.00187 120 120 120
-1.26725 0.02507 -0.00289 120 120 120
-0.80490 2.41579 -0.00207 120 120 120
1.14670 -1.14795 0.00997 120 120 120
-1.67584 0.23354 0.00746 120 120 120
-0.49929 2.04719 -0.00189 120 120 120
-1.33017 0.77951 -0.00389 120 120 120
-2.94972 1.10558 -0.00797 120 120 120
0.42768 2.43361 0.01078 120 120 120
0.24996 -0.81346 0.00512 120 120 120
0.96725 -2.03997 0.00623 120 120 120
-2.29094 0.82343 -0.00272 120 120 120
1.93523 0.20716 -0.00305 120 120 120
2.42504 1.83051 -0.00461 120 120 120
-2.34174 -0.13357 -0.01580 120 120 120
-0.10831 1.58474 -0.00437 120 120 120
-1.16225 2.08938 0.00160 120 120 120
-2.71263 -0.52726 0.00124 120 120 120
-0.94070 -1.54141 -0.00308 120 120 120
1.16794 2.80221 0.00327 120 120 120
-0.29887 -0.71574 -0.00337 120 120 120
1.37269 1.12244 0.00384 120 120 120
-2.87446 -1.23903 0.00377 120 120 120
-0.80987 -1.47281 0.00410 120 120 120
-0.23367 0.86404 0.00037 120 120 120
0.35615 -0.59058 -0.00408 120 120 120
0.67037 -2.74059 -0.00596 120 120 120
1.38836 -1.27407 -0.01084 120 120 120
-1.54948 2.38252 0.00379 120 120 120
2.39567 -1.06841 -0.00843 120 120 120
-2.80197 0.27963 -0.00068 120 120 120
-1.16653 2.88600 0.00109 120 120 120
-2.09944 -2.04846 -0.00535 120 120 120
0.94128 -0.84414 -0.00062 120 120 120
2.37305 -1.98723 0.00159 120 120 120
0.08532 1.88108 -0.00137 120 120 120
1.67608 2.38504 0.00230 120 120 120
-2.22142 0.75600 -0.00222 120 120 120
1.26068 -0.51223 -0.00139 120 120 120
2.63487 -0.58644 -0.00444 120 120 120
-0.42910 2.62338 -0.00068 120 120 120
2.82310 1.27257 0.00003 120 120 120
-0.52587 -2.01456 -0.00462 120 120 120
0.31807 2.76665 0.00214 120 120 120
0.56629 2.26947 -0.01233 120 120 120
-0.21704 -2.40112 0.00541 120 120 120
0.57639 1.81416 -0.00709 120 120 120
0.40926 -1.91013 0.00520 120 120 120
2.60317 -1.30431 0.00310 120 120 120
1.47428 2.12809 0.00506 120 120 120
-2.57502 -0.78660 -0.00563 120 120 120
-0.96680 -2.98324 -0.00102 120 120 120
-2.63374 -0.59003 0.00147 120 120 120
2.34919 -1.49624 0.00214 120 120 120
2.60213 1.18016 0.00420 120 120 120
2.12760 -0.07113 0.00326 120 120 120
-2.04672 -0.81945 0.00238 120 120 120
0.73327 3.13084 0.00246 120 120 120
-1.63200 -1.80235 0.00342 120 120 120
-1.01924 -1.71205 0.00010 120 120 120
0.78411 0.02513 0.00573 120 120 120
0.78357 -1.28839 -0.00038 120 120 120
2.58485 1.23945 -0.00846 120 120 120
0.68563 3.05260 0.00623 120 120 120
-2.37055 -1.63303 0.00234 120 120 120
0.44527 -2.86501 -0.00074 120 120 120
-1.95287 -2.33245 0.00057 120 120 120
-1.57384 -1.49046 0.00754 120 120 120
-1.21191 0.05395 0.00050 120 120 120
-2.54875 -0.21700 0.00760 120 120 120
-2.80586 1.31561 0.00236 120 120 120
-0.37623 2.13557 -0.00181 120 120 120
-1.91153 2.22998 -0.00655 120 120 120
2.19256 -2.10738 0.00046 120 120 120
-0.68141 0.61673 0.00657 120 120 120
0.14534 -2.11897 -0.00284 120 120 120
-1.66450 -1.42212 0.00183 120 120 120
0.34769 2.10977 0.00768 120 120 120
0.94751 1.37385 -0.00886 120 120 120
1.62742 1.58628 0.00199 120 120 120
-2.76267 0.07925 0.00277 120 120 120
0.77024 2.56619 0.00178 120 120 120
-0.18939 3.12835 -0.00852 120 120 120
1.45981 -2.37387 -0.00380 120 120 120
-2.81589 0.20153 -0.01043 120 120 120
-0.86833 1.51782 -0.00659 120 120 120
0.22687 0.52814 0.00422 120 120 120
-2.14839 0.89678 -0.00165 120 120 120
-0.24287 2.85783 0.00410 120 120 120
1.98983 0.49829 0.00382 120 120 120
1.97235 -2.17058 -0.00562 120 120 120
-2.32542 -1.07003 0.00085 120 120 120
0.90963 -1.63688 -0.00793 120 120 120
-0.10981 -1.89854 0.00137 120 120 120
2.67400 0.24734 0.00212 120 120 120
-1.40681 -2.02653 -0.00114 120 120 120
0.53499 0.64920 -0.00841 120 120 120
2.16649 1.06809 -0.00744 120 120 120
0.66659 0.12378 0.01271 120 120 120
1.34639 -1.99143 0.00311 120 120 120
-2.82683 -1.34416 -0.00139 120 120 120
0.14015 -0.97466 0.00480 120 120 120
-1.45885 -1.72706 0.00736 120 120 120
1.84191 2.18874 0.00605 120 120 120
-1.65687 -1.33573 -0.00097 120 120 120
1.48723 1.26049 -0.00167 120 120 120
2.33642 0.80051 0.00398 120 120 120
-1.61518 2.53275 -0.00118 120 120 120
2.44929 1.77639 0.00599 120 120 120
-0.46575 -1.62519 0.00056 120 120 120
-2.51995 -1.96589 0.00397 120 120 120
-0.53775 -1.19518 0.00520 120 120 120
1.25077 -0.82168 -0.00649 120 120 120
-1.77589 2.05956 0.00073 120 120 120
-2.82308 -1.08957 0.00574 120 120 120
-0.98383 0.99543 -0.00403 120 120 120
1.17866 1.43021 -0.00274 120 120 120
0.49102 -0.75859 0.00601 120 120 120
-1.98008 -0.96870 0.00764 120 120 120
-1.66948 -1.63433 -0.01761 120 120 120
-0.12761 2.49422 0.00599 120 120 120
0.66261 -1.24070 -0.01162 120 120 120
-1.70659 -0.10142 -0.00032 120 120 120
2.55969 1.19321 -0.00693 120 120 120
-0.46212 0.97274 -0.00274 120 120 120
-0.19982 0.05900 0.00052 120 120 120
-1.02168 1.75215 0.00265 120 120 120
1.85957 1.63116 0.00715 120 120 120
-1.38421 2.73865 -0.00673 120 120 120
0.64447 0.01182 0.00578 120 120 120
0.44812 1.82458 -0.00139 120 120 120
-1.93429 -2.30342 -0.00128 120 120 120
-2.65823 -0.68128 0.00850 120 120 120
-1.83258 1.82438 0.00421 120 120 120
0.31240 -0.08053 -0.00841 120 120 120
2.12419 0.63001 -0.00039 120 120 120
-2.04671 -2.47842 -0.00374 120 120 120
-1.92434 -1.83754 -0.00217 120 120 120
-2.90965 -0.38222 -0.00066 120 120 120
-0.20040 2.32038 0.00232 120 120 120
-1.95344 -0.05054 -0.00628 120 120 120
-1.80896 0.34190 -0.00111 120 120 120
1.76497 2.30215 -0.00197 120 120 120
0.18547 2.19959 0.00192 120 120 120
-1.70409 0.70773 -0.00026 120 120 120
-1.82599 1.89506 0.00469 120 120 120
2.22274 2.36757 0.00129 120 120 120
0.15559 2.12636 0.00302 120 120 120
-1.10339 -0.71780 0.00116 120 120 120
-0.74447 -2.49542 -0.00575 120 120 120
0.01973 -2.05702 -0.00187 120 120 120
-2.41890 -0.61463 -0.00334 120 120 120
3.05315 1.09978 0.00379 120 120 120
0.26096 2.18400 0.00426 120 120 120
-0.24510 -1.77156 -0.00041 120 120 120
-0.77018 3.12503 0.00073 120 120 120
-1.27653 -2.32786 -0.00790 120 120 120
-1.07803 -1.43698 -0.00195 120 120 120
-1.82099 -0.18255 -0.01251 120 120 120
-0.90690 2.35916 0.00405 120 120 120
1.71722 0.94178 0.01114 120 120 120
-0.36864 -2.83340 -0.00267 120 120 120
0.02449 1.42773 0.00114 120 120 120
-0.29279 1.38882 0.00209 120 120 120
1.12597 1.09094 -0.00568 120 120 120
-0.42276 -3.00857 -0.00066 120 120 120
0.95050 -0.24610 0.00234 120 120 120
-2.50357 0.28478 0.00084 120 120 120
-1.95235 2.30454 0.00030 120 120 120
-1.35977 -0.14090 -0.00148 120 120 120
-2.41739 1.96535 -0.00408 120 120 120
-0.98640 2.55714 0.00338 120 120 120
1.53378 -0.27689 0.00880 120 120 120
2.95340 -1.27805 -0.01003 120 120 120
-2.08802 -2.10517 -0.01077 120 120 120
0.76935 0.09470 -0.00607 120 120 120
-2.03928 2.13506 -0.00221 120 120 120
0.77835 2.34219 -0.00131 120 120 120
-2.65551 -1.53161 0.00064 120 120 120
-2.01443 1.47365 0.00036 120 120 120
-2.51027 1.45126 -0.00069 120 120 120
2.62511 -1.37996 0.00636 120 120 120
2.38861 -1.64541 -0.00463 120 120 120
-0.10511 0.78065 0.00454 120 120 120
-1.89337 -1.85603 0.00993 120 120 120
2.04984 -2.29578 -0.00735 120 120 120
3.04542 -0.78307 -0.00975 120 120 120
-0.10766 -2.84442 0.00093 120 120 120
1.46904 1.05717 0.00323 120 120 120
-1.28060 -2.72533 0.00018 120 120 120
-0.51890 0.02808 -0.01063 120 120 120
-0.68989 2.76890 -0.00843 120 120 120
1.75885 -1.42634 -0.00254 120 120 120
-1.96429 -2.33160 0.00208 120 120 120
1.96690 -1.19627 -0.00177 120 120 120
1.92759 0.86608 0.00107 120 120 120
0.63378 -2.91881 0.00093 120 120 120
-1.59647 -0.96419 0.00466 120 120 120
-0.72060 2.15238 -0.00580 120 120 120
2.13311 -2.08834 0.00044 120 120 120
0.10793 -0.35371 0.00719 120 120 120
-1.74788 -0.80075 -0.00395 120 120 120
2.91960 -0.52175 -0.00313 120 120 120
0.90792 -2.90962 0.00043 120 120 120
-1.27309 0.26487 -0.00529 120 120 120
2.04068 0.72913 -0.00582 120 120 120
-1.47778 -1.20322 -0.00174 120 120 120
-2.93382 1.30403 -0.00122 120 120 120
-2.14467 -1.16648 0.00376 120 120 120
1.96415 0.60035 -0.00448 120 120 120
1.35452 -2.71625 0.00015 120 120 120
0.92896 -2.57257 0.00617 120 120 120
0.08437 -2.74240 0.00587 120 120 120
0.47745 -2.49696 -0.00055 120 120 120
0.87491 1.90762 0.00094 120 120 120
-1.01757 -0.07613 -0.00453 120 120 120
0.12505 -2.58488 0.00144 120 120 120
-1.49644 -1.46305 0.00765 120 120 120
-2.17307 -0.24037 0.00650 120 120 120
-1.91559 2.46778 -0.00011 120 120 120
-1.44393 -2.35185 0.00173 120 120 120
2.78651 0.70147 -0.00368 120 120 120
2.78935 0.49912 -0.00465 120 120 120
-1.96737 0.83547 -0.00182 120 120 120
-2.31837 -0.72728 0.00135 120 120 120
-1.07816 2.13988 0.00361 120 120 120
-0.65904 -1.45232 -0.00040 120 120 120
2.33360 -1.11232 0.00220 120 120 120
1.38072 1.43204 -0.01276 120 120 120
-0.74704 0.12134 0.00085 120 120 120
2.99563 -1.12843 -0.00310 120 120 120
2.01334 -0.58465 -0.00625 120 120 120
-1.91914 0.11242 0.00227 120 120 120
0.33044 -2.55289 0.00724 120 120 120
0.77807 2.04585 -0.00007 120 120 120
1.08505 -3.02422 0.00440 120 120 120
0.71870 -0.11128 -0.00209 120 120 120
-1.44467 2.55705 0.01026 120 120 120
0.04486 0.47049 -0.00788 120 120 120
1.02626 0.93727 -0.00050 120 120 120
-1.28201 0.44088 0.00376 120 120 120
-0.87617 1.68237 -0.00015 120 120 120
-3.04114 0.02153 0.00688 120 120 120
-1.59474 -0.18050 -0.01037 120 120 120
1.52030 -1.76883 -0.00056 120 120 120
1.66355 -1.51209 -0.00125 120 120 120
-1.46141 0.60096 -0.00055 120 120 120
0.12336 -2.20872 -0.00791 120 120 120
-2.78698 -1.07080 -0.00146 120 120 120
-0.40463 -2.68569 -0.00169 120 120 120
-0.62242 -1.93524 0.00122 120 120 120
0.79231 -1.48895 0.00549 120 120 120
1.20863 1.99623 0.00056 120 120 120
0.43806 -1.47716 0.00209 120 120 120
0.20166 1.26642 0.00629 120 120 120
-0.25822 -0.62590 0.00595 120 120 120
0.32405 -0.08384 -0.01192 120 120 120
-2.76201 -1.62678 0.00399 120 120 120
1.46991 -1.28673 0.00396 120 120 120
0.23367 -0.58192 -0.00131 120 120 120
-0.74796 -2.36224 -0.00229 120 120 120
1.98712 1.00794 -0.00565 120 120 120
2.43505 0.37197 -0.00971 120 120 120
1.99085 -1.32574 0.00425 120 120 120
-0.33430 -0.97198 0.00383 120 120 120
-2.68783 -0.82569 -0.00050 120 120 120
1.99331 0.03476 0.00355 120 120 120
2.30483 2.28240 0.00512 120 120 120
-0.92252 -2.32178 -0.00898 120 120 120
0.21904 2.26516 0.00125 120 120 120
-1.21207 1.53237 -0.00121 120 120 120
1.13986 -2.09550 0.00216 120 120 120
-1.00895 1.99508 0.00093 120 120 120
-2.34205 -0.26039 0.00385 120 120 120
2.89166 1.37378 -0.00791 120 120 120
-2.06870 0.05406 0.00657 120 120 120
-0.35946 -1.68466 -0.00262 120 120 120
0.27940 2.10104 -0.00067 120 120 120
-0.65099 -0.35612 -0.00880 120 120 120
-1.86985 -1.15022 -0.00052 120 120 120
1.24952 -2.85729 -0.00009 120 120 120
-0.93704 1.11603 -0.00040 120 120 120
0.76518 -0.59739 -0.00368 120 120 120
-0.40380 0.07633 -0.00610 120 120 120
2.55405 0.53019 0.00321 120 120 120
2.51576 1.32373 -0.00869 120 120 120
2.25702 -1.41308 0.00402 120 120 120
2.29918 1.21736 0.00847 120 120 120
0.79779 -2.82689 0.01108 120 120 120
2.99155 -0.25503 -0.00542 120 120 120
0.97617 -1.61186 0.00295 120 120 120
-2.05193 1.38263 -0.00281 120 120 120
0.28556 2.62090 0.00612 120 120 120
1.00802 1.60946 0.00197 120 120 120
-1.74475 1.91747 -0.00146 120 120 120
-2.63434 0.15951 -0.00455 120 120 120
-0.04057 0.00643 -0.00185 120 120 120
-0.69497 -0.64349 -0.00337 120 120 120
0.72243 -2.69070 -0.00012 120 120 120
0.44907 0.77166 0.00014 120 120 120
-1.13287 2.01973 -0.00277 120 120 120
-0.03069 -0.68485 -0.00322 120 120 120
2.29767 -1.86261 0.00314 120 120 120
1.28455 -2.05115 0.00350 120 120 120
1.43927 -0.28413 -0.00406 120 120 120
0.89478 -2.88288 -0.00027 120 120 120
1.10833 -0.19585 -0.00432 120 120 120
2.84657 -1.21763 0.01304 120 120 120
-1.80044 -2.65065 -0.00470 120 120 120
-0.72343 -2.53479 0.00127 120 120 120
-1.07002 2.77665 0.00223 120 120 120
2.37124 -1.75445 -0.00333 120 120 120
-0.68470 -2.07904 -0.00430 120 120 120
0.90314 -0.68861 -0.00140 120 120 120
0.22440 0.91004 -0.00433 120 120 120
-0.71106 0.76862 0.00094 120 120 120
2.00695 1.17949 -0.00425 120 120 120
0.55756 -0.25238 0.00073 120 120 120
0.83902 -2.08977 -0.01032 120 120 120
0.13798 -1.73509 -0.00403 120 120 120
-2.80351 1.16165 -0.00210 120 120 120
0.97562 0.06616 0.00500 120 120 120
2.63178 -0.50701 -0.00924 120 120 120
-0.69136 0.61620 0.00508 120 120 120
0.03283 2.36085 0.00330 120 120 120
1.14236 -1.49148 -0.00893 120 120 120
0.66060 2.31649 0.00269 120 120 120
0.41722 0.77465 -0.00465 120 120 120
-2.26136 0.41107 0.00286 120 120 120
-2.23987 0.59708 0.00315 120 120 120
2.24038 -1.97264 0.00397 120 120 120
0.76949 -0.01848 -0.00286 120 120 120
-0.06638 1.13908 0.00341 120 120 120
0.98252 3.06398 0.00770 120 120 120
-2.22320 0.45176 -0.00146 120 120 120
-2.55783 0.98040 -0.00082 120 120 120
0.77583 -1.57446 0.00355 120 120 120
2.11690 1.47454 -0.01423 120 120 120
1.12763 1.78866 -0.00491 120 120 120
0.83909 2.84279 0.00504 120 120 120
1.85975 1.06161 0.00077 120 120 120
2.45522 1.05800 -0.00108 120 120 120
-1.86502 -0.17672 -0.00471 120 120 120
1.13288 -0.93731 0.00013 120 120 120
0.66730 -1.36190 -0.00265 120 120 120
0.85932 2.28879 -0.00873 120 120 120
1.40762 1.78989 0.00651 120 120 120
-2.07630 -1.76293 -0.00347 120 120 120
-1.43131 2.62886 -0.00136 120 120 120
-0.62342 -0.02171 -0.00892 120 120 120
-0.60162 -2.84234 -0.00268 120 120 120
2.42412 -1.79111 0.00503 120 120 120
1.05995 2.52699 0.00465 120 120 120
2.42506 1.13915 0.00013 120 120 120
0.44192 3.11760 -0.00312 120 120 120
-2.89152 -1.01819 0.00013 120 120 120
1.66358 1.05436 0.00253 120 120 120
-1.22216 2.30278 -0.00748 120 120 120
-0.81002 2.23547 0.00125 120 120 120
0.81895 0.67623 0.00383 120 120 120
1.54648 -0.19640 -0.00030 120 120 120
1.40861 -1.82994 -0.00010 120 120 120
-1.82416 -1.20349 -0.00363 120 120 120
1.83906 -1.63604 0.00149 120 120 120
-0.63982 2.83031 0.00804 120 120 120
1.63292 -2.41274 0.00703 120 120 120
-0.73458 -1.52726 -0.00288 120 120 120
0.17622 1.66509 -0.00187 120 120 120
-1.17010 -2.26549 0.00683 120 120 120
-1.99518 -0.14450 0.00297 120 120 120
-3.18383 0.05391 0.00287 120 120 120
2.34013 -1.10668 -0.00904 120 120 120
-1.26610 1.05918 0.00457 120 120 120
0.91902 -0.51980 -0.00140 120 120 120
1.30825 -2.43592 0.00117 120 120 120
-1.62692 0.86040 -0.00353 120 120 120
0.22667 -1.40342 0.00825 120 120 120
1.22641 1.07824 -0.00487 120 120 120
-2.70851 -0.01922 0.00976 120 120 120
2.43556 1.00954 0.00014 120 120 120
0.34094 0.97397 -0.00084 120 120 120
-1.65658 2.06833 -0.00442 120 120 120
2.13759 1.39400 -0.00261 120 120 120
2.25737 -1.83222 -0.00102 120 120 120
0.68070 -0.67543 0.00067 120 120 120
1.69534 0.04586 0.00270 120 120 120
2.35917 1.70933 -0.00104 120 120 120
2.00291 -0.79524 0.00269 120 120 120
3.09793 0.05789 0.00591 120 120 120
2.60316 -0.73039 0.00529 120 120 120
-0.67898 -0.33430 0.00313 120 120 120
-2.05684 -0.73211 0.00250 120 120 120
1.72817 0.38726 -0.00530 120 120 120
-1.84485 2.15261 0.00104 120 120 120
0.65146 -1.07653 -0.00542 120 120 120
-1.36039 2.73349 0.00508 120 120 120
2.30025 -1.55446 0.00144 120 120 120
-2.47662 -0.23365 0.00565 120 120 120
1.28339 -2.06900 0.00588 120 120 120
0.65103 -3.10331 0.00221 120 120 120
-2.94140 0.68617 -0.00338 120 120 120
1.58587 -2.68760 -0.01121 120 120 120
1.91950 -2.23614 0.00271 120 120 120
1.86904 -0.45931 -0.00084 120 120 120
1.19049 0.61303 0.00400 120 120 120
0.63992 -1.65507 0.00349 120 120 120
-1.60320 -2.75447 0.00299 120 120 120
-0.97896 -3.03640 0.00124 120 120 120
1.31497 -0.65024 -0.00829 120 120 120
1.49984 0.37523 0.00632 120 120 120
0.08710 -2.63474 -0.00628 120 120 120
-1.71271 1.70673 -0.00324 120 120 120
-1.94501 -1.47596 -0.00165 120 120 120
0.27723 3.08282 0.00009 120 120 120
-0.61918 2.34530 -0.00160 120 120 120
-1.84187 -1.65445 -0.00278 120 120 120
-1.79097 1.94363 0.00401 120 120 120
-0.68787 2.21795 -0.00666 120 120 120
2.41590 0.55366 -0.00207 120 120 120
1.60844 2.30231 -0.01048 120 120 120
-2.41254 -1.96145 -0.00515 120 120 120
-2.60517 1.74881 -0.00782 120 120 120
2.61076 0.48843 0.00367 120 120 120
-0.99581 1.35888 0.00093 120 120 120
-2.00557 2.26632 -0.00404 120 120 120
0.34547 2.68531 -0.01599 120 120 120
0.98720 1.70557 -0.00763 120 120 120
2.56971 0.15398 -0.00550 120 120 120
-1.45397 -1.53310 -0.00180 120 120 120
0.32950 -2.94869 0.00379 120 120 120
0.20941 1.87402 -0.00719 120 120 120
-0.98064 1.91895 -0.00675 120 120 120
2.33828 -1.70527 -0.00838 120 120 120
1.42265 -0.30509 0.00001 120 120 120
-2.22989 -0.99238 -0.01085 120 120 120
-1.75540 1.28826 -0.00883 120 120 120
1.96272 -0.16731 0.00236 120 120 120
1.00647 0.38584 0.00762 120 120 120
-0.09889 0.33654 0.00032 120 120 120
-2.51373 -0.40396 -0.00157 120 120 120
0.05123 2.43184 0.01089 120 120 120
2.78564 -1.45887 -0.00261 120 120 120
-1.76030 -0.28840 -0.00259 120 120 120
0.50493 -0.41679 -0.00268 120 120 120
-1.07237 1.93490 0.00750 120 120 120
0.33727 0.57401 0.00269 120 120 120
1.42845 -0.83269 0.00264 120 120 120
-2.63237 0.35918 0.00163 120 120 120
0.58751 -2.11728 -0.00228 120 120 120
-0.74279 1.70407 -0.00162 120 120 120
2.24615 1.84337 -0.00482 120 120 120
-1.25955 -1.40278 -0.00198 120 120 120
-0.10823 1.29582 0.00141 120 120 120
1.48779 -0.85848 -0.00098 120 120 120
-0.86471 3.05151 0.00405 120 120 120
-0.36838 1.58308 0.00131 120 120 120
0.04831 -1.95598 0.00095 120 120 120
-0.97546 0.94693 -0.00434 120 120 120
1.62964 2.04584 -0.00613 120 120 120
0.11621 1.70617 -0.00563 120 120 120
-0.77117 -1.27234 0.00544 120 120 120
1.77555 1.74578 -0.00864 120 120 120
-0.93934 -2.68202 0.00095 120 120 120
2.36703 -0.80359 0.00095 120 120 120
1.49996 1.73647 -0.00342 120 120 120
-0.56609 3.15614 -0.00018 120 120 120
-0.93543 1.46128 0.00086 120 120 120
-1.90944 -1.16109 -0.00578 120 120 120
-0.85182 -1.13734 -0.00395 120 120 120
2.24696 -0.51370 -0.00067 120 120 120
2.25267 -0.23329 -0.00052 120 120 120
-1.21609 2.58294 -0.00711 120 120 120
0.58868 2.11680 0.00002 120 120 120
0.00464 1.22914 0.00021 120 120 120
-2.43596 -2.02409 0.00458 120 120 120
-0.19450 1.67055 -0.00053 120 120 120
0.64333 -1.47397 -0.00243 120 120 120
-3.00223 0.71509 0.00342 120 120 120
2.63912 0.18207 0.00515 120 120 120
0.69743 -2.97840 -0.00734 120 120 120
-1.54118 0.81508 -0.00305 120 120 120
0.74350 -0.03338 -0.01100 120 120 120
0.16571 -2.13284 -0.00524 120 120 120
-1.49709 -0.58966 0.00698 120 120 120
2.00402 1.92232 -0.00581 120 120 120
-1.49392 -0.20087 0.00188 120 120 120
-0.68618 -0.59513 0.00160 120 120 120
1.36955 -1.76616 -0.00337 120 120 120
0.64875 -1.59942 -0.00273 120 120 120
1.50945 -0.64095 0.00651 120 120 120
-0.45892 -1.76406 0.00426 120 120 120
-1.78375 0.22882 0.01073 120 120 120
-1.83508 1.14065 -0.01323 120 120 120
-2.44175 0.36272 0.00221 120 120 120
-0.76993 2.25733 -0.01238 120 120 120
1.59017 1.93865 -0.00066 120 120 120
-0.04560 1.16524 -0.00158 120 120 120
-0.27925 -0.74525 -0.00621 120 120 120
2.75757 1.49585 -0.00351 120 120 120
-1.18987 0.96922 -0.00198 120 120 120
1.32326 2.64947 0.00170 120 120 120
-0.31404 -0.77400 -0.00622 120 120 120
-1.35664 2.30187 -0.00418 120 120 120
-2.49542 -0.37918 0.00211 120 120 120
1.13640 -1.89612 0.00311 120 120 120
-1.95586 -0.34980 0.01266 120 120 120
-0.90741 2.88212 0.00035 120 120 120
-2.23583 -1.55805 0.00267 120 120 120
2.58096 -0.41300 -0.00162 120 120 120
-2.84205 -1.31154 0.00652 120 120 120
-0.47212 0.69752 -0.00516 120 120 120
0.35581 -2.79029 -0.00083 120 120 120
-2.33770 -2.18145 0.00076 120 120 120
3.13543 -0.65456 0.00195 120 120 120
0.74301 1.13147 0.00418 120 120 120
2.91636 -0.22088 -0.00151 120 120 120
-0.25117 -0.74744 0.00397 120 120 120
-2.04137 -1.77278 -0.00757 120 120 120
0.17681 -2.59660 0.00076 120 120 120
1.27842 1.78304 -0.00994 120 120 120
-0.07486 1.90608 -0.00163 120 120 120
1.16615 1.07979 0.01200 120 120 120
-1.91890 0.09188 0.00083 120 120 120
-1.02122 -0.08318 -0.00288 120 120 120
1.46039 -1.02969 0.00207 120 120 120
-2.16603 0.81944 -0.00074 120 120 120
-0.44949 -2.28792 -0.00612 120 120 120
-2.03251 1.40100 -0.00972 120 120 120
0.82103 -2.64696 -0.00056 120 120 120
0.82544 0.74187 -0.00147 120 120 120
2.38142 1.81874 -0.00177 120 120 120
-0.86255 1.76647 0.00372 120 120 120
1.42075 -0.03926 0.00646 120 120 120
-1.34512 -0.29220 0.00322 120 120 120
-1.69320 -2.37605 -0.00208 120 120 120
1.83339 1.29907 0.00027 120 120 120
-1.26934 1.05333 0.00516 120 120 120
2.84657 -1.31719 0.00406 120 120 120
-2.25285 -1.05642 0.00255 120 120 120
2.42291 0.91056 -0.00276 120 120 120
0.95211 -1.30846 0.00519 120 120 120
1.61256 1.27378 0.00673 120 120 120
-1.32347 -1.22107 0.00410 120 120 120
0.93304 1.31420 0.01472 120 120 120
2.14137 -2.21544 0.00374 120 120 120
1.14878 -0.19508 0.00574 120 120 120
-0.05427 0.96979 0.00320 120 120 120
1.15480 -1.63770 -0.00065 120 120 120
2.19054 -1.46585 -0.00588 120 120 120
0.10666 -1.82307 -0.00385 120 120 120
0.24084 -1.44194 -0.00379 120 120 120
-0.22817 -0.72376 -0.00604 120 120 120
2.68474 1.25989 -0.00143 120 120 120
-1.71860 2.19647 0.00002 120 120 120
-0.91715 2.44326 0.00596 120 120 120
0.71397 2.68956 -0.00603 120 120 120
-2.88754 0.74189 0.00446 120 120 120
-0.11163 1.67221 0.00134 120 120 120
-2.85193 -0.46788 0.00188 120 120 120
-1.03561 0.12666 -0.00048 120 120 120
3.13581 0.15737 0.01046 120 120 120
1.65850 1.79305 -0.00393 120 120 120
-2.42651 -1.47565 -0.00279 120 120 120
2.24884 -0.29540 0.00059 120 120 120
-1.82613 -0.94524 0.00198 120 120 120
2.47103 -1.16236 0.00112 120 120 120
1.86320 -0.09322 -0.00025 120 120 120
-1.00782 -2.30671 0.00263 120 120 120
-0.10042 -0.06336 0.00301 120 120 120
-2.61020 -1.42797 -0.00019 120 120 120
0.39866 1.26651 0.00918 120 120 120
1.27848 2.20154 0.00221 120 120 120
-0.90159 2.86716 -0.00138 120 120 120
-1.30158 2.34373 0.00622 120 120 120
-0.38688 2.20319 -0.01015 120 120 120
0.81833 2.15850 -0.00563 120 120 120
0.05217 -2.15320 -0.00102 120 120 120
-0.42191 0.43295 -0.00589 120 120 120
-2.48976 -1.40618 0.00402 120 120 120
-2.54534 1.90321 0.00385 120 120 120
-2.56115 1.02513 0.00816 120 120 120
-2.75318 1.38302 -0.00289 120 120 120
-2.69792 -1.38788 0.00284 120 120 120
0.22321 1.92434 0.00640 120 120 120
1.94719 -0.20583 0.00081 120 120 120
-1.77358 -1.30677 0.00493 120 120 120
-0.33382 -0.92494 -0.00050 120 120 120
-0.38915 0.56624 0.00657 120 120 120
0.10236 -0.12319 -0.00381 120 120 120
-1.58577 1.75226 -0.00776 120 120 120
1.19651 -2.06345 -0.00189 120 120 120
0.13118 0.89663 -0.00044 120 120 120
0.70609 -1.17275 0.00219 120 120 120
2.66692 -0.84836 0.00226 120 120 120
0.69095 2.26721 -0.00355 120 120 120
2.80500 0.59734 -0.00499 120 120 120
0.64958 -1.30240 0.00813 120 120 120
-2.12599 -1.23270 -0.00069 120 120 120
0.05384 1.58995 -0.00238 120 120 120
-3.10579 -0.70482 0.00159 120 120 120
3.10877 -0.31366 -0.00485 120 120 120
1.73312 -0.66282 -0.00357 120 120 120
-0.45215 1.19671 0.00396 120 120 120
-0.46797 -1.15718 -0.00507 120 120 120
-1.36191 -0.09073 -0.00665 120 120 120
-0.58745 2.51510 -0.00178 120 120 120
0.85672 1.07678 0.00130 120 120 120
0.97294 0.99821 0.00687 120 120 120
2.03864 0.31243 0.00170 120 120 120
-1.86547 -2.21462 0.00258 120 120 120
-0.15532 1.17751 -0.00511 120 120 120
-1.10616 -0.65835 0.00093 120 120 120
0.03456 -0.89211 -0.00560 120 120 120
0.82001 0.02491 0.00458 120 120 120
-1.23423 0.45911 0.00057 120 120 120
-0.39502 2.87212 -0.00026 120 120 120
-2.43752 -2.11305 0.00253 120 120 120
0.91338 1.15350 -0.00245 120 120 120
-1.25298 -0.59405 -0.00243 120 120 120
-1.13296 -0.68054 -0.00475 120 120 120
-0.43522 -0.52264 0.00891 120 120 120
2.39850 1.76856 -0.00114 120 120 120
2.30138 -0.30216 -0.00158 120 120 120
-1.72074 0.72577 0.00347 120 120 120
-1.43771 0.38021 0.00006 120 120 120
-0.27086 -1.33072 -0.01161 120 120 120
0.95855 -0.49346 0.01011 120 120 120
-1.06468 -2.42967 -0.00240 120 120 120
-1.31912 -2.28606 -0.00420 120 120 120
-0.39526 -1.09091 -0.00081 120 120 120
-0.64613 -1.34741 -0.00258 120 120 120
-2.84577 -0.73808 -0.00248 120 120 120
-2.36523 -0.22703 0.00058 120 120 120
-1.35509 0.20335 -0.00930 120 120 120
0.20775 -2.61533 0.00367 120 120 120
-2.91993 0.60627 0.00477 120 120 120
1.21011 1.41693 -0.00845 120 120 120
-2.82929 0.20125 0.00228 120 120 120
-1.94661 -2.25605 -0.00428 120 120 120
-1.75878 -0.76045 -0.00219 120 120 120
-2.30849 -2.10544 0.00176 120 120 120
-1.52015 1.39407 0.00433 120 120 120
0.48305 0.94559 0.00166 120 120 120
-0.51655 -2.78062 -0.00695 120 120 120
1.31752 0.31716 0.00032 120 120 120
-0.04366 1.47522 0.00245 120 120 120
2.39710 -1.08536 -0.00386 120 120 120
-1.56476 1.70447 -0.00423 120 120 120
-0.46144 0.79116 -0.00036 120 120 120
2.05930 2.05263 0.00287 120 120 120
-0.00223 0.46331 -0.00283 120 120 120
-0.75776 1.20137 0.00120 120 120 120
-0.47579 2.52685 -0.00630 120 120 120
0.01744 2.85071 0.00135 120 120 120
1.98564 -0.93266 -0.00911 120 120 120
-2.02934 -0.81121 0.00155 120 120 120
2.99996 0.96308 0.00441 120 120 120
1.62299 -0.74995 -0.00083 120 120 120
0.87283 -2.24267 0.00279 120 120 120
2.10755 1.53890 0.00123 120 120 120
0.28956 3.11670 -0.00689 120 120 120
1.00684 2.65730 -0.00591 120 120 120
-0.40875 -1.04086 -0.00181 120 120 120
-2.28539 -1.69151 -0.00074 120 120 120
0.25918 -2.54953 -0.00391 120 120 120
-2.85693 -0.13603 -0.00610 120 120 120
-0.32789 0.96286 -0.01428 120 120 120
0.14514 3.11497 0.00837 120 120 120
-1.49320 -2.48048 0.00852 120 120 120
-2.10040 2.13117 -0.00422 120 120 120
-2.47535 1.78249 -0.00720 120 120 120
0.24804 0.97529 0.00727 120 120 120
0.66125 -2.82713 -0.01060 120 120 120
-2.10698 -1.71921 0.00514 120 120 120
0.48109 2.63752 0.00318 120 120 120
-1.74209 1.00237 -0.00175 120 120 120
-0.46025 -1.60440 0.00697 120 120 120
-0.91711 -2.36445 -0.00330 120 120 120
-1.65317 0.53459 0.00420 120 120 120
-1.75167 -2.57278 -0.00125 120 120 120
-1.82454 -1.75972 -0.00608 120 120 120
1.67282 0.99612 0.01021 120 120 120
-0.41029 -0.23670 -0.00354 120 120 120
1.23935 0.39546 -0.00215 120 120 120
0.53094 -1.67032 0.00407 120 120 120
0.60890 -1.15802 0.00620 120 120 120
2.27145 0.77544 -0.00659 120 120 120
-1.34471 2.41032 0.00720 120 120 120
0.61744 -2.99267 -0.00003 120 120 120
-1.35283 -2.23184 -0.00044 120 120 120
-1.86332 1.62366 -0.00084 120 120 120
-0.11393 1.58715 -0.00008 120 120 120
-0.84958 2.91672 -0.00780 120 120 120
1.31515 1.26790 0.00203 120 120 120
2.72488 -0.03743 0.00102 120 120 120
-1.24455 -2.51934 -0.00184 120 120 120
-0.65479 -0.20976 0.00103 120 120 120
2.61009 -0.24739 -0.00103 120 120 120
-2.15942 2.27434 -0.00037 120 120 120
1.86076 -1.96578 0.00209 120 120 120
1.73965 -1.41739 -0.00113 120 120 120
1.49309 1.42213 -0.00389 120 120 120
1.25620 -0.07189 0.00379 120 120 120
-0.00548 -1.54117 -0.00538 120 120 120
-1.71485 2.53962 0.00526 120 120 120
-1.66605 1.16034 -0.00172 120 120 120
1.18176 0.56435 0.00438 120 120 120
0.43684 -2.00442 0.00719 120 120 120
-0.72649 2.02474 -0.00030 120 120 120
-1.03411 1.58593 0.00436 120 120 120
-0.42046 -0.04450 0.00315 120 120 120
-1.96834 -0.07077 0.00091 120 120 120
0.82944 2.96385 0.00301 120 120 120
1.69935 0.12206 -0.00140 120 120 120
-0.44245 -1.90562 0.00821 120 120 120
-2.53974 1.05289 0.00042 120 120 120
-0.25187 -1.25790 -0.00365 120 120 120
-2.27045 1.93144 -0.00217 120 120 120
-1.66469 1.72882 0.00444 120 120 120
1.97620 -1.31539 -0.00460 120 120 120
-0.13572 1.15339 0.00946 120 120 120
-0.62593 0.56718 0.00653 120 120 120
-1.81604 2.37918 -0.00616 120 120 120
0.51767 1.43821 0.00387 120 120 120
0.62958 2.05118 -0.00484 120 120 120
2.18432 -0.76812 -0.00417 120 120 120
0.41330 0.28433 -0.00234 120 120 120
-0.66403 -2.64438 -0.00371 120 120 120
1.80725 1.57016 0.00363 120 120 120
1.69506 2.59382 0.00127 120 120 120
-0.12772 -1.16879 0.00211 120 120 120
-0.91495 -0.96946 0.00002 120 120 120
-1.00113 1.31473 -0.00264 120 120 120
0.05695 1.79375 -0.00260 120 120 120
-2.74608 1.55451 0.00553 120 120 120
1.70719 -1.75566 -0.00174 120 120 120
-0.25804 -1.67019 0.00698 120 120 120
1.20529 -0.90400 -0.00318 120 120 120
-0.55111 2.28274 0.00023 120 120 120
-1.42337 0.31411 0.00155 120 120 120
-0.45730 -0.79973 0.00591 120 120 120
1.76693 -1.86236 0.00485 120 120 120
-2.05637 -1.68245 0.00154 120 120 120
0.84379 0.26723 0.00037 120 120 120
-2.17938 0.76792 -0.00454 120 120 120
1.57169 -1.88922 -0.00096 120 120 120
0.62141 -2.51479 0.01131 120 120 120
0.28301 -0.07983 -0.00479 120 120 120
-0.04548 -2.89566 -0.00281 120 120 120
1.24926 2.00547 -0.00691 120 120 120
0.62607 1.99136 -0.00374 120 120 120
-1.21764 1.77717 -0.00592 120 120 120
1.63974 1.44795 -0.00613 120 120 120
-1.04512 -2.81015 0.00161 120 120 120
-1.69671 2.09414 0.00365 120 120 120
0.57571 1.64000 0.00176 120 120 120
0.03227 0.36246 -0.00511 120 120 120
1.85829 -0.72471 -0.00842 120 120 120
0.17350 -1.40462 -0.01022 120 120 120
-1.09650 2.28209 -0.00609 120 120 120
0.52589 -2.54798 -0.00513 120 120 120
1.61902 -0.88688 -0.00229 120 120 120
0.36677 -2.99685 0.00131 120 120 120
-2.48292 2.05167 -0.00193 120 120 120
0.97965 2.00097 0.00792 120 120 120
0.52921 -2.17034 0.01153 120 120 120
0.85533 0.31050 -0.00053 120 120 120
-0.71037 2.96199 -0.00957 120 120 120
1.08638 0.57730 -0.00268 120 120 120
0.05657 2.57587 -0.00133 120 120 120
-1.03290 2.39769 0.00343 120 120 120
-1.25687 1.43833 -0.00668 120 120 120
0.64009 0.79922 -0.00812 120 120 120
-1.98860 -1.71981 0.00131 120 120 120
1.84792 -0.44386 -0.00273 120 120 120
0.95166 0.84228 -0.00281 120 120 120
-0.75392 -3.01416 -0.00440 120 120 120
0.95762 2.05487 -0.00202 120 120 120
-1.69454 -2.12765 0.00100 120 120 120
0.91546 1.52871 -0.01202 120 120 120
0.95312 -0.81015 0.00008 120 120 120
0.59678 0.08941 0.00344 120 120 120
0.38427 1.86870 0.00224 120 120 120
-0.40956 -0.60194 0.01054 120 120 120
-1.48137 -2.87463 -0.00219 120 120 120
-1.51468 0.41245 -0.00046 120 120 120
0.03520 1.15261 0.00637 120 120 120
-2.12187 -2.04252 0.00027 120 120 120
2.90131 -0.15349 0.00753 120 120 120
-2.07392 -2.49530 0.00408 120 120 120
0.69995 1.44459 0.00072 120 120 120
0.61687 -0.35795 -0.00006 120 120 120
-0.61794 -2.69395 -0.00117 120 120 120
-2.36721 -1.71189 -0.00017 120 120 120
0.85064 1.72433 -0.00423 120 120 120
-0.91435 3.00821 0.00339 120 120 120
-2.82683 0.40155 0.00957 120 120 120
-1.71574 -1.17706 -0.00906 120 120 120
-1.64326 2.21413 0.00589 120 120 120
-0.06009 -0.08063 0.00121 120 120 120
0.96672 1.62844 0.00522 120 120 120
0.57275 -1.21139 -0.00294 120 120 120
0.85203 1.58065 -0.00091 120 120 120
1.42963 -0.40480 0.00633 120 120 120
-0.43630 -2.71332 -0.00025 120 120 120
0.37281 -2.93560 0.00412 120 120 120
-0.65229 1.21582 -0.00294 120 120 120
-0.79088 1.94478 -0.00099 120 120 120
0.98902 -2.31192 0.00255 120 120 120
0.62382 -1.06612 0.00202 120 120 120
-1.67712 -0.99885 0.00413 120 120 120
-1.07607 0.95225 -0.00170 120 120 120
-2.26925 -0.88744 -0.00000 120 120 120
-0.87975 -2.95871 0.00485 120 120 120
0.53052 -2.14647 0.00721 120 120 120
-2.53538 0.81230 -0.00420 120 120 120
0.75264 -2.65367 0.00594 120 120 120
-2.02224 -2.52474 -0.00384 120 120 120
1.43015 -2.14171 0.00104 120 120 120
0.44902 -1.32397 0.00141 120 120 120
-0.28219 0.17385 -0.00244 120 120 120
0.14424 -1.20283 -0.00089 120 120 120
-0.90717 -0.70280 -0.00885 120 120 120
-1.21754 -2.01043 0.00362 120 120 120
0.30262 2.13263 -0.00139 120 120 120
0.37713 -2.51981 -0.00021 120 120 120
0.67726 0.60174 -0.00286 120 120 120
1.00187 2.76787 0.00364 120 120 120
-0.63353 0.86556 0.00093 120 120 120
0.18976 -2.68018 -0.00575 120 120 120
-2.33201 1.37128 -0.00056 120 120 120
-1.80378 -1.65684 -0.00518 120 120 120
1.18052 -0.67320 0.00010 120 120 120
-0.59732 -2.47331 0.00341 120 120 120
1.53593 -2.72201 0.00096 120 120 120
1.95124 2.16734 0.00217 120 120 120
1.08713 0.43653 0.00529 120 120 120
0.09443 1.86764 -0.00409 120 120 120
2.30642 -1.73878 -0.00219 120 120 120
-0.18141 -1.43032 -0.00900 120 120 120
-2.01353 1.87002 -0.00190 120 120 120
2.63607 -1.65867 -0.00307 120 120 120
-0.97057 -1.43563 0.00327 120 120 120
0.30873 -0.94845 0.00231 120 120 120
1.87707 1.15655 0.00750 120 120 120
0.89341 -1.58485 -0.00251 120 120 120
-2.31382 0.14983 0.00198 120 120 120
1.54077 0.90767 0.00370 120 120 120
2.23830 0.55821 0.01146 120 120 120
-1.18026 -0.52345 0.00218 120 120 120
-1.15399 -0.70198 -0.00024 120 120 120
0.84509 1.83025 0.00063 120 120 120
-0.34037 0.91178 0.00233 120 120 120
-2.53956 1.98594 0.00687 120 120 120
1.84177 0.12495 -0.00213 120 120 120
1.42801 -0.26979 -0.00355 120 120 120
1.30739 -2.39149 0.01311 120 120 120
-0.00371 2.10885 -0.00563 120 120 120
1.77841 -2.63724 0.00428 120 120 120
-0.57823 -0.47434 0.00208 120 120 120
0.97209 2.02871 0.00161 120 120 120
0.38890 -1.52521 -0.00614 120 120 120
2.24174 1.54980 0.01355 120 120 120
-2.13116 1.10486 0.00088 120 120 120
0.04396 -1.58522 -0.00258 120 120 120
1.88281 -1.41463 -0.00665 120 120 120
-0.66342 2.78994 -0.01005 120 120 120
-2.55572 -1.94019 0.00352 120 120 120
0.84611 -1.29581 -0.00419 120 120 120
0.50306 -0.56621 -0.00134 120 120 120
2.44410 0.05168 -0.00301 120 120 120
1.49473 1.01145 0.00269 120 120 120
1.04689 2.60228 0.00195 120 120 120
2.83943 0.22738 0.00376 120 120 120
1.11125 -0.87392 0.00395 120 120 120
1.98698 0.88082 -0.00358 120 120 120
0.43097 -0.25401 -0.00673 120 120 120
-0.95305 2.59908 -0.00074 120 120 120
2.14543 1.08370 0.00259 120 120 120
-2.31534 2.23171 0.00054 120 120 120
-0.25884 -1.87199 -0.00935 120 120 120
1.74405 1.97410 0.00029 120 120 120
2.35787 -0.69994 -0.00500 120 120 120
1.07400 2.16965 0.00011 120 120 120
1.70165 -1.25932 0.00482 120 120 120
1.97673 0.17857 -0.01247 120 120 120
-0.13539 -1.55282 0.00754 120 120 120
-2.69196 0.23377 -0.00523 120 120 120
0.30081 -2.70970 0.00498 120 120 120
-1.46413 -2.21377 0.00421 120 120 120
1.08118 3.02657 -0.00151 120 120 120
1.76643 0.56646 0.00227 120 120 120
-1.07598 0.73767 -0.00351 120 120 120
-0.69413 -0.37807 -0.00863 120 120 120
0.69596 -0.95930 0.00569 120 120 120
0.14474 1.66679 -0.00342 120 120 120
-0.25185 0.75446 0.00900 120 120 120
-1.69112 2.66620 0.00442 120 120 120
-0.29900 -1.82898 -0.00422 120 120 120
2.20656 2.22755 0.00294 120 120 120
-1.97466 -0.27125 0.00264 120 120 120
-2.01300 -1.28532 0.00861 120 120 120
-2.48312 -0.33996 -0.00244 120 120 120
-1.97297 -0.56453 -0.00116 120 120 120
-1.77843 0.78346 0.00217 120 120 120
2.63638 -0.23060 0.00009 120 120 120
-2.93780 0.94149 -0.00695 120 120 120
1.45910 -2.40211 0.00507 120 120 120
-2.03328 -0.72227 0.00799 120 120 120
-2.20378 -1.85430 0.00077 120 120 120
0.99135 -2.38768 -0.00636 120 120 120
2.30854 -0.26645 -0.00057 120 120 120
1.92780 2.37274 -0.00455 120 120 120
-2.01463 -1.12778 -0.00130 120 120 120
0.88835 1.96219 0.00093 120 120 120
2.53561 0.78553 0.00328 120 120 120
1.71777 -1.27613 0.00703 120 120 120
1.73929 -0.06964 0.00314 120 120 120
-0.85547 -2.16986 -0.00529 120 120 120
-2.61088 1.75798 0.00341 120 120 120
0.08979 -2.30043 -0.00143 120 120 120
3.22311 -0.25829 -0.00086 120 120 120
2.52861 -1.50621 -0.00007 120 120 120
1.47283 -1.71945 0.00068 120 120 120
-1.88047 -0.16947 0.00506 120 120 120
0.56347 2.54980 0.00248 120 120 120
2.11996 2.36431 -0.00593 120 120 120
1.88456 0.90635 -0.00751 120 120 120
-0.81322 1.26280 0.00325 120 120 120
1.13885 0.29316 0.00269 120 120 120
-1.05061 -2.08711 0.00631 120 120 120
0.98581 -1.92856 -0.00049 120 120 120
0.67759 -2.22982 0.00140 120 120 120
1.95098 1.15253 0.00239 120 120 120
0.76019 2.34246 -0.00777 120 120 120
1.78526 -0.35863 -0.00806 120 120 120
2.24092 -0.03719 0.00368 120 120 120
2.09179 -0.37259 0.00185 120 120 120
2.09015 -1.09356 0.00673 120 120 120
1.33209 1.72500 0.00922 120 120 120
0.64567 -2.53966 -0.00150 120 120 120
0.64013 2.66355 -0.00176 120 120 120
-0.09497 2.05434 -0.00678 120 120 120
-2.77580 0.15681 0.00259 120 120 120
1.01432 -2.93393 -0.01029 120 120 120
-2.66931 0.99600 -0.00485 120 120 120
0.44391 2.82650 0.00154 120 120 120
2.34510 -1.49758 -0.00329 120 120 120
-0.45574 1.98728 -0.00024 120 120 120
0.45719 -3.14275 -0.00104 120 120 120
0.13562 -1.41766 -0.00556 120 120 120
1.48171 0.94928 -0.01033 120 120 120
-1.39478 0.49681 0.00350 120 120 120
1.53004 1.66582 -0.00089 120 120 120
-0.46367 -2.77182 0.00170 120 120 120
-0.07823 -1.65019 -0.00029 120 120 120
-1.01340 3.01991 -0.00038 120 120 120
-1.10071 -2.40177 0.00082 120 120 120
-2.71359 1.58858 -0.00096 120 120 120
-2.34716 -0.94391 -0.00169 120 120 120
-0.98181 -2.28881 -0.00503 120 120 120
1.69680 -2.70387 0.01241 120 120 120
-3.15750 0.13604 0.00503 120 120 120
-0.80279 -2.58524 0.00746 120 120 120
-0.18939 1.08381 0.00635 120 120 120
-1.09294 0.23067 -0.00140 120 120 120
0.50929 0.31131 -0.00091 120 120 120
-1.24028 0.13791 0.00001 120 120 120
-1.66786 1.73178 -0.00182 120 120 120
1.90827 -1.03159 0.00439 120 120 120
-0.20834 2.69922 -0.00407 120 120 120
3.06807 -0.10148 -0.00533 120 120 120
0.48968 1.93322 -0.00648 120 120 120
-2.46490 -1.76247 -0.00162 120 120 120
-1.43624 2.72087 -0.00236 120 120 120
2.16760 -1.56942 -0.00309 120 120 120
-2.95273 0.32532 0.00042 120 120 120
-0.26231 3.11619 -0.00583 120 120 120
1.06898 1.91894 0.00371 120 120 120
-0.04098 -2.30476 -0.00549 120 120 120
1.82558 -1.45597 -0.00586 120 120 120
0.23181 -2.19258 -0.00322 120 120 120
-3.14264 -0.37160 -0.00069 120 120 120
0.86343 -0.47000 0.00430 120 120 120
-1.95344 -0.14451 -0.00037 120 120 120
0.55379 3.04425 -0.00802 120 120 120
0.29882 2.84427 0.00244 120 120 120
-1.10165 -1.35349 0.00234 120 120 120
1.04137 -2.43399 -0.00290 120 120 120
-0.04525 -0.13528 0.00085 120 120 120
1.69861 1.65564 0.00717 120 120 120
-3.02655 0.73554 -0.00432 120 120 120
2.34882 1.00690 0.00480 120 120 120
2.71868 -1.48698 0.00633 120 120 120
0.71189 0.53961 0.00088 120 120 120
2.01910 -1.24920 -0.00614 120 120 120
-1.68534 2.09453 0.00653 120 120 120
-0.51066 -0.30084 0.00458 120 120 120
-0.84705 -2.90409 0.00274 120 120 120
0.82706 -1.42306 -0.00026 120 120 120
-0.68939 -2.94265 0.00579 120 120 120
-1.71827 -0.04453 -0.00425 120 120 120
-0.23564 3.21116 0.00429 120 120 120
0.93046 2.91683 -0.00161 120 120 120
-1.26794 -2.72712 -0.00838 120 120 120
-2.17799 1.58668 -0.00502 120 120 120
-0.35282 -2.02881 0.00202 120 120 120
0.41623 -2.15986 0.00111 120 120 120
-0.00753 2.49030 0.00222 120 120 120
1.66015 0.26027 -0.00184 120 120 120
-1.64547 0.00207 0.00106 120 120 120
-1.01934 2.02178 0.00313 120 120 120
1.88435 1.42669 0.01180 120 120 120
-2.63301 1.22066 -0.00196 120 120 120
-2.16101 1.78830 0.00512 120 120 120
0.39562 2.53907 0.00323 120 120 120
-1.24196 2.31689 0.00061 120 120 120
2.91040 0.85822 -0.00651 120 120 120
0.76203 -0.18170 0.00695 120 120 120
-0.49600 -2.40440 0.00124 120 120 120
0.32736 0.72928 -0.00295 120 120 120
-0.98863 -0.42972 -0.00442 120 120 120
-1.22696 -1.87581 0.00131 120 120 120
-1.99734 -0.38496 -0.00469 120 120 120
-2.19797 -1.70912 -0.00284 120 120 120
2.00293 -2.15295 -0.00296 120 120 120
2.23224 -1.83353 0.00023 120 120 120
2.43777 0.42480 0.00300 120 120 120
-0.25088 -0.02372 -0.00159 120 120 120
-0.47938 0.13027 -0.00106 120 120 120
1.36999 0.36326 0.00054 120 120 120
1.40490 -0.92733 -0.00374 120 120 120
2.20346 -0.11360 -0.00294 120 120 120
-0.50047 -1.94007 -0.00234 120 120 120
-0.17969 1.25073 0.00144 120 120 120
0.92388 0.40621 0.00804 120 120 120
-0.09722 0.46794 -0.00623 120 120 120
-0.67153 -0.52839 0.00120 120 120 120
-0.01819 0.07771 -0.00115 120 120 120
-0.02527 -0.58338 -0.00085 120 120 120
2.15879 -0.25342 -0.00244 120 120 120
0.61126 2.60038 0.00571 120 120 120
2.10092 -0.09054 -0.01213 120 120 120
-1.66544 0.00250 -0.00568 120 120 120
-2.21360 1.26540 0.00545 120 120 120
0.84131 2.44361 0.00582 120 120 120
2.46433 1.19885 0.00880 120 120 120
-0.05742 -1.73194 0.00153 120 120 120
-1.50458 -2.79969 0.00241 120 120 120
0.14030 -1.34067 -0.00932 120 120 120
0.66238 3.12059 0.00001 120 120 120
-0.03453 -2.58574 0.00280 120 120 120
-1.17177 -1.22596 -0.00244 120 120 120
-1.15896 0.87196 -0.00046 120 120 120
0.72761 1.38484 0.00616 120 120 120
-1.33238 -2.24702 0.00728 120 120 120
2.68392 -1.70745 0.00125 120 120 120
0.96100 -2.87094 -0.00025 120 120 120
3.20554 -0.30053 0.00364 120 120 120
1.07444 1.49914 -0.00185 120 120 120
-1.21015 -1.62218 0.00522 120 120 120
-1.73836 2.20641 -0.00262 120 120 120
-0.90642 1.34985 0.00375 120 120 120
-0.96404 1.62216 -0.00010 120 120 120
-0.91390 -1.48015 -0.00310 120 120 120
0.44402 -2.02777 0.00180 120 120 120
-2.70256 -0.92182 -0.00196 120 120 120
-0.09546 -0.29103 0.00497 120 120 120
-0.31459 0.41939 -0.00497 120 120 120
-0.19732 0.00096 0.00112 120 120 120
1.37658 2.20426 -0.00366 120 120 120
1.85935 0.64403 0.00601 120 120 120
-2.14132 0.62478 0.00357 120 120 120
2.19464 -0.32991 -0.00022 120 120 120
1.29603 -0.68260 -0.00008 120 120 120
2.30753 -1.73933 0.00842 120 120 120
-0.92513 1.05633 0.00380 120 120 120
-0.00244 -2.68843 -0.00378 120 120 120
2.57520 -1.08546 0.00467 120 120 120
1.52498 0.61077 -0.00281 120 120 120
-2.58102 0.91058 0.00077 120 120 120
-1.05057 1.09006 -0.01049 120 120 120
1.29646 -1.96822 0.00407 120 120 120
-2.42793 -1.29548 -0.00335 120 120 120
1.24029 -0.01410 -0.00104 120 120 120
2.50761 0.92966 -0.00697 120 120 120
-0.45668 1.09506 0.00090 120 120 120
-0.81902 -0.28461 0.00035 120 120 120
0.36596 1.88527 -0.00637 120 120 120
1.48850 -0.30033 0.00016 120 120 120
-0.43427 -1.17767 -0.00133 120 120 120
-1.29265 -1.02908 0.00612 120 120 120
1.85445 2.14711 -0.00354 120 120 120
0.77006 -2.91493 0.00239 120 120 120
3.09314 -0.57427 -0.00735 120 120 120
1.01556 -3.00258 0.00040 120 120 120
-2.36101 -1.03247 0.00179 120 120 120
-1.08609 -2.47903 0.00204 120 120 120
-1.75741 -0.36762 -0.00059 120 120 120
2.99155 0.71007 0.00866 120 120 120
1.32424 -1.38854 -0.00180 120 120 120
0.28294 2.77155 0.00241 120 120 120
-1.11870 2.65296 -0.00157 120 120 120
2.77098 -1.62807 -0.00419 120 120 120
-0.00782 -0.58155 -0.00594 120 120 120
-1.54777 -0.50687 -0.00457 120 120 120
-0.05909 2.23089 0.00302 120 120 120
1.29313 -2.59825 0.00664 120 120 120
-2.70389 -0.59369 0.00301 120 120 120
-0.85579 -0.25474 -0.00168 120 120 120
1.11048 2.79638 -0.00314 120 120 120
-1.93669 0.77824 0.00082 120 120 120
-1.86977 2.35319 -0.00521 120 120 120
-0.82685 2.94134 0.00442 120 120 120
-3.07086 0.51585 0.00185 120 120 120
1.55661 -2.42413 -0.00484 120 120 120
-1.14050 2.58009 0.00746 120 120 120
0.05928 2.32131 -0.00603 120 120 120
1.78982 -1.63473 0.00026 120 120 120
0.33384 -2.31180 0.00417 120 120 120
-2.13918 -0.93318 0.00367 120 120 120
-0.63466 -1.35001 -0.00312 120 120 120
1.60408 0.94409 -0.00206 120 120 120
-0.10159 -1.36471 -0.00478 120 120 120
2.13406 -1.73967 0.00109 120 120 120
-2.07719 0.35493 0.00410 120 120 120
0.87452 -1.34325 -0.00955 120 120 120
-2.63402 -1.22648 0.00278 120 120 120
2.99675 0.69102 -0.00246 120 120 120
0.22065 0.01796 -0.00046 120 120 120
2.13068 2.17616 -0.00532 120 120 120
0.51786 -0.11902 -0.00309 120 120 120
2.63811 -0.73329 0.00996 120 120 120
2.93984 0.78739 -0.00169 120 120 120
-1.07453 1.15573 -0.00005 120 120 120
2.98166 -1.03711 -0.00457 120 120 120
-2.60628 -0.90228 0.01291 120 120 120
0.84193 -3.11165 0.00233 120 120 120
0.41184 1.39217 -0.00011 120 120 120
0.92963 0.70061 0.00460 120 120 120
-1.27862 2.31380 0.00177 120 120 120
-0.82514 -2.18131 -0.00086 120 120 120
2.65369 -1.25063 -0.00064 120 120 120
0.40127 -2.09068 -0.00770 120 120 120
-0.12218 0.07820 -0.00183 120 120 120
-1.57795 1.62273 -0.00253 120 120 120
1.82021 -1.92883 0.00161 120 120 120
-1.80516 -0.19815 -0.00106 120 120 120
-2.21863 0.61754 0.00343 120 120 120
-0.55997 2.46169 0.00050 120 120 120
-1.01712 -2.55935 -0.00421 120 120 120
0.91099 1.28807 0.00744 120 120 120
-1.28430 1.09102 -0.00193 120 120 120
0.04129 -2.69303 0.00277 120 120 120
-0.87787 -1.72399 -0.00656 120 120 120
1.88462 2.09150 0.00385 120 120 120
-1.05449 1.30936 -0.00818 120 120 120
-2.22349 1.74060 0.00969 120 120 120
0.13253 1.28317 0.00342 120 120 120
0.67175 2.08003 -0.00109 120 120 120
-1.42000 -0.08036 0.00286 120 120 120
-1.18991 2.00819 -0.00634 120 120 120
-2.12783 -1.69347 -0.00101 120 120 120
-1.49306 -1.82804 0.00372 120 120 120
1.24910 -0.36065 0.00287 120 120 120
-2.62745 -1.68172 -0.00004 120 120 120
0.09698 -0.20241 0.00158 120 120 120
2.35161 -1.47863 0.00540 120 120 120
-2.46510 1.24727 0.00362 120 120 120
1.40573 2.73652 -0.00939 120 120 120
-0.55843 2.96386 -0.00004 120 120 120
-0.50483 -1.15427 0.00009 120 120 120
-1.37782 2.84518 -0.00625 120 120 120
0.85925 0.92546 -0.00528 120 120 120
1.56235 1.87467 0.00749 120 120 120
-0.64941 1.10942 -0.00363 120 120 120
1.22944 1.57891 -0.00212 120 120 120
2.51729 -1.42668 -0.00400 120 120 120
3.14167 0.13108 0.00207 120 120 120
0.20471 1.82960 0.00140 120 120 120
1.93545 -0.92691 0.00969 120 120 120
1.01592 -2.72816 -0.00268 120 120 120
2.23548 -1.14007 0.00262 120 120 120
2.20805 -2.14585 -0.00943 120 120 120
-1.63314 0.89729 -0.00709 120 120 120
1.17326 0.77752 0.00666 120 120 120
1.18245 -2.09590 0.00553 120 120 120
-1.55966 1.58026 0.00222 120 120 120
2.28715 2.01854 0.00563 120 120 120
0.14190 -0.95886 -0.00538 120 120 120
0.68424 0.10956 0.00826 120 120 120
0.27290 1.32785 -0.00517 120 120 120
-1.48147 -2.21392 0.00162 120 120 120
0.11508 1.85050 0.01386 120 120 120
0.92776 0.41045 -0.00441 120 120 120
-1.25925 -2.78881 0.00674 120 120 120
-0.93380 2.67952 0.00483 120 120 120
2.65003 -1.52274 -0.00267 120 120 120
1.00238 0.42067 0.01045 120 120 120
-1.06666 1.48029 -0.00456 120 120 120
2.06075 -1.53500 -0.00018 120 120 120
0.80107 0.43801 0.00321 120 120 120
2.30496 -2.27164 -0.00048 120 120 120
1.67656 -2.77050 0.01554 120 120 120
1.57820 1.72829 -0.00629 120 120 120
-3.02086 -1.17063 0.00809 120 120 120
2.30651 2.13921 -0.01131 120 120 120
2.27552 -1.12023 -0.01446 120 120 120
0.94174 -0.08312 0.00026 120 120 120
-0.66215 0.94727 0.00369 120 120 120
1.71895 -0.43202 0.00745 120 120 120
-0.44976 2.91512 0.00804 120 120 120
-1.90761 -1.43567 0.00100 120 120 120
0.16258 2.95794 0.00249 120 120 120
2.71816 0.36328 0.00121 120 120 120
-1.73352 2.36710 0.00763 120 120 120
-1.56177 0.60582 -0.00618 120 120 120
0.94808 2.54959 -0.00332 120 120 120
-0.89955 -0.09479 0.00428 120 120 120
2.44636 -1.14006 0.00526 120 120 120
0.89095 -2.08623 0.00673 120 120 120
-1.60585 0.98194 -0.00035 120 120 120
-2.37285 1.31281 -0.00249 120 120 120
0.17986 -0.19713 0.00352 120 120 120
-2.57843 -1.22591 -0.00548 120 120 120
-2.07035 1.17162 0.00833 120 120 120
-0.35430 2.10302 -0.00251 120 120 120
2.19050 -0.89255 -0.00138 120 120 120
-1.68892 0.12806 0.00376 120 120 120
-1.17472 2.26654 -0.00363 120 120 120
1.25277 -0.91931 -0.00575 120 120 120
-1.33155 -2.83247 0.00576 120 120 120
2.15260 -1.89824 -0.00522 120 120 120
-0.94740 2.90480 0.00130 120 120 120
2.72075 -0.38952 0.00011 120 120 120
0.64151 -0.66576 -0.00950 120 120 120
-1.53887 -1.77101 -0.00523 120 120 120
2.69365 -0.42285 0.00177 120 120 120
-2.37103 0.94695 0.00616 120 120 120
-2.68883 -0.03609 -0.00381 120 120 120
-1.95490 -1.35517 -0.00443 120 120 120
0.49643 -2.53770 0.00316 120 120 120
-0.72703 -2.32272 0.00401 120 120 120
0.78977 -0.45058 0.00467 120 120 120
-2.44270 0.46354 0.00110 120 120 120
-2.01726 -0.92331 -0.00265 120 120 120
-1.98978 1.17114 0.00392 120 120 120
0.21751 -0.86097 -0.00042 120 120 120
-0.61484 -3.02820 0.00336 120 120 120
2.85779 -0.83307 -0.00259 120 120 120
0.71229 -0.14509 -0.00105 120 120 120
-2.86853 -1.12799 0.00268 120 120 120
2.89913 0.71138 -0.01029 120 120 120
-2.45132 -1.48220 0.00669 120 120 120
-1.86594 -2.51874 -0.00025 120 120 120
2.40704 1.08360 -0.01409 120 120 120
0.47947 1.03176 0.00084 120 120 120
0.87368 -0.96199 -0.00217 120 120 120
-0.79303 0.36180 -0.00521 120 120 120
1.86539 -0.97409 0.00979 120 120 120
-0.58083 1.17990 0.00419 120 120 120
0.59980 -0.07351 -0.00079 120 120 120
-1.07377 -2.07507 0.00027 120 120 120
-0.01232 -1.80074 0.00134 120 120 120
-1.17362 -0.84888 -0.00814 120 120 120
-2.61898 -0.73920 0.01314 120 120 120
-0.35594 -2.43469 0.00022 120 120 120
0.74343 2.29623 0.00904 120 120 120
-1.92484 0.15353 -0.00424 120 120 120
2.68706 -0.87159 0.00293 120 120 120
1.00014 -0.78043 -0.00592 120 120 120
1.96841 -0.90543 -0.01441 120 120 120
0.63769 -1.91888 0.00452 120 120 120
0.62581 -2.83201 0.00097 120 120 120
1.25362 -0.62982 -0.00265 120 120 120
0.30055 -3.21484 -0.01688 120 120 120
1.09113 0.69897 -0.00235 120 120 120
-1.91475 -0.99076 0.00137 120 120 120
2.45810 0.60378 -0.00539 120 120 120
0.92703 1.89834 0.00066 120 120 120
-1.32283 -2.73900 -0.00317 120 120 120
2.30196 -1.22714 -0.00601 120 120 120
2.67165 0.24206 -0.00071 120 120 120
0.12146 -3.04886 -0.01085 120 120 120
-1.12535 0.31118 0.00251 120 120 120
0.95965 -1.94963 0.00049 120 120 120
-1.37622 -1.53312 0.00302 120 120 120
-2.40108 -1.47187 0.00564 120 120 120
-2.66655 1.33647 -0.00126 120 120 120
-1.26234 1.77726 -0.01344 120 120 120
-1.11199 -0.01947 -0.00128 120 120 120
-1.32532 -2.50691 -0.00573 120 120 120
-2.08160 1.98484 0.00716 120 120 120
-1.70083 0.12876 -0.00185 120 120 120
-1.10847 -0.76332 0.00421 120 120 120
1.22184 0.02287 0.00731 120 120 120
0.23238 1.00696 -0.00374 120 120 120
0.70192 1.60480 0.00038 120 120 120
1.92473 -1.96459 0.00020 120 120 120
1.40292 -1.02519 0.01103 120 120 120
1.27052 2.68951 0.00633 120 120 120
-0.60246 -1.77974 -0.00532 120 120 120
-2.36273 1.36599 -0.00305 120 120 120
-1.42710 -0.44589 -0.00232 120 120 120
-0.92885 0.58733 -0.00406 120 120 120
-1.56593 0.31355 -0.00158 120 120 120
-0.94746 -2.39111 -0.00265 120 120 120
-0.65670 2.56598 0.00018 120 120 120
2.53720 0.33815 -0.00058 120 120 120
-2.11138 -0.03405 0.00577 120 120 120
1.98391 1.40524 -0.00381 120 120 120
3.03971 -0.83930 -0.00835 120 120 120
-0.48605 0.74406 -0.00247 120 120 120
0.92597 0.12252 -0.00307 120 120 120
-2.26576 0.27997 0.00737 120 120 120
-1.26543 2.62089 0.00423 120 120 120
-1.18931 -2.80449 0.00649 120 120 120
-0.76126 -2.67134 0.00481 120 120 120
-0.48685 -1.44777 -0.00986 120 120 120
-2.20228 1.77922 -0.00426 120 120 120
0.95101 -1.18045 -0.00749 120 120 120
0.38010 0.11659 0.00784 120 120 120
-1.24688 0.23549 0.00420 120 120 120
3.02544 -1.03596 0.00199 120 120 120
-2.39225 1.34998 -0.00284 120 120 120
1.23784 -0.13826 -0.00228 120 120 120
-0.43616 -1.75773 -0.00430 120 120 120
-2.56988 1.65014 0.00325 120 120 120
-1.12889 -2.50261 0.00052 120 120 120
1.51575 -0.52638 0.00347 120 120 120
1.87519 -2.60833 0.00209 120 120 120
0.83706 2.33399 0.00413 120 120 120
0.96857 -2.20562 0.00258 120 120 120
0.35534 2.46357 0.00551 120 120 120
2.25223 1.63348 0.00370 120 120 120
-1.36978 0.95153 -0.00257 120 120 120
-0.42076 -0.27555 0.00245 120 120 120
-1.00060 2.42288 0.00155 120 120 120
1.28203 -1.83356 -0.00095 120 120 120
-1.34555 2.59996 -0.00009 120 120 120
2.27722 2.14700 0.00503 120 120 120
-2.53976 0.02097 0.00270 120 120 120
-1.67413 -1.86641 0.00465 120 120 120
-0.42177 2.55751 0.00020 120 120 120
0.71817 -0.55832 0.00575 120 120 120
1.81407 0.73730 0.00387 120 120 120
-2.17000 -1.49518 -0.00403 120 120 120
1.28818 -1.97658 -0.00179 120 120 120
1.06915 -2.67302 -0.00425 120 120 120
-0.65044 -0.90971 -0.00540 120 120 120
2.50360 0.67675 0.01340 120 120 120
2.60166 1.44789 0.00834 120 120 120
-2.62969 0.30196 0.00578 120 120 120
0.84921 -0.30543 0.00224 120 120 120
2.33253 1.25007 -0.00271 120 120 120
1.80180 -2.39515 -0.00554 120 120 120
0.48302 -1.15555 -0.00105 120 120 120
2.44973 -0.73071 -0.00360 120 120 120
1.31552 1.84547 0.00357 120 120 120
1.21803 0.94210 0.00076 120 120 120
-1.56809 1.48607 0.00428 120 120 120
-2.09935 -0.24372 0.00121 120 120 120
1.54187 -1.91287 -0.00845 120 120 120
2.46838 -1.34556 -0.00086 120 120 120
-0.43158 0.91471 0.00194 120 120 120
0.64930 -1.30543 0.00137 120 120 120
1.36066 -2.22049 -0.00277 120 120 120
-0.97112 0.59686 -0.00245 120 120 120
-2.54262 0.69102 -0.00333 120 120 120
1.93974 -1.78237 -0.00835 120 120 120
1.34961 -1.31690 -0.00015 120 120 120
3.13550 -0.78204 0.00390 120 120 120
-1.70497 -1.44863 -0.00238 120 120 120
-3.17643 0.26423 -0.00621 120 120 120
0.63758 -1.21714 0.00497 120 120 120
2.74785 1.52618 0.00681 120 120 120
1.71558 -1.77339 -0.00220 120 120 120
0.67389 3.16235 -0.00469 120 120 120
-2.46716 0.47750 -0.00072 120 120 120
-1.22230 -2.88838 0.00140 120 120 120
1.89196 0.33450 -0.00225 120 120 120
-1.99811 1.64080 -0.00785 120 120 120
-0.15487 0.56092 0.00480 120 120 120
2.25667 1.03271 0.00121 120 120 120
0.97854 1.73300 0.00774 120 120 120
1.58792 2.48641 0.00021 120 120 120
0.01843 -2.29067 0.00736 120 120 120
-1.94015 1.32711 -0.00113 120 120 120
3.08778 0.92247 -0.00302 120 120 120
0.52353 3.02192 -0.00250 120 120 120
-0.52275 -3.09288 0.00912 120 120 120
0.22458 1.31976 -0.00094 120 120 120
-2.81929 1.16139 0.00791 120 120 120
-1.16296 -1.77937 -0.00231 120 120 120
2.91120 -0.72590 -0.00692 120 120 120
2.15302 0.85844 0.00349 120 120 120
0.47056 2.61170 -0.00321 120 120 120
0.28375 1.60275 0.00152 120 120 120
1.06698 -0.95767 0.00101 120 120 120
-2.30236 -0.76598 0.00093 120 120 120
0.00684 -1.23024 0.00824 120 120 120
-2.48504 0.65082 0.00126 120 120 120
-0.57948 0.09935 0.00060 120 120 120
1.43357 -0.23864 -0.00177 120 120 120
0.86876 1.46693 0.00269 120 120 120
-1.06660 0.80279 0.00223 120 120 120
1.11414 -0.09145 -0.00201 120 120 120
-0.18821 2.83393 0.00471 120 120 120
1.61204 1.35029 -0.00102 120 120 120
-0.47084 1.57137 0.00290 120 120 120
0.92162 -1.53902 -0.00663 120 120 120
2.89440 -0.08089 0.00457 120 120 120
-1.10512 -1.07937 -0.00359 120 120 120
2.83058 -0.18500 0.00338 120 120 120
1.21302 2.49771 0.00640 120 120 120
-0.58150 -0.61249 0.00205 120 120 120
-2.58497 -1.69950 0.00576 120 120 120
1.65412 1.79496 -0.00539 120 120 120
-2.22138 -1.98071 -0.00041 120 120 120
-1.78553 -0.41559 -0.00324 120 120 120
0.10722 -2.69740 -0.00330 120 120 120
1.22217 -2.20675 -0.00789 120 120 120
0.27399 1.66648 0.00040 120 120 120
2.31078 1.91194 0.00470 120 120 120
2.60711 -1.34147 0.00633 120 120 120
-0.15601 -2.65576 -0.00528 120 120 120
-1.96467 2.30435 -0.00240 120 120 120
-1.48077 -0.34735 -0.00370 120 120 120
1.20334 -2.46039 -0.00405 120 120 120
0.90997 1.48855 -0.00148 120 120 120
3.15000 0.02578 0.00010 120 120 120
-2.33914 -0.70215 -0.00145 120 120 120
2.49605 1.65484 -0.00696 120 120 120
1.33878 -0.32429 0.00485 120 120 120
0.52528 1.75614 0.00089 120 120 120
-0.24574 -2.82830 0.00197 120 120 120
-0.47136 -1.88874 0.00226 120 120 120
0.48930 0.84289 0.00308 120 120 120
2.60102 0.41932 0.00077 120 120 120
0.13358 1.06982 -0.00417 120 120 120
-2.34274 -0.61678 0.00758 120 120 120
2.08389 2.12001 0.00319 120 120 120
2.30900 -0.91297 -0.00449 120 120 120
0.46967 -2.25095 -0.00442 120 120 120
0.25037 1.53305 0.00995 120 120 120
0.99450 0.85539 -0.00081 120 120 120
0.40432 0.18277 -0.00339 120 120 120
1.23269 -2.63403 -0.00265 120 120 120
0.41816 -0.38233 0.00226 120 120 120
-2.97147 -0.49033 -0.00238 120 120 120
-1.88093 -0.80863 0.00067 120 120 120
-2.73756 1.45604 0.01155 120 120 120
0.38544 -1.22488 -0.00786 120 120 120
2.05070 -2.08578 -0.00203 120 120 120
-1.18376 2.78234 0.00031 120 120 120
1.70371 -1.22910 -0.00882 120 120 120
0.16783 3.21714 0.00259 120 120 120
0.27619 1.46849 0.00448 120 120 120
0.64511 -0.87282 -0.00694 120 120 120
-3.17701 -0.40777 -0.00041 120 120 120
1.55742 0.53155 0.00092 120 120 120
0.43933 0.32738 0.00287 120 120 120
-0.48384 1.97949 0.01334 120 120 120
1.40781 2.91351 -0.00371 120 120 120
2.97900 -0.06861 0.00269 120 120 120
-0.20540 -0.98757 -0.00064 120 120 120
-1.80661 0.73286 -0.00149 120 120 120
0.83302 -2.22981 0.00008 120 120 120
-0.79282 2.78985 0.00205 120 120 120
1.40152 0.25865 0.00005 120 120 120
-0.64847 0.73464 0.00138 120 120 120
-1.74747 2.16695 -0.00040 120 120 120
0.30257 0.36641 -0.00468 120 120 120
-1.59221 -1.70592 0.00413 120 120 120
-2.06684 1.78571 0.00513 120 120 120
-0.79546 2.53222 0.00491 120 120 120
-1.83930 -1.41590 0.00337 120 120 120
-0.49096 -2.83046 -0.00388 120 120 120
2.49231 -0.14588 -0.00477 120 120 120
2.21325 -1.94914 0.00458 120 120 120
2.46513 0.24042 -0.00602 120 120 120
1.23693 1.74287 -0.00343 120 120 120
-2.41159 -0.70557 0.01073 120 120 120
-2.06284 0.48416 0.00254 120 120 120
1.03829 -1.06556 0.00080 120 120 120
0.88087 -2.05018 -0.00926 120 120 120
-3.11283 -0.56956 -0.00336 120 120 120
2.36559 -0.78350 0.00418 120 120 120
-1.76075 2.14316 -0.00742 120 120 120
-1.52090 -2.15163 0.00201 120 120 120
-0.73436 -2.08187 -0.00691 120 120 120
-2.07095 -0.11093 -0.00312 120 120 120
0.30926 1.41412 -0.00787 120 120 120
0.22731 0.33422 0.00048 120 120 120
1.59302 2.56505 -0.00850 120 120 120
-1.30499 1.10868 -0.00042 120 120 120
-1.18905 -2.19941 0.00319 120 120 120
-0.81379 2.05432 0.00100 120 120 120
0.68723 -0.82486 0.00232 120 120 120
-0.50420 -0.34691 0.00113 120 120 120
-3.02309 0.89798 -0.00045 120 120 120
-0.84832 1.76161 -0.00034 120 120 120
1.37847 1.19079 0.00147 120 120 120
-0.90089 -0.29316 -0.00546 120 120 120
-0.12545 0.12056 -0.00198 120 120 120
2.69011 -0.63944 0.01017 120 120 120
-0.14566 -3.05679 0.00242 120 120 120
1.08292 1.23180 0.00625 120 120 120
-2.04013 -0.74987 0.00170 120 120 120
1.79762 -1.82335 -0.00366 120 120 120
1.23244 -0.49483 -0.00152 120 120 120
1.79742 -0.82486 -0.00871 120 120 120
0.93072 -2.07465 0.00687 120 120 120
-0.44313 2.57135 0.00448 120 120 120
-2.17322 -2.37682 -0.00418 120 120 120
-0.57012 -2.21887 0.00382 120 120 120
0.83092 -1.42350 0.00337 120 120 120
1.98459 -1.72127 0.00039 120 120 120
-1.07980 -0.21466 0.00238 120 120 120
-0.10824 0.21790 0.00285 120 120 120
-1.96624 -0.32706 0.00192 120 120 120
0.75668 -0.40323 0.00076 120 120 120
-2.21506 -0.36751 0.00043 120 120 120
1.17694 1.43765 -0.00284 120 120 120
-2.82029 1.22108 0.00454 120 120 120
0.09587 -1.36910 0.00991 120 120 120
2.66992 -0.44642 -0.00560 120 120 120
-2.28275 1.20820 0.00017 120 120 120
0.94617 -3.10096 -0.00327 120 120 120
-0.35018 2.42627 0.00275 120 120 120
-1.91291 2.20627 0.00213 120 120 120
-0.57153 1.83937 0.00067 120 120 120
-0.38084 -0.78591 -0.00296 120 120 120
1.79438 -1.02601 -0.00236 120 120 120
1.11707 -2.41984 -0.00380 120 120 120
-1.36513 -0.90716 -0.00861 120 120 120
-1.18158 -0.26315 0.00615 120 120 120
0.62078 -0.84974 0.00334 120 120 120
2.18570 -0.89980 0.00645 120 120 120
0.34351 -1.84939 -0.00174 120 120 120
-1.57694 -2.36260 0.00245 120 120 120
0.75572 -2.48529 -0.00424 120 120 120
-3.13706 0.25346 -0.00285 120 120 120
-2.86146 1.47144 0.01025 120 120 120
0.07774 -0.01817 -0.00187 120 120 120
-1.49313 -0.50470 0.00474 120 120 120
-1.42176 -0.72899 0.00126 120 120 120
2.25785 2.04647 -0.00697 120 120 120
-1.17833 -0.11025 -0.00067 120 120 120
-1.51920 1.44990 0.00189 120 120 120
-0.13749 0.73728 0.00355 120 120 120
2.19290 -0.49139 -0.00894 120 120 120
0.57522 -0.27362 -0.00483 120 120 120
2.73930 -0.38721 0.00155 120 120 120
-1.37356 1.89359 -0.00470 120 120 120
-1.90503 -2.62912 0.00609 120 120 120
-1.14988 3.01586 -0.00031 120 120 120
-2.70572 0.98261 0.00243 120 120 120
-0.18056 1.74903 0.00648 120 120 120
-0.93919 -0.55098 -0.00607 120 120 120
-0.31014 1.24840 0.00231 120 120 120
-0.72323 2.60098 0.00067 120 120 120
-1.04863 0.56554 0.00083 120 120 120
1.71344 0.24812 -0.00112 120 120 120
0.79328 -0.58905 0.00080 120 120 120
0.12875 0.72693 -0.01463 120 120 120
-1.38034 -1.48508 0.00622 120 120 120
1.90440 0.86960 -0.00668 120 120 120
-1.04833 0.96401 0.00887 120 120 120
2.99945 0.85036 -0.00475 120 120 120
2.53314 -0.03488 -0.00496 120 120 120
1.19336 -1.28836 0.00203 120 120 120
1.77595 -2.37971 0.00136 120 120 120
0.65567 2.32588 0.00225 120 120 120
-1.96961 -0.90777 0.00181 120 120 120
1.90203 -2.07828 -0.00070 120 120 120
-1.42579 1.35768 -0.00184 120 120 120
2.84208 0.63546 0.00291 120 120 120
-0.18694 0.10234 -0.00346 120 120 120
1.25512 -1.01200 0.00060 120 120 120
1.81308 1.52155 -0.00847 120 120 120
2.53462 1.55218 0.00127 120 120 120
-2.28490 -1.62360 0.00049 120 120 120
0.45590 3.10782 -0.00020 120 120 120
-1.27055 1.06773 0.00853 120 120 120
-2.51765 1.84552 0.00747 120 120 120
-0.34023 -1.04688 0.00457 120 120 120
1.42724 0.25542 0.00446 120 120 120
-1.20047 -1.86847 0.00053 120 120 120
-1.48972 0.08863 0.00154 120 120 120
-0.57566 -0.04636 0.00216 120 120 120
-0.69190 -2.50513 0.00301 120 120 120
-1.30956 -1.60963 0.00036 120 120 120
-1.38812 -2.79643 0.00271 120 120 120
-0.97759 3.07171 0.00032 120 120 120
1.87879 -2.49925 0.00211 120 120 120
-1.74542 -1.55116 0.00459 120 120 120
-1.74823 0.44524 -0.00328 120 120 120
-3.17612 -0.03457 0.00066 120 120 120
0.06116 1.98518 0.00038 120 120 120
0.47921 -1.94224 -0.00509 120 120 120
-0.45550 2.54960 0.00696 120 120 120
-2.27234 -1.23884 -0.00413 120 120 120
0.96132 -0.42483 0.00716 120 120 120
-1.34846 -0.45305 -0.00671 120 120 120
0.01151 0.00281 -0.00748 120 120 120
1.00202 -0.20315 -0.00168 120 120 120
-1.74896 -0.74937 0.00199 120 120 120
1.30780 2.88266 0.00196 120 120 120
-2.90518 0.05578 0.00646 120 120 120
-1.05499 1.13716 -0.00385 120 120 120
-0.96915 0.53679 0.00463 120 120 120
-3.23146 0.32623 -0.00829 120 120 120
1.28949 -2.43810 -0.00483 120 120 120
0.13697 2.34708 -0.00132 120 120 120
-1.71376 -2.71983 -0.00550 120 120 120
-0.61280 -3.11484 0.00274 120 120 120
1.09767 -0.13733 -0.00326 120 120 120
-1.01443 2.38511 0.00502 120 120 120
0.82722 2.56964 0.00434 120 120 120
2.77100 -1.20149 -0.00338 120 120 120
2.18736 -0.69447 -0.00176 120 120 120
0.47132 -2.63792 -0.00045 120 120 120
-1.46911 1.25977 0.00677 120 120 120
2.02594 -0.36516 -0.00471 120 120 120
-2.11120 -1.22145 -0.01187 120 120 120
0.29613 1.47435 -0.00212 120 120 120
1.32286 -2.57260 -0.00460 120 120 120
-2.27723 0.26274 -0.00766 120 120 120
2.80411 1.06245 -0.00018 120 120 120
0.50624 -2.83816 -0.00587 120 120 120
0.98924 -2.22677 0.00169 120 120 120
1.66186 -2.12179 -0.00601 120 120 120
1.56193 2.55329 0.01477 120 120 120
-0.97617 1.62015 0.00530 120 120 120
0.71700 -2.68064 -0.00366 120 120 120
0.22793 -3.11551 -0.00386 120 120 120
0.43249 -0.37729 -0.00095 120 120 120
-2.19392 -0.67888 0.00368 120 120 120
-0.46042 1.14787 -0.00224 120 120 120
-1.70744 1.07524 -0.00581 120 120 120
-0.80640 2.84665 -0.00726 120 120 120
-0.90737 -1.13084 -0.00009 120 120 120
-0.61561 0.02030 -0.00362 120 120 120
-1.58135 -0.71060 0.00142 120 120 120
-1.34392 -2.53523 -0.01063 120 120 120
0.07248 1.06349 0.00236 120 120 120
1.96268 -1.52960 -0.00160 120 120 120
2.68028 0.81197 -0.00877 120 120 120
0.08116 2.45321 0.00181 120 120 120
2.22896 2.21500 0.00249 120 120 120
-2.39983 1.49652 -0.00403 120 120 120
0.90673 -0.32825 0.00323 120 120 120
1.39701 -2.66208 -0.00683 120 120 120
-2.40355 0.10002 -0.01147 120 120 120
-2.61198 1.84360 -0.00085 120 120 120
3.12807 0.78854 -0.00443 120 120 120
-1.31282 0.07853 -0.00623 120 120 120
-0.04713 1.61925 0.00285 120 120 120
2.62725 0.01580 0.00107 120 120 120
0.43124 -0.63445 0.00820 120 120 120
-0.35513 -2.02714 0.00208 120 120 120
3.00148 -1.19636 0.00276 120 120 120
-2.30994 0.46834 -0.00437 120 120 120
-1.87034 0.03819 -0.01070 120 120 120
-1.29938 -0.52245 0.00989 120 120 120
2.07930 -1.89732 0.00246 120 120 120
0.85758 3.01511 0.00802 120 120 120
2.83934 1.30478 -0.00591 120 120 120
-0.42609 -0.71153 0.00503 120 120 120
-0.89284 -0.05249 0.00144 120 120 120
-2.70251 -1.77761 0.00531 120 120 120
2.41045 -2.06364 0.00290 120 120 120
1.26689 -0.84432 -0.00114 120 120 120
-1.04429 0.99868 0.00140 120 120 120
-0.93971 -2.31183 -0.00177 120 120 120
-1.82815 0.09038 0.00419 120 120 120
-2.58639 -0.94685 -0.00398 120 120 120
0.56841 -1.36015 -0.00351 120 120 120
-0.53952 2.86785 -0.00080 120 120 120
1.44938 0.93910 0.00308 120 120 120
-0.50069 -1.10421 0.00027 120 120 120
-0.64783 1.78732 -0.00164 120 120 120
-0.13500 0.43671 0.00528 120 120 120
1.84329 1.84782 0.00294 120 120 120
0.80757 -0.25300 -0.00230 120 120 120
0.62994 -1.07794 -0.00521 120 120 120
-0.34589 -2.87416 -0.00088 120 120 120
-2.22586 -0.62121 -0.00312 120 120 120
2.46037 0.45755 -0.00386 120 120 120
1.69523 -0.31174 0.00375 120 120 120
1.06394 3.02281 0.00564 120 120 120
-0.69996 -3.15209 -0.00030 120 120 120
-1.88007 -0.57199 -0.00003 120 120 120
-0.56116 2.82974 -0.00370 120 120 120
-2.80305 0.78508 -0.00532 120 120 120
-2.75485 -1.43592 0.00398 120 120 120
-0.89455 -2.88123 -0.00635 120 120 120
-0.06614 -2.15339 -0.00310 120 120 120
1.90646 0.42208 -0.00326 120 120 120
2.16628 -2.27671 0.00212 120 120 120
-0.39160 -2.03880 -0.00099 120 120 120
0.47467 -2.29538 -0.00285 120 120 120
-0.57782 0.82541 0.00680 120 120 120
-0.60683 -1.65461 0.00815 120 120 120
-0.99878 -0.85055 0.00195 120 120 120
-0.49086 0.79308 0.00072 120 120 120
0.97505 1.72206 -0.00252 120 120 120
-2.02448 -1.16016 -0.00009 120 120 120
0.35924 -2.84646 -0.00602 120 120 120
-1.42064 2.09784 0.00494 120 120 120
1.98937 -2.17963 -0.00066 120 120 120
1.06350 -1.15235 -0.00344 120 120 120
0.21979 -2.88957 -0.00166 120 120 120
0.51241 0.53168 0.00353 120 120 120
-1.70517 -0.14209 -0.00128 120 120 120
2.15174 -0.23868 -0.00394 120 120 120
-0.19184 3.17385 -0.01045 120 120 120
0.95390 0.21985 -0.00039 120 120 120
-1.65425 -0.19234 0.00188 120 120 120
-0.13102 1.26207 -0.00245 120 120 120
-0.12867 -2.11556 -0.00397 120 120 120
1.74015 -0.66758 -0.00563 120 120 120
-0.89550 0.41337 -0.00188 120 120 120
0.67490 -2.15120 -0.00557 120 120 120
-0.48796 -2.21144 -0.00560 120 120 120
-1.22779 -2.26919 -0.00240 120 120 120
2.91932 0.60041 0.00942 120 120 120
-0.49733 -3.16758 0.01168 120 120 120
0.18167 -1.03157 0.00589 120 120 120
1.68481 0.85787 0.00322 120 120 120
2.68443 -1.75044 -0.00969 120 120 120
-2.38180 0.56759 0.01338 120 120 120
0.27546 -2.02890 0.00196 120 120 120
-0.68807 -2.02979 -0.00550 120 120 120
0.91168 -2.84069 0.01343 120 120 120
2.99078 0.42260 -0.00049 120 120 120
-1.09735 -1.38306 0.00417 120 120 120
-0.74676 1.64452 -0.00157 120 120 120
-1.92953 1.91539 0.00284 120 120 120
0.55623 0.63555 0.00343 120 120 120
-2.69434 -1.29461 0.00430 120 120 120
-0.04761 -0.26621 0.00642 120 120 120
0.08789 2.20499 0.00078 120 120 120
1.60964 2.40420 0.00105 120 120 120
2.96344 -0.93540 -0.00024 120 120 120
0.12668 2.57030 -0.00522 120 120 120
-1.12014 2.08603 -0.00452 120 120 120
1.99507 -1.83969 -0.00154 120 120 120
-2.59974 1.46157 0.00631 120 120 120
-0.18070 0.32298 0.00235 120 120 120
2.29326 1.06990 -0.00047 120 120 120
0.67696 -2.76441 -0.00132 120 120 120
-0.27647 -3.11424 -0.00583 120 120 120
-0.29139 2.03364 -0.00449 120 120 120
-2.38655 -1.95677 0.00077 120 120 120
2.41292 0.91247 0.00004 120 120 120
0.20962 1.86482 0.00389 120 120 120
1.20214 -2.99035 -0.00108 120 120 120
0.74479 -0.25400 0.00284 120 120 120
0.40225 -3.00417 -0.00766 120 120 120
-0.43555 -2.32187 -0.00475 120 120 120
-1.23435 -2.15693 0.00132 120 120 120
2.65508 1.31989 0.00008 120 120 120
-2.94244 -1.06512 0.00369 120 120 120
-1.41403 -2.73109 0.00588 120 120 120
0.18458 -2.21209 0.00611 120 120 120
-0.66039 -2.66179 0.00793 120 120 120
-1.34909 2.47519 0.00910 120 120 120
-1.67616 -0.92115 -0.00178 120 120 120
0.63350 -1.67442 0.01150 120 120 120
-2.94451 0.08421 0.01445 120 120 120
-2.02683 1.24560 -0.00651 120 120 120
0.29159 0.63713 0.19843 100 100 100
0.35731 0.10324 0.20386 100 100 100
-1.13678 -1.08548 0.19503 100 100 100
0.52502 -0.79050 0.20240 100 100 100
-0.42652 0.77381 0.18984 100 100 100
-1.88582 -0.52341 0.19180 100 100 100
-1.68244 -1.79882 0.19033 100 100 100
-1.28397 -2.29306 0.20941 100 100 100
-0.80043 -0.60929 0.19921 100 100 100
1.83765 -1.39120 0.19324 100 100 100
1.05603 2.35663 0.21219 100 100 100
-0.12821 -2.39053 0.19612 100 100 100
1.96402 -0.68075 0.20263 100 100 100
-1.18633 1.64177 0.19608 100 100 100
0.47581 -2.65006 0.20397 100 100 100
-1.10555 -0.96203 0.19993 100 100 100
-0.21483 1.29690 0.19627 100 100 100
-0.61630 0.42004 0.19332 100 100 100
1.38102 -1.35488 0.19645 100 100 100
-2.46836 0.29810 0.19497 100 100 100
-0.59192 2.12773 0.19119 100 100 100
0.88800 -0.01955 0.20367 100 100 100
-0.97190 2.87890 0.20558 100 100 100
1.79373 0.48656 0.19660 100 100 100
0.05075 0.15385 0.18959 100 100 100
2.32119 -0.49742 0.20182 100 100 100
-0.09784 0.24295 0.20078 100 100 100
1.85907 -2.22042 0.19500 100 100 100
1.63941 -1.70302 0.19970 100 100 100
1.73398 0.23683 0.18621 100 100 100
-0.17339 -1.75845 0.20004 100 100 100
-0.94540 -0.26439 0.19923 100 100 100
-1.40137 -1.39649 0.20665 100 100 100
-1.99382 0.83173 0.20127 100 100 100
0.83794 0.84273 0.20045 100 100 100
1.61853 1.92112 0.20982 100 100 100
1.69874 0.28016 0.19603 100 100 100
-0.05716 0.79341 0.19252 100 100 100
-0.85011 -1.25661 0.20456 100 100 100
-0.11336 0.56854 0.20523 100 100 100
-2.11570 1.99671 0.20535 100 100 100
-1.75664 -1.09374 0.19884 100 100 100
-1.97477 -2.24253 0.19644 100 100 100
1.53316 -1.83450 0.19378 100 100 100
-0.40214 0.48355 0.19556 100 100 100
-0.16680 -1.25538 0.19248 100 100 100
-1.25262 1.83797 0.19780 100 100 100
-0.06903 -0.27261 0.20830 100 100 100
2.16899 -0.99454 0.19728 100 100 100
-1.46690 2.44503 0.20064 100 100 100
-1.72115 0.05119 0.20274 100 100 100
0.02615 2.79434 0.19820 100 100 100
-2.90299 -0.41538 0.19816 100 100 100
-1.52761 -0.16901 0.20643 100 100 100
0.79690 -1.93777 0.20093 100 100 100
0.33509 -1.67493 0.20565 100 100 100
-1.39851 0.83486 0.21194 100 100 100
0.13757 0.25701 0.19565 100 100 100
-0.02991 1.46438 0.19922 100 100 100
-2.71617 -0.03480 0.19916 100 100 100
2.84110 -0.54294 0.19752 100 100 100
-0.71315 -1.49050 0.19784 100 100 100
-0.06354 0.57208 0.20701 100 100 100
2.64002 -0.12577 0.20050 100 100 100
1.30910 -2.19545 0.21245 100 100 100
-1.51981 0.57083 0.19797 100 100 100
-1.10741 -2.51973 0.20753 100 100 100
1.98970 1.75803 0.20879 100 100 100
0.92272 -0.09894 0.19959 100 100 100
1.12763 1.80539 0.20224 100 100 100
0.74986 -0.99714 0.20441 100 100 100
-1.23657 0.18327 0.19722 100 100 100
-0.01842 -1.86651 0.20832 100 100 100
-0.57954 1.06674 0.19594 100 100 100
-2.77394 -0.15449 0.19740 100 100 100
-1.67453 -1.15281 0.19745 100 100 100
-2.43050 1.48273 0.20113 100 100 100
-2.20508 0.48139 0.20164 100 100 100
2.33629 -0.35869 0.19682 100 100 100
-2.20459 0.66310 0.19943 100 100 100
0.69809 1.10869 0.19443 100 100 100
-1.12242 0.09557 0.20582 100 100 100
1.38094 -0.93602 0.20347 100 100 100
-0.04161 2.49741 0.19826 100 100 100
-0.96619 2.66689 0.19904 100 100 100
-0.14568 1.18819 0.19668 100 100 100
-0.60880 0.63268 0.19535 100 100 100
-2.76445 0.48342 0.19460 100 100 100
-0.92653 1.57426 0.19537 100 100 100
0.59546 1.41149 0.20479 100 100 100
-0.14988 0.23714 0.20518 100 100 100
-1.17693 0.69495 0.19315 100 100 100
-0.62646 0.04133 0.20349 100 100 100
-1.42161 -2.10289 0.19390 100 100 100
-0.05547 -0.79770 0.20382 100 100 100
1.21411 -2.34903 0.20042 100 100 100
-0.01531 2.52645 0.19740 100 100 100
-0.41666 -0.36847 0.20223 100 100 100
1.22598 2.78017 0.20674 100 100 100
-2.19998 -2.06608 0.19063 100 100 100
2.59279 -1.44582 0.20569 100 100 100
1.04333 -1.09471 0.19602 100 100 100
-1.93996 -1.56609 0.20712 100 100 100
-0.33976 2.01343 0.20433 100 100 100
1.13226 1.35005 0.19439 100 100 100
-1.87381 0.66247 0.19709 100 100 100
-2.04544 1.51304 0.20240 100 100 100
-0.45725 -0.89391 0.20473 100 100 100
1.59615 1.25983 0.20238 100 100 100
2.82871 0.84275 0.20195 100 100 100
-0.36375 -2.35630 0.19681 100 100 100
-2.34413 -1.74344 0.20017 100 100 100
-0.29770 0.38856 0.19963 100 100 100
-0.07955 -2.29720 0.19249 100 100 100
-2.38748 0.88647 0.20168 100 100 100
0.45979 -1.71351 0.19816 100 100 100
0.56048 -0.91379 0.20688 100 100 100
-0.01982 -0.91413 0.20585 100 100 100
2.04660 -0.91435 0.20092 100 100 100
1.20357 0.58502 0.20552 100 100 100
0.47683 0.48776 0.20308 100 100 100
0.71355 -2.68544 0.19989 100 100 100
-0.35717 -2.71282 0.19292 100 100 100
-2.35737 1.18005 0.19920 100 100 100
-2.20963 -0.46051 0.19833 100 100 100
0.62714 2.09965 0.19945 100 100 100
-1.22090 1.90280 0.19886 100 100 100
2.36806 1.25707 0.20552 100 100 100
2.42192 0.52920 0.20607 100 100 100
-0.62780 -0.97323 0.19756 100 100 100
-1.50241 -0.98999 0.19338 100 100 100
-0.76869 -2.40125 0.19515 100 100 100
-1.70184 1.49326 0.20621 100 100 100
0.99975 -2.76873 0.20478 100 100 100
-1.15018 1.12599 0.19430 100 100 100
-0.92367 2.42184 0.19267 100 100 100
-2.09756 -1.48778 0.19704 100 100 100
-2.54265 -0.75121 0.20898 100 100 100
-0.42157 -2.40746 0.20210 100 100 100
-2.77570 0.74610 0.19882 100 100 100
2.55099 -0.87103 0.19937 100 100 100
-2.74893 0.17652 0.19059 100 100 100
2.02594 0.20816 0.19854 100 100 100
-0.71084 -0.37902 0.20620 100 100 100
0.16928 -2.24918 0.19803 100 100 100
-2.11202 0.00441 0.19878 100 100 100
-1.03409 2.75112 0.20165 100 100 100
-2.38593 -0.78193 0.19438 100 100 100
-1.22620 -2.42047 0.20166 100 100 100
-1.78684 -1.81798 0.19586 100 100 100
-2.03343 1.33588 0.19750 100 100 100
-2.14787 1.97125 0.19811 100 100 100
0.29356 -0.73432 0.19811 100 100 100
-0.20727 2.84344 0.20051 100 100 100
-2.04779 1.81252 0.19963 100 100 100
-1.59125 -2.58975 0.19909 100 100 100
-0.96579 0.57454 0.20061 100 100 100
-2.23263 1.68949 0.19546 100 100 100
1.06704 1.06464 0.18921 100 100 100
-0.75536 -0.06617 0.19996 100 100 100
1.52540 -0.10489 0.19656 100 100 100
0.72688 -0.92621 0.20227 100 100 100
0.34638 -1.59594 0.19724 100 100 100
-2.90430 0.27576 0.19051 100 100 100
1.08903 -2.21691 0.19940 100 100 100
1.96687 -1.20121 0.20526 100 100 100
0.56851 2.79088 0.20156 100 100 100
-2.89084 0.06248 0.19290 100 100 100
1.86016 -2.34588 0.19687 100 100 100
1.24532 -2.57043 0.19752 100 100 100
2.05143 -1.84459 0.19908 100 100 100
0.52786 -0.14233 0.19707 100 100 100
-0.52685 2.21500 0.19122 100 100 100
-1.64240 -0.97540 0.19931 100 100 100
0.41209 0.64311 0.20716 100 100 100
-0.90732 -0.14599 0.19673 100 100 100
1.78911 0.88696 0.19378 100 100 100
-2.59513 1.43577 0.20712 100 100 100
-2.03872 -0.26648 0.20960 100 100 100
-0.88895 -2.52992 0.19796 100 100 100
0.30833 1.37105 0.20119 100 100 100
1.06469 -1.03081 0.20110 100 100 100
2.75838 0.48198 0.20444 100 100 100
-1.23493 -1.08416 0.19441 100 100 100
2.09575 -1.28317 0.19985 100 100 100
0.10090 -0.11361 0.19455 100 100 100
-0.50415 -0.07742 0.20173 100 100 100
1.30783 1.64522 0.20757 100 100 100
1.91500 1.34844 0.20167 100 100 100
-0.20337 -0.83121 0.19575 100 100 100
1.91705 1.91121 0.20498 100 100 100
0.72558 0.28565 0.19694 100 100 100
-2.34560 0.79261 0.20237 100 100 100
0.99499 2.29814 0.19612 100 100 100
0.70923 -1.89281 0.19336 100 100 100
-2.00221 -0.54024 0.19620 100 100 100
0.08999 -0.11583 0.18649 100 100 100
-1.71269 1.42671 0.19458 100 100 100
1.47902 -0.79000 0.21071 100 100 100
1.43790 -0.20691 0.18590 100 100 100
-0.94831 -0.32333 0.19215 100 100 100
0.92009 2.20452 0.20871 100 100 100
2.66392 0.93022 0.19520 100 100 100
0.93892 -0.52955 0.19798 100 100 100
-2.59984 -0.14892 0.19992 100 100 100
0.63009 2.01723 0.19176 100 100 100
-0.21490 0.21563 0.20522 100 100 100
1.93552 -0.89794 0.19940 100 100 100
2.72060 -0.68286 0.19683 100 100 100
0.81111 2.87270 0.20472 100 100 100
-2.08267 -0.06959 0.19335 100 100 100
0.70677 -1.91954 0.20019 100 100 100
-0.30930 -1.76105 0.19493 100 100 100
-1.04913 -1.55600 0.19372 100 100 100
0.99717 -1.85318 0.21001 100 100 100
0.34059 -0.79013 0.20063 100 100 100
-1.94126 -1.50313 0.20474 100 100 100
-1.81897 0.10186 0.19740 100 100 100
1.03548 -2.25237 0.19485 100 100 100
0.20904 -2.41691 0.18442 100 100 100
0.95483 2.70778 0.19842 100 100 100
-1.61671 -0.04828 0.19171 100 100 100
-2.47141 -1.61102 0.20047 100 100 100
2.41876 -0.53129 0.19354 100 100 100
-2.38183 0.33215 0.20234 100 100 100
-0.33406 2.24747 0.21029 100 100 100
0.49503 1.28640 0.21413 100 100 100
0.23529 -0.10750 0.20160 100 100 100
-2.16848 -0.69744 0.19994 100 100 100
-0.02598 2.91716 0.19649 100 100 100
-2.47367 1.32801 0.19609 100 100 100
0.83327 0.15694 0.19541 100 100 100
1.69998 0.03864 0.20741 100 100 100
-1.16067 1.76036 0.19804 100 100 100
-0.56114 -2.05626 0.21080 100 100 100
-0.14064 -1.30470 0.19536 100 100 100
2.51833 0.07736 0.19930 100 100 100
-0.86384 -1.93938 0.19366 100 100 100
0.15502 -2.82349 0.20266 100 100 100
0.17599 1.51752 0.19899 100 100 100
1.66396 2.38571 0.19983 100 100 100
-0.75415 -2.66592 0.19845 100 100 100
-1.78911 -0.80909 0.20278 100 100 100
-2.18690 1.65798 0.20335 100 100 100
-2.13900 -1.15287 0.20416 100 100 100
0.75956 -1.90811 0.19530 100 100 100
1.81825 1.20439 0.20160 100 100 100
-2.25229 -0.17617 0.19751 100 100 100
-0.24218 1.43472 0.20664 100 100 100
-0.25771 1.16583 0.20124 100 100 100
0.39391 -2.67648 0.20150 100 100 100
-0.53035 -0.72540 0.19862 100 100 100
1.92630 -1.64253 0.19593 100 100 100
-1.90744 2.13070 0.20037 100 100 100
-2.01388 -0.06531 0.20612 100 100 100
1.65613 2.11314 0.19615 100 100 100
1.70617 -2.26466 0.20660 100 100 100
-1.19277 -1.10045 0.20285 100 100 100
1.29138 -0.81368 0.18985 100 100 100
-1.49999 -1.64122 0.19542 100 100 100
1.93449 2.16901 0.21144 100 100 100
-2.34344 -0.98500 0.19939 100 100 100
1.24154 -0.40777 0.19548 100 100 100
0.95292 1.67749 0.19564 100 100 100
-1.09532 2.04736 0.19932 100 100 100
-1.13311 -1.47471 0.20459 100 100 100
-1.21218 -0.56638 0.19831 100 100 100
1.12175 2.50820 0.19612 100 100 100
1.34399 2.14619 0.18867 100 100 100
1.63057 2.15665 0.19545 100 100 100
-1.19732 -0.27302 0.19651 100 100 100
1.01642 -0.62582 0.20161 100 100 100
-0.94340 -0.01011 0.20203 100 100 100
-2.08305 1.32554 0.20719 100 100 100
0.73217 2.80386 0.19405 100 100 100
2.12495 -1.85077 0.20067 100 100 100
1.54725 -0.13009 0.20080 100 100 100
-0.43733 -1.71446 0.19500 100 100 100
-2.10293 -0.20672 0.20456 100 100 100
0.36336 -0.22016 0.20852 100 100 100
-2.47033 -0.39276 0.20012 100 100 100
-0.80247 1.17453 0.19761 100 100 100
1.06158 2.53923 0.20747 100 100 100
1.42125 1.66745 0.20218 100 100 100
-1.14001 0.37830 0.19392 100 100 100
-2.02818 1.69097 0.19903 100 100 100
0.73049 2.64326 0.19819 100 100 100
-2.81658 -0.14947 0.19577 100 100 100
-0.13228 -0.98340 0.19600 100 100 100
-1.56152 -1.39119 0.19665 100 100 100
0.10072 -0.68649 0.20405 100 100 100
1.08501 -2.78173 0.19853 100 100 100
1.36962 1.57124 0.20043 100 100 100
2.66110 -0.13499 0.20484 100 100 100
0.78782 1.30585 0.19851 100 100 100
-0.09968 -1.39462 0.19399 100 100 100
-1.91994 -0.89096 0.20472 100 100 100
-2.36242 -0.27383 0.19810 100 100 100
1.29901 -0.92121 0.20891 100 100 100
0.44273 -1.74493 0.20504 100 100 100
1.84098 0.68871 0.20265 100 100 100
-0.21282 -0.21943 0.20113 100 100 100
-1.49419 0.04977 0.20561 100 100 100
-2.29555 1.38699 0.20125 100 100 100
2.68845 0.57886 0.18914 100 100 100
1.88634 -1.81439 0.19949 100 100 100
-0.53054 1.00791 0.20286 100 100 100
1.14878 -0.00606 0.19498 100 100 100
0.67539 -1.56000 0.21296 100 100 100
0.46004 -1.33413 0.19927 100 100 100
-0.38354 -0.25169 0.20281 100 100 100
0.68839 -1.25927 0.20586 100 100 100
-0.01381 2.12476 0.20302 100 100 100
-1.98686 -1.30680 0.19947 100 100 100
-0.79036 -0.45686 0.20200 100 100 100
-1.69582 0.78647 0.19903 100 100 100
-1.70909 -0.76352 0.19953 100 100 100
0.04080 -1.11168 0.19426 100 100 100
1.14367 2.74031 0.19870 100 100 100
3.00666 -0.45142 0.19399 100 100 100
-1.00671 0.19890 0.19998 100 100 100
-0.56025 -1.49250 0.19796 100 100 100
0.27405 -0.18228 0.20251 100 100 100
2.65717 -0.53215 0.19252 100 100 100
-1.68895 -1.02256 0.19536 100 100 100
2.92454 -0.76074 0.19540 100 100 100
-1.90786 -0.98396 0.19993 100 100 100
-0.02539 0.79687 0.19877 100 100 100
-2.61908 -0.87962 0.20548 100 100 100
1.98928 1.82564 0.20021 100 100 100
-0.20699 -1.35276 0.20000 100 100 100
0.12677 1.29382 0.19472 100 100 100
-2.53844 1.49636 0.19856 100 100 100
-2.17209 2.13128 0.19333 100 100 100
0.22664 2.57137 0.20247 100 100 100
-0.23622 -1.23871 0.20415 100 100 100
-0.56961 1.23099 0.19246 100 100 100
2.32497 -0.89018 0.20022 100 100 100
0.89199 0.03730 0.19948 100 100 100
-1.30365 0.39256 0.20602 100 100 100
-0.27652 0.06308 0.19500 100 100 100
-1.93438 -1.13616 0.19620 100 100 100
1.74573 1.63882 0.20132 100 100 100
1.92559 -2.30349 0.19756 100 100 100
0.16479 0.92934 0.19782 100 100 100
-2.16391 1.96016 0.19773 100 100 100
-1.54793 -0.66477 0.20261 100 100 100
2.86220 0.08506 0.20568 100 100 100
-1.80226 -1.74867 0.19959 100 100 100
0.50563 1.67777 0.19865 100 100 100
0.18846 -2.86210 0.20332 100 100 100
-0.55080 2.28947 0.20103 100 100 100
-1.98155 -1.46830 0.20079 100 100 100
-2.87996 0.00293 0.20567 100 100 100
1.50850 -1.39686 0.19467 100 100 100
-0.63234 0.80473 0.19868 100 100 100
-0.86686 -0.01309 0.19510 100 100 100
-1.69195 -0.37956 0.19732 100 100 100
2.16763 1.81067 0.19363 100 100 100
-2.86455 -0.79483 0.19811 100 100 100
-2.28455 0.15636 0.20185 100 100 100
1.09724 2.02536 0.18684 100 100 100
-1.09418 -1.05004 0.19837 100 100 100
-2.85858 -0.20575 0.19955 100 100 100
1.20428 1.47765 0.19862 100 100 100
-1.46736 -1.52772 0.19162 100 100 100
-2.93435 0.56612 0.20478 100 100 100
2.25595 -1.52373 0.20471 100 100 100
-2.58761 -0.64044 0.20572 100 100 100
0.08175 2.04729 0.19721 100 100 100
-0.06645 -1.15731 0.20086 100 100 100
-1.59894 0.82932 0.19635 100 100 100
1.01787 -1.72962 0.19464 100 100 100
-2.59310 0.83361 0.19438 100 100 100
0.65199 2.59437 0.20100 100 100 100
-2.92567 0.02819 0.20418 100 100 100
0.65139 0.49436 0.20643 100 100 100
-1.59639 1.24809 0.19975 100 100 100
-2.54663 -1.11320 0.19659 100 100 100
-1.54419 -1.40161 0.19952 100 100 100
-1.04611 1.02953 0.20486 100 100 100
1.51093 2.26689 0.20811 100 100 100
-0.29250 0.62016 0.20589 100 100 100
-1.83204 -0.10268 0.20539 100 100 100
-2.42146 -0.72291 0.20681 100 100 100
0.66147 -1.02638 0.20037 100 100 100
2.63915 0.91562 0.20141 100 100 100
-1.87272 -0.43451 0.20530 100 100 100
0.74479 1.72906 0.20257 100 100 100
2.20895 -1.98741 0.20434 100 100 100
-0.45996 -1.07426 0.19696 100 100 100
-0.26028 1.99788 0.20699 100 100 100
-1.90357 -1.06392 0.19751 100 100 100
0.63102 -0.70894 0.20556 100 100 100
1.04529 1.35774 0.19955 100 100 100
-0.91512 2.02872 0.19733 100 100 100
-2.90106 0.40306 0.19003 100 100 100
0.01471 2.09082 0.19891 100 100 100
1.52442 1.69497 0.19376 100 100 100
0.90832 2.33580 0.19539 100 100 100
-0.57241 1.01393 0.20255 100 100 100
0.07161 -1.16767 0.19241 100 100 100
2.09722 -0.22639 0.20615 100 100 100
0.51984 2.35301 0.21260 100 100 100
0.66568 -1.58425 0.19758 100 100 100
-0.81965 0.29065 0.20602 100 100 100
1.96119 1.78357 0.19301 100 100 100
-2.08157 -1.47418 0.20200 100 100 100
-2.25343 1.83625 0.20178 100 100 100
-0.95603 2.53980 0.21538 100 100 100
-1.81389 1.89722 0.19814 100 100 100
-2.19952 -0.16171 0.20231 100 100 100
-2.95373 0.02110 0.19908 100 100 100
-2.01040 1.53637 0.19814 100 100 100
0.79342 0.63938 0.19931 100 100 100
-2.67385 -0.28948 0.19906 100 100 100
1.16269 -0.86077 0.19683 100 100 100
-2.17436 1.66872 0.20134 100 100 100
-2.93095 -0.78771 0.19552 100 100 100
-0.73082 -0.82253 0.19800 100 100 100
-0.77936 0.37528 0.20961 100 100 100
0.75202 -2.58792 0.19942 100 100 100
2.66407 0.57487 0.20443 100 100 100
1.85174 1.68556 0.19962 100 100 100
2.05062 0.35442 0.20384 100 100 100
2.61595 -1.06664 0.19913 100 100 100
2.03504 1.42205 0.18707 100 100 100
1.04811 -2.63447 0.19985 100 100 100
1.45709 0.99464 0.19499 100 100 100
-1.64909 0.67415 0.19850 100 100 100
-2.29320 -0.64640 0.20344 100 100 100
0.60571 -2.45540 0.20908 100 100 100
0.62034 0.92708 0.19296 100 100 100
-0.71495 -0.98300 0.19881 100 100 100
1.88591 -2.04729 0.20009 100 100 100
2.19197 -0.73314 0.20024 100 100 100
1.45163 -0.15223 0.20028 100 100 100
1.58007 -0.77733 0.20282 100 100 100
-1.59005 2.25320 0.19781 100 100 100
0.46092 1.32595 0.19901 100 100 100
-2.09429 1.11441 0.20197 100 100 100
0.49694 2.11747 0.19651 100 100 100
2.68186 -1.30202 0.19704 100 100 100
-2.57815 0.66551 0.19967 100 100 100
-0.94815 2.40137 0.19704 100 100 100
2.31952 -1.27444 0.19511 100 100 100
-0.89650 2.82985 0.19453 100 100 100
-1.54368 0.03178 0.19978 100 100 100
-0.54777 0.14589 0.20685 100 100 100
0.86646 -1.39499 0.20196 100 100 100
-2.89975 0.27769 0.19524 100 100 100
-1.52605 2.04311 0.20774 100 100 100
0.85490 0.84804 0.19749 100 100 100
-1.72338 -0.43615 0.20794 100 100 100
-1.19576 -2.03992 0.19963 100 100 100
-0.06613 1.22950 0.20133 100 100 100
-1.21141 -2.02548 0.19817 100 100 100
-0.80645 0.19628 0.19851 100 100 100
2.50331 0.70350 0.20691 100 100 100
1.60832 0.45635 0.19910 100 100 100
1.85672 0.72674 0.20471 100 100 100
-0.31103 0.18315 0.20024 100 100 100
1.04171 -2.21629 0.19942 100 100 100
-1.10822 2.27000 0.20312 100 100 100
-1.96596 -2.06476 0.19941 100 100 100
1.46034 -2.15306 0.19606 100 100 100
-2.33300 -0.92160 0.19621 100 100 100
1.75473 -0.91440 0.20290 100 100 100
-0.28459 0.77093 0.18895 100 100 100
-2.44489 -0.13704 0.20188 100 100 100
-0.43466 -0.12633 0.19281 100 100 100
1.12141 2.20541 0.20087 100 100 100
-0.83419 0.00285 0.20669 100 100 100
-0.42754 -0.60835 0.19558 100 100 100
1.86163 1.34555 0.20262 100 100 100
-1.84089 -2.27398 0.20562 100 100 100
-2.56116 -0.41037 0.19712 100 100 100
-1.76085 1.84804 0.19676 100 100 100
-1.99811 1.84367 0.20188 100 100 100
1.27718 -1.62901 0.20625 100 100 100
2.53668 -0.59490 0.21141 100 100 100
-1.27868 1.67736 0.19630 100 100 100
-2.87269 0.76313 0.20324 100 100 100
-2.55808 0.28750 0.19760 100 100 100
-0.95426 -1.37757 0.19436 100 100 100
0.10627 1.84003 0.19883 100 100 100
-1.51360 1.91232 0.19885 100 100 100
1.34435 1.61592 0.20043 100 100 100
1.20206 0.06123 0.20209 100 100 100
0.93318 2.24088 0.20116 100 100 100
2.30335 0.67072 0.20608 100 100 100
0.01901 0.39388 0.20939 100 100 100
-1.20386 1.45017 0.20008 100 100 100
2.40199 1.02233 0.19754 100 100 100
1.25658 -0.32024 0.19900 100 100 100
1.86418 2.11024 0.19885 100 100 100
1.42256 -1.80447 0.19704 100 100 100
-0.43054 -1.89732 0.19251 100 100 100
0.36309 -3.00807 0.19326 100 100 100
0.42454 2.39860 0.20342 100 100 100
2.72200 -1.09679 0.20375 100 100 100
0.37864 3.02502 0.20163 100 100 100
2.04696 0.28448 0.19879 100 100 100
1.03819 1.51222 0.19747 100 100 100
-1.67526 2.29562 0.19314 100 100 100
0.27073 0.15001 0.19674 100 100 100
0.78329 -1.92065 0.19634 100 100 100
-2.27270 -0.90892 0.19293 100 100 100
2.45933 -1.22093 0.20109 100 100 100
-2.15290 -1.31848 0.19631 100 100 100
0.39858 0.16826 0.20020 100 100 100
-2.44073 -0.56714 0.19260 100 100 100
2.16986 1.16846 0.20294 100 100 100
0.27156 -0.10990 0.20215 100 100 100
-0.92421 -1.38847 0.19743 100 100 100
-1.20679 1.70706 0.20687 100 100 100
-1.87723 -1.53662 0.19960 100 100 100
0.03049 -2.51572 0.20068 100 100 100
2.08971 -0.83060 0.19219 100 100 100
-2.12857 -2.16970 0.19609 100 100 100
-1.14861 -2.24978 0.19675 100 100 100
-1.00812 0.72176 0.20391 100 100 100
0.40933 2.57082 0.20482 100 100 100
-0.84675 1.13146 0.19715 100 100 100
-0.65839 -1.06322 0.20085 100 100 100
1.67972 -1.74492 0.20428 100 100 100
-1.10829 -1.88645 0.19830 100 100 100
2.85696 -0.80205 0.19269 100 100 100
-1.09435 -2.05573 0.20355 100 100 100
-1.51784 -1.59686 0.20212 100 100 100
1.12276 0.08840 0.20146 100 100 100
-2.18214 -1.80348 0.20480 100 100 100
1.54127 0.75721 0.20521 100 100 100
-1.94996 -0.27353 0.20311 100 100 100
-1.85263 -1.11581 0.19415 100 100 100
-1.81022 -2.37085 0.19244 100 100 100
1.07001 -1.12261 0.20175 100 100 100
-2.48765 0.42649 0.20033 100 100 100
-2.54334 0.30828 0.20070 100 100 100
-0.45936 -0.14511 0.20845 100 100 100
-0.96765 1.64739 0.20459 100 100 100
-0.08320 0.61043 0.19908 100 100 100
0.90915 0.72325 0.19632 100 100 100
0.45405 -0.71805 0.20322 100 100 100
1.48127 0.39775 0.20231 100 100 100
2.52226 -0.29964 0.19892 100 100 100
-0.28582 1.13891 0.18632 100 100 100
-0.56897 -1.83046 0.19521 100 100 100
-0.27088 -2.29255 0.20424 100 100 100
-1.10143 0.82999 0.19354 100 100 100
-1.31192 0.82652 0.20290 100 100 100
-1.85743 -1.31133 0.20222 100 100 100
2.31260 1.07750 0.19504 100 100 100
2.08382 0.28909 0.20450 100 100 100
-0.31600 -1.81060 0.19960 100 100 100
-2.79052 -0.34304 0.19926 100 100 100
2.78400 -0.02968 0.19425 100 100 100
-0.47996 1.51508 0.20649 100 100 100
-1.80149 1.84920 0.19404 100 100 100
-1.59478 -1.80480 0.19398 100 100 100
-0.30985 -0.74755 0.20071 100 100 100
-0.57889 0.50163 0.19510 100 100 100
0.03734 0.03594 0.21034 100 100 100
1.06122 0.48260 0.19506 100 100 100
1.04986 0.01156 0.20397 100 100 100
-0.66912 0.70910 0.20821 100 100 100
-0.34739 1.90594 0.20358 100 100 100
2.56784 0.34904 0.19622 100 100 100
-1.11178 -1.73874 0.20172 100 100 100
-1.38701 1.79136 0.20678 100 100 100
-1.69787 -0.49320 0.19250 100 100 100
1.62473 -1.86503 0.20549 100 100 100
-1.14981 1.32729 0.20246 100 100 100
0.35600 1.66064 0.20945 100 100 100
-0.52073 2.91871 0.20214 100 100 100
1.95867 0.49891 0.20076 100 100 100
0.31578 2.01417 0.20342 100 100 100
0.67183 -0.47376 0.19380 100 100 100
2.05935 2.08077 0.19592 100 100 100
-0.89679 1.61986 0.20035 100 100 100
1.73884 1.81771 0.19738 100 100 100
2.32996 0.90239 0.19694 100 100 100
-2.07785 1.98069 0.21019 100 100 100
1.25939 -2.56690 0.20897 100 100 100
1.16181 0.28383 0.18729 100 100 100
-0.39510 -0.92556 0.20020 100 100 100
2.73636 0.88532 0.19404 100 100 100
-0.24113 -1.57790 0.20575 100 100 100
2.72386 -0.60172 0.20111 100 100 100
-0.31984 1.92039 0.20733 100 100 100
-1.73720 0.47412 0.19569 100 100 100
-1.22901 -0.38090 0.19525 100 100 100
0.42317 2.97813 0.19891 100 100 100
0.73936 0.22054 0.19701 100 100 100
2.00882 0.91379 0.19954 100 100 100
-1.77135 1.88392 0.20593 100 100 100
0.53256 1.89857 0.20234 100 100 100
-1.65224 -0.14043 0.19852 100 100 100
1.11225 0.47548 0.20027 100 100 100
-0.51900 -1.24306 0.19209 100 100 100
1.69700 2.43107 0.19024 100 100 100
1.91603 0.41113 0.20606 100 100 100
-0.00672 0.55188 0.19619 100 100 100
-0.75316 -1.75250 0.20717 100 100 100
1.79251 1.57134 0.19847 100 100 100
0.36360 -2.37037 0.20067 100 100 100
-0.65628 -0.66745 0.20415 100 100 100
-0.55268 1.45744 0.20474 100 100 100
2.20420 1.40681 0.19743 100 100 100
2.55356 -1.62923 0.20036 100 100 100
0.23278 2.17098 0.19991 100 100 100
-0.60189 -0.66160 0.20189 100 100 100
-1.03128 -2.65975 0.20097 100 100 100
-1.97670 -0.40102 0.19635 100 100 100
-2.25570 -1.31855 0.20075 100 100 100
-0.43235 1.44618 0.19268 100 100 100
-2.42906 -1.48789 0.20002 100 100 100
0.70417 -1.40932 0.20059 100 100 100
0.42493 -2.50483 0.19510 100 100 100
0.32511 1.90313 0.19859 100 100 100
0.37693 -1.80614 0.19743 100 100 100
-0.56774 -1.20534 0.19753 100 100 100
-2.57306 1.08953 0.20379 100 100 100
-2.01750 0.17500 0.20231 100 100 100
-1.95794 -0.20160 0.20481 100 100 100
0.18341 -0.99875 0.21039 100 100 100
-0.87981 -0.74558 0.20549 100 100 100
1.06798 -1.51641 0.19232 100 100 100
0.27154 -0.57228 0.19672 100 100 100
2.02307 -1.21591 0.20671 100 100 100
0.93219 -0.93366 0.19803 100 100 100
2.57875 0.34056 0.19769 100 100 100
-1.59726 1.86272 0.20167 100 100 100
-1.46830 1.49359 0.19858 100 100 100
-0.52973 -1.26555 0.20855 100 100 100
-2.45109 -1.09310 0.19919 100 100 100
3.03283 -0.18117 0.21206 100 100 100
-1.89297 -1.74119 0.19720 100 100 100
-2.37165 -1.06234 0.19671 100 100 100
0.79554 -1.09181 0.19582 100 100 100
0.48174 -1.87509 0.19607 100 100 100
0.46869 0.74310 0.20362 100 100 100
-0.87044 0.08805 0.19328 100 100 100
2.03605 -0.10559 0.19498 100 100 100
-0.39914 -1.47293 0.20260 100 100 100
2.42396 0.36067 0.18915 100 100 100
2.72722 1.11022 0.19264 100 100 100
-0.23218 -1.98451 0.19974 100 100 100
0.15824 -1.07240 0.20204 100 100 100
0.58590 -1.25599 0.19832 100 100 100
-0.54629 1.98942 0.20218 100 100 100
0.71612 -1.94794 0.19570 100 100 100
2.25079 -0.11119 0.20757 100 100 100
-2.57150 -1.33332 0.20455 100 100 100
-2.37770 -1.68064 0.19593 100 100 100
0.08881 2.43962 0.19906 100 100 100
0.25623 1.17122 0.19018 100 100 100
1.24597 0.06168 0.20465 100 100 100
0.36353 1.62912 0.19360 100 100 100
1.50229 2.11765 0.19731 100 100 100
-1.45704 -2.38673 0.19853 100 100 100
2.38536 0.63016 0.19312 100 100 100
2.74840 -0.55178 0.19584 100 100 100
1.30816 -0.71965 0.20186 100 100 100
-1.00520 2.30656 0.19751 100 100 100
1.35520 -0.83811 0.20436 100 100 100
-2.44628 0.33234 0.20371 100 100 100
0.32581 -0.39632 0.19576 100 100 100
-0.90010 -2.20510 0.19773 100 100 100
2.40137 1.58630 0.19773 100 100 100
-0.35620 -1.51966 0.19798 100 100 100
-1.80949 -2.18344 0.20737 100 100 100
0.24514 -0.66879 0.20096 100 100 100
0.24392 -2.45728 0.19170 100 100 100
-0.21799 -1.96357 0.19673 100 100 100
-0.31042 -0.40377 0.19769 100 100 100
1.53629 -1.89950 0.20212 100 100 100
0.22158 -1.19948 0.20901 100 100 100
-0.19120 -2.14077 0.20394 100 100 100
1.08659 1.05427 0.19949 100 100 100
1.05789 -0.18702 0.19575 100 100 100
0.72478 -0.71572 0.20711 100 100 100
-2.36028 -0.53523 0.19852 100 100 100
1.09779 -0.79757 0.19290 100 100 100
-1.64718 -0.40206 0.20179 100 100 100
-1.30270 -0.42571 0.19382 100 100 100
0.59511 -0.90672 0.20330 100 100 100
-0.12117 0.10421 0.19803 100 100 100
-0.40286 -2.07747 0.19847 100 100 100
0.87937 -2.52617 0.18627 100 100 100
0.64816 -0.47572 0.20539 100 100 100
-0.88727 -0.90250 0.19410 100 100 100
-0.68838 2.79229 0.19639 100 100 100
0.58445 -2.85521 0.20095 100 100 100
2.50070 1.63937 0.19927 100 100 100
-1.42724 -1.95071 0.21148 100 100 100
-0.10048 -0.36844 0.19138 100 100 100
0.77403 -0.76798 0.19808 100 100 100
-1.13094 0.87536 0.20393 100 100 100
0.05021 -1.81001 0.19778 100 100 100
-1.65816 -0.71302 0.19998 100 100 100
-0.89008 -0.92812 0.21292 100 100 100
-0.50967 -1.17730 0.20033 100 100 100
1.64339 2.48600 0.20700 100 100 100
-0.05837 -0.91595 0.20325 100 100 100
0.34887 0.23762 0.20369 100 100 100
0.47302 -0.07761 0.19901 100 100 100
1.42667 1.77636 0.19186 100 100 100
1.43161 -0.12426 0.20544 100 100 100
-0.00863 2.11372 0.20278 100 100 100
-1.73915 1.14099 0.20268 100 100 100
-2.61956 -1.24283 0.19925 100 100 100
-1.21615 0.15750 0.19676 100 100 100
-0.45624 -1.64091 0.20661 100 100 100
-1.12107 -2.25058 0.20163 100 100 100
-1.48629 1.64628 0.19086 100 100 100
0.24650 -2.31740 0.19973 100 100 100
-2.07692 0.14773 0.19848 100 100 100
-2.03046 -1.87346 0.18687 100 100 100
-0.29344 -1.01855 0.19626 100 100 100
-2.22658 -1.97653 0.21298 100 100 100
1.14650 0.61319 0.18820 100 100 100
0.04889 -1.31780 0.19423 100 100 100
-1.44917 0.22617 0.18783 100 100 100
1.78314 1.92752 0.19209 100 100 100
0.85701 2.19836 0.19081 100 100 100
0.16637 0.96493 0.19408 100 100 100
2.16100 -1.85857 0.20858 100 100 100
-2.41888 -1.83007 0.20453 100 100 100
2.02213 0.73476 0.19870 100 100 100
0.14749 -0.43359 0.20837 100 100 100
-0.70962 -2.06405 0.19762 100 100 100
-2.31153 -0.21346 0.19522 100 100 100
0.61957 -1.20003 0.19783 100 100 100
0.06411 -0.56044 0.19208 100 100 100
-2.12849 -0.04192 0.19057 100 100 100
-0.23133 -2.83981 0.20330 100 100 100
1.50315 0.21965 0.20166 100 100 100
-1.85288 -0.03616 0.19356 100 100 100
-1.98252 2.11712 0.20234 100 100 100
0.28334 2.36505 0.20254 100 100 100
-2.23160 0.56207 0.19698 100 100 100
-1.36332 1.09328 0.19524 100 100 100
1.19065 2.74512 0.20396 100 100 100
2.54888 -0.00290 0.20224 100 100 100
0.92382 0.31301 0.20870 100 100 100
0.34542 -0.56265 0.20218 100 100 100
0.06144 -2.39419 0.19114 100 100 100
1.41255 0.71268 0.19234 100 100 100
-0.54334 0.84302 0.19891 100 100 100
-1.96298 -1.71808 0.20404 100 100 100
1.59451 2.34735 0.20160 100 100 100
-0.08945 -2.04245 0.19692 100 100 100
-0.99688 1.34946 0.19159 100 100 100
0.70803 0.87401 0.20734 100 100 100
-0.91002 -2.34015 0.20711 100 100 100
-0.00231 0.35952 0.19296 100 100 100
-1.50034 2.02275 0.20332 100 100 100
-2.73704 1.18461 0.20128 100 100 100
-1.73407 0.78601 0.20342 100 100 100
0.65465 -2.51755 0.20759 100 100 100
-0.43665 -0.57786 0.20713 100 100 100
1.07268 -1.42232 0.20253 100 100 100
0.27421 -2.04327 0.19878 100 100 100
2.25676 -0.95250 0.19850 100 100 100
-0.97410 1.35678 0.19891 100 100 100
-2.15837 -1.16874 0.21365 100 100 100
1.41650 -2.17341 0.20023 100 100 100
0.49156 -1.09597 0.20390 100 100 100
1.02573 -2.60558 0.20208 100 100 100
-2.28777 1.06843 0.19505 100 100 100
-3.02332 0.26476 0.20239 100 100 100
2.36031 1.28702 0.19669 100 100 100
1.21748 2.36639 0.19527 100 100 100
-0.38951 0.15088 0.20297 100 100 100
-0.74171 1.83824 0.19368 100 100 100
0.09431 1.69063 0.20439 100 100 100
1.57948 2.16833 0.20285 100 100 100
0.05367 -2.47372 0.20632 100 100 100
0.81239 -2.02291 0.20240 100 100 100
-1.83460 0.10373 0.19522 100 100 100
0.43839 -0.85955 0.20557 100 100 100
1.46600 -0.87317 0.20583 100 100 100
1.36354 1.93699 0.20447 100 100 100
0.80386 -1.44581 0.20367 100 100 100
1.02271 0.18031 0.19261 100 100 100
0.28891 0.24860 0.20428 100 100 100
-2.46590 1.53859 0.19375 100 100 100
-0.68636 -1.26702 0.19689 100 100 100
-2.93857 0.19902 0.19584 100 100 100
0.11606 0.44272 0.19216 100 100 100
-1.35312 -1.46226 0.20089 100 100 100
1.45607 -1.57494 0.19984 100 100 100
0.53544 -1.83930 0.20664 100 100 100
-0.27616 0.91391 0.20603 100 100 100
2.33127 -1.64769 0.20088 100 100 100
-2.21197 1.91156 0.20394 100 100 100
2.13077 -1.57359 0.19948 100 100 100
0.79796 0.60661 0.19945 100 100 100
1.40616 -0.60429 0.20063 100 100 100
-0.95635 1.34997 0.19925 100 100 100
-2.74918 1.10623 0.20106 100 100 100
1.43199 -2.32129 0.20332 100 100 100
-0.74523 -1.87108 0.19390 100 100 100
-2.03730 -0.73453 0.19796 100 100 100
-1.17992 -2.45533 0.20388 100 100 100
-0.75400 -0.10097 0.19723 100 100 100
1.88469 0.31380 0.19733 100 100 100
-0.68117 0.12841 0.20508 100 100 100
-2.30725 -1.77985 0.19630 100 100 100
1.37434 1.48969 0.20217 100 100 100
0.19561 1.27727 0.20075 100 100 100
0.39168 2.99260 0.20444 100 100 100
-2.76321 -0.72792 0.19967 100 100 100
0.33354 2.14852 0.19605 100 100 100
0.41628 2.90295 0.19674 100 100 100
-1.16293 0.58834 0.20828 100 100 100
0.63613 -2.59001 0.19733 100 100 100
-0.49357 2.63624 0.19701 100 100 100
-0.02301 2.34746 0.19769 100 100 100
-1.92058 -0.03187 0.19865 100 100 100
-0.97164 1.29208 0.19796 100 100 100
2.42905 -0.29334 0.20282 100 100 100
0.60202 -1.62492 0.20051 100 100 100
-0.85528 0.69214 0.19705 100 100 100
2.05622 1.92465 0.20361 100 100 100
0.54648 2.67149 0.20141 100 100 100
0.34625 -1.62760 0.20663 100 100 100
-0.26182 0.07259 0.20158 100 100 100
0.50097 1.40130 0.19936 100 100 100
-1.62403 -1.62196 0.19898 100 100 100
-1.61888 -1.94301 0.20073 100 100 100
-0.92583 1.70301 0.20184 100 100 100
1.74358 2.22181 0.19999 100 100 100
-1.43662 -0.60899 0.19780 100 100 100
-2.72776 -1.15599 0.20313 100 100 100
-2.36477 0.65567 0.20217 100 100 100
2.59306 -0.49669 0.20009 100 100 100
-0.96070 2.02467 0.20334 100 100 100
-3.04945 -0.05372 0.19962 100 100 100
-0.81611 -0.93013 0.20006 100 100 100
-0.75014 -1.91368 0.20316 100 100 100
0.88349 -1.29402 0.20400 100 100 100
0.28887 1.55930 0.20327 100 100 100
1.78309 -2.09179 0.19618 100 100 100
1.85700 1.37197 0.20188 100 100 100
0.90170 0.38935 0.20022 100 100 100
2.02740 -2.12957 0.20196 100 100 100
-0.52596 1.03075 0.20912 100 100 100
0.73897 -2.46313 0.19895 100 100 100
0.37807 -2.48329 0.20011 100 100 100
-1.25139 -2.47403 0.19719 100 100 100
0.68616 2.33735 0.19904 100 100 100
-1.67586 0.85839 0.19661 100 100 100
0.50033 -1.27869 0.19464 100 100 100
1.82799 1.29585 0.19022 100 100 100
-0.55267 -0.02077 0.19652 100 100 100
1.25592 1.81451 0.19687 100 100 100
1.01532 0.75963 0.19971 100 100 100
-2.28560 0.88069 0.19730 100 100 100
-0.71519 1.82200 0.20516 100 100 100
1.14345 -2.39895 0.20113 100 100 100
-2.33650 0.17704 0.20371 100 100 100
-0.12084 -2.15068 0.20492 100 100 100
-1.30794 -2.09961 0.20693 100 100 100
1.36966 -0.43266 0.20487 100 100 100
-0.18440 2.92469 0.19558 100 100 100
0.15600 -0.79612 0.20430 100 100 100
0.68286 1.65220 0.20160 100 100 100
0.47347 -0.55590 0.20673 100 100 100
1.63551 -1.66636 0.20013 100 100 100
0.77365 -1.71546 0.20572 100 100 100
-0.31409 0.65652 0.20050 100 100 100
1.50525 1.98444 0.20070 100 100 100
1.65082 -2.48758 0.20333 100 100 100
-0.84362 -0.53225 0.19843 100 100 100
-1.35644 0.45956 0.20276 100 100 100
-1.35844 0.83112 0.19241 100 100 100
2.02238 1.49539 0.20242 100 100 100
-1.14356 -1.51228 0.19364 100 100 100
-2.62699 -0.34539 0.20277 100 100 100
2.01400 -0.49990 0.18440 100 100 100
-0.21188 -0.41626 0.19093 100 100 100
1.24241 -0.27254 0.20026 100 100 100
1.10118 1.32839 0.20035 100 100 100
-0.99966 -2.21378 0.19874 100 100 100
0.98907 -2.31410 0.20361 100 100 100
-1.86889 -1.56892 0.20466 100 100 100
-0.56884 -0.50056 0.21265 100 100 100
1.03423 1.53755 0.20022 100 100 100
-1.05176 2.19150 0.20517 100 100 100
-1.64099 -1.80458 0.19586 100 100 100
-2.28858 0.39189 0.19727 100 100 100
1.29804 -1.50951 0.19590 100 100 100
0.04933 -0.28487 0.19945 100 100 100
-2.22603 -0.49667 0.20112 100 100 100
-1.19022 -1.00853 0.20521 100 100 100
-1.00493 -1.50632 0.20173 100 100 100
-1.32243 -1.95159 0.20668 100 100 100
-0.70120 -1.98986 0.20677 100 100 100
-2.00520 0.03556 0.20020 100 100 100
1.38374 1.36321 0.19948 100 100 100
2.56213 -0.74186 0.19238 100 100 100
2.13405 0.22144 0.19729 100 100 100
2.38776 0.24968 0.19595 100 100 100
0.86550 -0.35273 0.19617 100 100 100
-2.38107 0.08407 0.19788 100 100 100
0.30006 -0.66396 0.20263 100 100 100
-2.01762 1.76273 0.20145 100 100 100
-0.28360 0.13141 0.20494 100 100 100
-0.72830 -2.52908 0.20192 100 100 100
-2.21543 -0.12335 0.19704 100 100 100
2.08073 -1.49944 0.20378 100 100 100
-0.54212 -1.40768 0.19315 100 100 100
-2.17880 -0.37699 0.20489 100 100 100
1.34596 -2.45798 0.19617 100 100 100
-1.35081 -0.39151 0.18852 100 100 100
-0.15036 0.46655 0.20272 100 100 100
1.92497 1.81639 0.19845 100 100 100
-1.51092 2.06455 0.20587 100 100 100
-0.78402 -0.88437 0.20481 100 100 100
1.77173 -0.20476 0.19507 100 100 100
-0.05521 -1.96931 0.20762 100 100 100
-0.44137 -0.40911 0.19058 100 100 100
0.55488 1.79912 0.20232 100 100 100
-0.24949 -0.90084 0.20712 100 100 100
-3.00834 -0.43695 0.19492 100 100 100
-0.20931 -3.01468 0.21056 100 100 100
-1.52340 1.71748 0.20081 100 100 100
-2.09179 0.28926 0.20186 100 100 100
-2.95773 -0.48803 0.20587 100 100 100
-1.61347 1.89884 0.20209 100 100 100
-0.97653 -0.52664 0.19338 100 100 100
-0.23177 1.38602 0.18392 100 100 100
2.19064 1.13957 0.19512 100 100 100
1.29153 2.67371 0.19556 100 100 100
-1.75727 0.06442 0.19526 100 100 100
0.95184 0.42700 0.19684 100 100 100
-2.01163 1.73618 0.18576 100 100 100
-0.62234 -1.23459 0.19404 100 100 100
-0.94386 -0.07209 0.20273 100 100 100
-2.39104 -0.83665 0.20521 100 100 100
-0.36045 -2.22520 0.19636 100 100 100
1.46604 1.39236 0.20345 100 100 100
-0.06106 0.70198 0.18705 100 100 100
-0.30802 0.16302 0.20135 100 100 100
-0.22392 1.95587 0.20592 100 100 100
-2.19471 0.88813 0.20258 100 100 100
2.24169 -1.76950 0.19987 100 100 100
1.77272 1.55193 0.18725 100 100 100
-0.58906 2.04627 0.20945 100 100 100
0.85964 -0.94717 0.20970 100 100 100
-1.11065 -0.48059 0.20350 100 100 100
2.34244 -0.44700 0.20666 100 100 100
0.85052 1.60550 0.20001 100 100 100
0.04328 -1.20311 0.20381 100 100 100
1.02220 -1.63125 0.20420 100 100 100
2.52811 -0.67399 0.19968 100 100 100
0.46597 0.71217 0.19587 100 100 100
-1.08447 -0.24779 0.20438 100 100 100
-1.91353 1.33545 0.20939 100 100 100
-1.77950 -1.39775 0.20621 100 100 100
1.05284 0.57442 0.20170 100 100 100
-2.33368 0.38757 0.20132 100 100 100
2.38508 0.43912 0.20161 100 100 100
-0.32072 0.81794 0.18858 100 100 100
1.12831 -2.34040 0.19947 100 100 100
-1.00153 0.21004 0.19892 100 100 100
1.57891 -2.13590 0.19396 100 100 100
1.40042 0.53577 0.20527 100 100 100
-0.44714 -1.37717 0.20141 100 100 100
2.32152 0.91852 0.18691 100 100 100
1.39020 2.05614 0.20117 100 100 100
0.52381 -1.49586 0.20638 100 100 100
2.97411 0.37008 0.19702 100 100 100
-1.39013 1.29606 0.19488 100 100 100
1.78747 -0.75624 0.19355 100 100 100
0.76638 1.13089 0.20050 100 100 100
0.69617 -0.23662 0.19637 100 100 100
0.92356 2.60157 0.19265 100 100 100
-0.22054 1.75031 0.20810 100 100 100
-1.38085 -1.62917 0.20102 100 100 100
2.69847 0.11074 0.19738 100 100 100
-0.25406 -0.96602 0.20837 100 100 100
1.97076 -1.36613 0.20137 100 100 100
-1.13426 1.44667 0.19933 100 100 100
-2.19864 -1.71352 0.20109 100 100 100
-1.18760 1.48629 0.19736 100 100 100
-1.06317 -2.78245 0.19930 100 100 100
-1.83745 -0.31377 0.20292 100 100 100
-0.54152 -0.00905 0.20841 100 100 100
2.13560 0.72800 0.19725 100 100 100
-0.57815 -0.93218 0.20314 100 100 100
-1.13698 -0.04289 0.19263 100 100 100
-0.91214 1.91073 0.20253 100 100 100
-1.62171 0.20777 0.20902 100 100 100
-1.08903 1.96647 0.20012 100 100 100
-0.32720 2.45486 0.19711 100 100 100
2.09421 1.99677 0.19734 100 100 100
0.30796 1.60592 0.20242 100 100 100
1.49505 1.58578 0.20030 100 100 100
2.65571 0.16897 0.19798 100 100 100
-0.17891 -2.32142 0.20327 100 100 100
1.51942 1.02482 0.19561 100 100 100
-0.70679 0.54923 0.20433 100 100 100
-0.79828 -1.06315 0.19842 100 100 100
-0.15374 -0.56485 0.20329 100 100 100
2.11930 1.10749 0.20420 100 100 100
1.59517 -1.47021 0.19029 100 100 100
1.41206 0.88978 0.19965 100 100 100
-2.96191 -0.24719 0.19235 100 100 100
0.94671 -1.94044 0.19135 100 100 100
-2.92839 0.79525 0.19883 100 100 100
1.84956 -0.00405 0.20154 100 100 100
-0.65932 -2.31402 0.19228 100 100 100
-0.89929 1.44059 0.20136 100 100 100
2.61355 1.35676 0.19563 100 100 100
0.70254 -1.37636 0.20034 100 100 100
0.92811 -0.98224 0.21265 100 100 100
-1.65889 -1.78096 0.19841 100 100 100
-0.84502 1.52138 0.19431 100 100 100
-2.60774 -1.14519 0.19991 100 100 100
1.06301 0.01829 0.19905 100 100 100
-0.65555 0.37461 0.19827 100 100 100
0.50313 -0.04334 0.20017 100 100 100
0.38555 1.63500 0.19908 100 100 100
-1.12028 -2.49867 0.19381 100 100 100
2.31487 1.79444 0.20412 100 100 100
-0.36513 -2.87568 0.20657 100 100 100
-2.73666 1.08358 0.19814 100 100 100
-0.90003 1.40309 0.20175 100 100 100
-2.26522 -0.07955 0.18977 100 100 100
0.75508 -1.64034 0.19991 100 100 100
1.35062 -2.17735 0.20962 100 100 100
-1.75144 2.32085 0.20400 100 100 100
-0.83135 -0.91780 0.20077 100 100 100
-0.93728 1.89818 0.19978 100 100 100
-1.95020 0.60939 0.19851 100 100 100
-1.61421 -2.41637 0.20210 100 100 100
-0.10275 2.86883 0.20514 100 100 100
-1.28281 2.52311 0.19749 100 100 100
1.32788 2.27511 0.20376 100 100 100
-2.34636 -1.73934 0.19596 100 100 100
1.72082 -2.51257 0.19781 100 100 100
0.95798 -0.54160 0.19444 100 100 100
2.72546 -1.02668 0.20080 100 100 100
0.41822 -2.22774 0.20042 100 100 100
-1.55844 0.26653 0.20198 100 100 100
0.88056 -2.12607 0.20154 100 100 100
-0.07717 2.14719 0.20362 100 100 100
-2.23790 -0.15384 0.21042 100 100 100
1.62213 -0.91182 0.20366 100 100 100
-2.16220 -1.15522 0.19013 100 100 100
-1.92320 -1.61270 0.19876 100 100 100
-0.54880 -0.52391 0.19982 100 100 100
0.88724 -2.52558 0.19208 100 100 100
1.94442 1.13550 0.20415 100 100 100
-2.00020 2.03226 0.20894 100 100 100
2.26740 -0.95564 0.19567 100 100 100
2.96745 -0.66130 0.20632 100 100 100
-2.45009 -0.94999 0.20537 100 100 100
-0.62731 1.92961 0.20137 100 100 100
0.88770 -1.19723 0.20415 100 100 100
1.87832 -1.53658 0.19618 100 100 100
-0.62962 2.05673 0.20575 100 100 100
-0.19949 -1.99529 0.20633 100 100 100
2.64639 -0.83831 0.20239 100 100 100
-2.65990 1.20740 0.20153 100 100 100
1.79726 1.01046 0.19603 100 100 100
0.26879 -0.46431 0.20473 100 100 100
-1.32033 -2.53677 0.20007 100 100 100
0.03285 -0.63567 0.19932 100 100 100
-1.09523 -1.72622 0.20472 100 100 100
-1.53806 0.84909 0.19856 100 100 100
1.78702 -0.40497 0.19647 100 100 100
-1.75252 -1.69639 0.20544 100 100 100
-2.78585 -0.44639 0.19245 100 100 100
-2.42671 -0.89960 0.20364 100 100 100
0.17212 -2.00579 0.19384 100 100 100
-2.07363 -1.69524 0.19095 100 100 100
2.19461 1.09325 0.20329 100 100 100
-0.36758 2.10551 0.20162 100 100 100
-1.75686 -0.14635 0.19684 100 100 100
1.08282 1.83422 0.19422 100 100 100
1.66837 -2.12903 0.20169 100 100 100
0.42020 -2.49019 0.19766 100 100 100
0.11283 -2.73942 0.20395 100 100 100
-2.96426 0.61089 0.19712 100 100 100
-0.74690 2.91024 0.19787 100 100 100
1.53407 -2.48853 0.20554 100 100 100
-1.59435 2.11560 0.19486 100 100 100
-2.83660 -1.09236 0.19272 100 100 100
-0.55981 2.02586 0.19533 100 100 100
1.14815 -0.12612 0.20121 100 100 100
-0.72230 -2.64342 0.20956 100 100 100
1.23786 -0.27874 0.20076 100 100 100
2.11822 -0.53434 0.19564 100 100 100
0.73341 2.80164 0.19586 100 100 100
-0.32374 -2.68198 0.20205 100 100 100
-1.67409 0.36632 0.19133 100 100 100
-1.00756 -1.07551 0.19059 100 100 100
-2.32455 0.50669 0.20098 100 100 100
2.48353 0.93145 0.20442 100 100 100
-1.12119 -2.41956 0.20455 100 100 100
-2.66100 0.21012 0.20173 100 100 100
0.10894 0.12145 0.20598 100 100 100
-1.43318 -2.11355 0.19906 100 100 100
1.33351 2.08276 0.19811 100 100 100
1.37950 -1.35259 0.19974 100 100 100
3.02112 0.40317 0.20148 100 100 100
-1.79634 0.97397 0.21945 100 100 100
-0.44543 0.67494 0.19902 100 100 100
0.55333 -0.49871 0.20090 100 100 100
-0.07905 -1.98911 0.20869 100 100 100
-0.21740 2.38383 0.20277 100 100 100
-1.61557 2.58529 0.19160 100 100 100
-1.31753 -1.52180 0.20860 100 100 100
2.26274 -0.46265 0.20162 100 100 100
-2.33032 1.55346 0.18581 100 100 100
1.30330 -2.21446 0.19797 100 100 100
-0.58415 -2.85199 0.19640 100 100 100
-0.66129 -2.34748 0.19763 100 100 100
0.20760 2.94651 0.19982 100 100 100
2.39955 0.45418 0.20361 100 100 100
-1.07147 0.20759 0.20634 100 100 100
-1.38482 -1.13047 0.20652 100 100 100
-2.05597 0.29110 0.20801 100 100 100
-2.03952 1.81404 0.19900 100 100 100
-0.39825 1.61402 0.18955 100 100 100
1.35844 -1.65496 0.18749 100 100 100
0.69772 1.26451 0.20387 100 100 100
1.86525 0.06292 0.19970 100 100 100
1.25573 1.01475 0.20749 100 100 100
-2.76742 1.03979 0.20232 100 100 100
-2.69594 -1.06999 0.19123 100 100 100
-0.84392 -2.46634 0.19698 100 100 100
-0.99065 -0.39859 0.20214 100 100 100
-1.96176 -2.21758 0.19443 100 100 100
0.89633 0.80910 0.20753 100 100 100
-0.66065 0.26600 0.19780 100 100 100
-0.16091 -0.62044 0.19839 100 100 100
-0.72572 1.44129 0.19198 100 100 100
-0.05667 1.22278 0.21019 100 100 100
-0.20372 1.24331 0.19902 100 100 100
-1.17909 1.11859 0.20145 100 100 100
2.86367 0.06767 0.19614 100 100 100
2.39131 -1.64319 0.19803 100 100 100
0.79389 2.79279 0.20154 100 100 100
1.67617 -2.11402 0.20217 100 100 100
2.32497 0.85519 0.20288 100 100 100
-0.42670 2.30212 0.20506 100 100 100
-2.92848 -0.81807 0.20347 100 100 100
1.04923 1.34321 0.20273 100 100 100
2.60500 -0.20955 0.19671 100 100 100
-0.71992 -0.29306 0.19887 100 100 100
0.31670 -0.84653 0.19386 100 100 100
-0.40421 2.29767 0.19750 100 100 100
1.03808 2.62590 0.20213 100 100 100
1.66414 -2.37103 0.20201 100 100 100
0.09242 0.49764 0.20331 100 100 100
-1.20682 1.09013 0.20736 100 100 100
-0.16791 -2.81603 0.19343 100 100 100
0.23375 2.25106 0.19067 100 100 100
-0.69859 -1.02581 0.19869 100 100 100
1.98277 -0.56194 0.20737 100 100 100
-2.63141 -0.64375 0.20721 100 100 100
-0.34114 2.66703 0.20099 100 100 100
2.62846 -1.04006 0.19857 100 100 100
0.38666 -0.22402 0.20131 100 100 100
-1.20191 -1.19393 0.20560 100 100 100
0.01152 -1.67929 0.19610 100 100 100
0.01940 -1.55218 0.19715 100 100 100
-1.89641 0.68133 0.20048 100 100 100
-0.18689 1.95463 0.20560 100 100 100
1.76193 0.78438 0.20418 100 100 100
1.92490 0.59165 0.19015 100 100 100
1.60994 0.55843 0.20419 100 100 100
0.20732 3.01402 0.19993 100 100 100
1.75061 1.49767 0.20318 100 100 100
1.98436 0.61209 0.19892 100 100 100
-1.29339 -0.74598 0.20250 100 100 100
-0.82487 1.30248 0.20023 100 100 100
2.65770 -0.01113 0.19728 100 100 100
-0.97296 -1.70805 0.19621 100 100 100
1.61412 -0.65100 0.19904 100 100 100
1.20814 0.52065 0.19353 100 100 100
-0.22670 3.03268 0.19779 100 100 100
0.35825 -1.79953 0.19839 100 100 100
-0.98575 -0.90586 0.20518 100 100 100
-1.69719 1.99520 0.20332 100 100 100
1.56426 -2.44002 0.21006 100 100 100
-2.65306 -0.00771 0.19161 100 100 100
1.61020 -0.93271 0.19872 100 100 100
-2.49614 -0.76486 0.20616 100 100 100
-1.46737 -0.90278 0.20137 100 100 100
-0.78055 1.98164 0.19891 100 100 100
0.85517 0.47009 0.19534 100 100 100
1.62397 0.13650 0.20347 100 100 100
-0.52351 2.11035 0.20093 100 100 100
0.48677 -0.66799 0.19831 100 100 100
-1.37167 2.22396 0.20504 100 100 100
0.98362 -1.69510 0.21119 100 100 100
2.21714 -0.12516 0.19556 100 100 100
-1.87688 0.86745 0.20292 100 100 100
-2.36358 1.01298 0.20069 100 100 100
1.44774 -1.95494 0.20325 100 100 100
-2.37999 -0.94560 0.20660 100 100 100
0.72509 -1.27868 0.20711 100 100 100
-0.71481 -2.30856 0.19751 100 100 100
-1.55197 1.56139 0.19171 100 100 100
-0.50753 -0.65894 0.19953 100 100 100
0.70766 0.12578 0.19956 100 100 100
-2.32468 -0.01949 0.18624 100 100 100
1.97194 1.24280 0.20507 100 100 100
-2.54126 -0.85433 0.19737 100 100 100
1.01561 -2.46667 0.19974 100 100 100
1.10176 1.73927 0.19715 100 100 100
-1.58099 1.22072 0.19896 100 100 100
-1.82167 -0.54392 0.20638 100 100 100
0.87950 2.82755 0.20042 100 100 100
2.47831 0.52022 0.21061 100 100 100
1.80158 0.01631 0.20315 100 100 100
-0.08737 2.55632 0.20351 100 100 100
-0.78297 2.10024 0.19898 100 100 100
-2.25784 0.50859 0.19970 100 100 100
1.69087 -2.37720 0.20516 100 100 100
-2.05484 1.19114 0.20594 100 100 100
2.51318 1.45408 0.20133 100 100 100
-1.02692 1.96884 0.20278 100 100 100
-0.92019 2.50611 0.19930 100 100 100
-2.00603 -0.94234 0.20110 100 100 100
-1.36459 -1.84354 0.20044 100 100 100
2.00049 0.00634 0.20020 100 100 100
-2.39595 -0.61295 0.20501 100 100 100
0.01863 0.79336 0.19975 100 100 100
0.18210 -2.51460 0.19685 100 100 100
-1.15075 1.87930 0.19865 100 100 100
2.24140 -1.31124 0.19857 100 100 100
-0.25040 0.18838 0.20220 100 100 100
-0.97147 1.32929 0.19721 100 100 100
1.52484 1.71743 0.20563 100 100 100
0.94531 1.84996 0.19865 100 100 100
-0.46287 -0.89578 0.20785 100 100 100
-0.63702 -0.30711 0.20013 100 100 100
-1.84232 -0.60106 0.20264 100 100 100
1.31955 1.45984 0.20497 100 100 100
1.47909 1.16015 0.20612 100 100 100
-2.73551 1.11980 0.20314 100 100 100
1.32433 -0.39991 0.21311 100 100 100
-2.26470 1.23602 0.20002 100 100 100
-3.28508 1.79683 8.99832 220 220 220
3.04372 -2.14908 9.00761 220 220 220
2.09787 2.91081 8.99189 220 220 220
3.42938 -1.02989 9.00902 220 220 220
-0.97626 -3.48573 8.99322 220 220 220
-3.42115 -1.03086 8.99938 220 220 220
-3.42463 1.17015 9.00183 220 220 220
3.34025 -1.57322 9.00488 220 220 220
1.32077 -3.34778 8.99199 220 220 220
-3.52867 -1.13479 9.00082 220 220 220
1.48902 -3.42531 8.99692 220 220 220
-3.31883 -1.28195 9.00496 220 220 220
-0.51199 -3.62348 8.99685 220 220 220
-2.32409 -2.70421 8.99030 220 220 220
1.24419 3.44371 9.00182 220 220 220
0.72202 3.48361 8.99984 220 220 220
-0.64007 -3.59428 9.00887 220 220 220
-0.68723 3.57122 9.00480 220 220 220
2.93327 -2.32306 8.99560 220 220 220
-3.51326 -0.72445 9.00486 220 220 220
2.30052 2.73284 9.00048 220 220 220
0.36310 -3.54645 9.00356 220 220 220
-0.01814 -3.57856 8.99621 220 220 220
-2.14123 -2.97885 8.99810 220 220 220
3.14862 -2.02725 9.00325 220 220 220
-0.08985 -3.66936 9.00365 220 220 220
0.50994 -3.64614 8.98946 220 220 220
-3.67297 -0.10124 9.00289 220 220 220
0.32172 -3.57142 8.99578 220 220 220
-3.35507 1.65079 9.00117 220 220 220
-3.55940 1.17527 8.99173 220 220 220
-2.88861 -2.11812 9.00442 220 220 220
0.15690 -3.59739 9.00338 220 220 220
3.07734 1.99125 8.99587 220 220 220
-3.71627 0.36562 9.00201 220 220 220
3.65454 0.30830 8.99982 220 220 220
-3.62652 -0.04016 9.00302 220 220 220
-3.31093 1.48154 8.99308 220 220 220
3.36041 1.37633 8.99394 220 220 220
-2.28146 2.95910 8.99634 220 220 220
-0.74045 3.63043 8.99974 220 220 220
2.90407 -2.31035 9.00816 220 220 220
-3.29271 1.35039 9.00086 220 220 220
3.08043 1.88822 9.00473 220 220 220
-3.00251 2.17519 8.99562 220 220 220
-2.24007 -2.78526 8.99714 220 220 220
3.11748 -1.80711 8.99662 220 220 220
2.58845 -2.66530 8.99901 220 220 220
-3.39945 1.36444 9.00333 220 220 220
-2.45370 -2.71592 8.99832 220 220 220
3.53485 -0.73366 8.99849 220 220 220
2.11622 2.87392 9.00290 220 220 220
2.76462 -2.49446 8.99747 220 220 220
2.04480 -2.94727 8.99613 220 220 220
3.14331 -1.86843 8.99832 220 220 220
3.59048 -0.75889 9.00912 220 220 220
1.86190 3.13564 9.00440 220 220 220
-3.44748 -1.38024 9.00949 220 220 220
1.79735 3.06257 8.99349 220 220 220
-0.46553 3.59376 9.00195 220 220 220
1.01581 -3.54865 8.99814 220 220 220
2.58328 -2.44941 8.99844 220 220 220
-3.60061 0.99131 8.99230 220 220 220
-0.05214 -3.62670 9.00650 220 220 220
1.03476 3.52146 8.99189 220 220 220
-3.39514 1.04372 9.00445 220 220 220
3.65798 0.09553 8.99803 220 220 220
0.64452 -3.53392 8.99544 220 220 220
-0.37413 3.59900 8.99522 220 220 220
3.65190 0.79714 9.00025 220 220 220
-2.20264 2.96631 8.99817 220 220 220
-2.30781 2.86701 9.00002 220 220 220
-0.71284 -3.67939 8.99007 220 220 220
-2.39436 2.67031 8.98968 220 220 220
-1.12098 3.38154 8.99090 220 220 220
3.69984 0.18926 9.00401 220 220 220
0.70245 -3.48464 9.00724 220 220 220
3.32207 1.64437 8.99868 220 220 220
-2.00897 3.05048 9.00372 220 220 220
0.08299 3.59540 9.00173 220 220 220
3.53368 -1.02494 9.00584 220 220 220
-2.86600 -2.26053 9.00603 220 220 220
3.52893 0.65240 8.99382 220 220 220
-1.67431 -3.31298 9.00096 220 220 220
2.67339 -2.42441 9.00428 220 220 220
-1.77077 -3.13442 9.00430 220 220 220
-3.64977 -0.54528 9.00383 220 220 220
-1.68524 3.22103 8.99984 220 220 220
-2.65205 -2.46391 9.00338 220 220 220
3.54121 0.93809 8.99290 220 220 220
0.57922 3.63729 8.99314 220 220 220
3.13768 -1.71437 9.00754 220 220 220
-0.91142 -3.61649 9.00544 220 220 220
3.00295 2.03185 9.00791 220 220 220
-1.71944 -3.15139 8.99923 220 220 220
2.88834 -2.10925 8.99511 220 220 220
-1.78193 -3.27719 8.99907 220 220 220
-2.99963 -1.92289 9.00969 220 220 220
-3.69083 0.12231 8.99581 220 220 220
-2.98808 -1.92449 8.99913 220 220 220
2.56954 -2.69870 9.00609 220 220 220
-1.50284 3.41660 9.00040 220 220 220
0.50308 -3.56926 8.99806 220 220 220
-2.25274 -2.76014 9.00378 220 220 220
2.42489 2.60378 8.99762 220 220 220
0.26594 3.73236 9.00239 220 220 220
2.73966 -2.45624 8.98793 220 220 220
-1.68313 3.34070 8.99124 220 220 220
-3.07037 1.96893 8.99883 220 220 220
-1.84349 3.22105 9.00667 220 220 220
-3.51087 -1.28890 8.99918 220 220 220
3.29543 1.45234 8.99974 220 220 220
-3.33112 1.27948 9.00125 220 220 220
-3.60727 0.00514 8.99794 220 220 220
1.43747 -3.36694 8.99195 220 220 220
0.85735 3.58926 9.00344 220 220 220
-2.85715 2.42150 9.00133 220 220 220
-3.65532 -0.62198 9.00171 220 220 220
1.30642 -3.32017 8.99443 220 220 220
-1.11095 -3.56543 9.00763 220 220 220
3.57175 1.03861 8.99785 220 220 220
-2.09887 2.91743 9.00715 220 220 220
0.75751 3.65123 8.98945 220 220 220
2.57734 2.50829 8.99787 220 220 220
-0.58170 3.60969 9.00761 220 220 220
-3.33775 -1.60771 8.99929 220 220 220
1.45709 -3.25872 8.98772 220 220 220
2.77016 -2.44162 8.99520 220 220 220
-1.87109 3.13966 9.00140 220 220 220
0.44762 3.62577 9.00718 220 220 220
-3.28711 -1.64342 8.99856 220 220 220
-1.78744 -3.08514 9.00548 220 220 220
-3.38132 -1.16404 9.00197 220 220 220
1.72683 -3.14299 8.99794 220 220 220
-2.84062 2.18055 9.00394 220 220 220
-1.78853 3.17167 9.00480 220 220 220
-3.35302 -1.49532 8.99856 220 220 220
-1.91816 -3.01969 8.99640 220 220 220
-1.87114 3.19201 8.99191 220 220 220
-0.08654 3.71941 9.00209 220 220 220
3.49197 -0.74144 8.99712 220 220 220
-0.93910 -3.45923 9.00261 220 220 220
-2.74802 -2.36434 9.00146 220 220 220
-0.79869 3.59498 9.00176 220 220 220
3.14243 -1.68889 8.99918 220 220 220
-3.56204 -0.64916 8.99362 220 220 220
-0.47101 3.71850 9.00236 220 220 220
-2.35615 2.79474 9.00419 220 220 220
-2.49024 2.57957 9.01163 220 220 220
3.58942 0.78200 8.99703 220 220 220
-3.04692 1.95939 8.99476 220 220 220
-0.25102 3.72001 8.99416 220 220 220
-3.57354 1.10460 8.99975 220 220 220
-3.33994 -1.33820 9.00401 220 220 220
-1.91371 3.20652 9.00445 220 220 220
3.63813 0.70655 9.00784 220 220 220
3.21694 -1.57511 9.00193 220 220 220
2.74726 2.50226 8.99400 220 220 220
-2.11945 2.89310 9.00120 220 220 220
-0.50656 -3.51569 8.98950 220 220 220
2.69258 -2.54721 8.99827 220 220 220
-2.19808 -2.87686 8.99788 220 220 220
0.22534 3.72791 9.00230 220 220 220
-1.88276 -3.11518 9.00220 220 220 220
-3.00450 2.11346 8.99630 220 220 220
-0.12092 -3.69821 8.99645 220 220 220
-2.94569 2.27118 9.00032 220 220 220
3.05428 1.87961 9.00238 220 220 220
-3.54136 -0.59938 9.00368 220 220 220
3.59757 0.97786 8.99757 220 220 220
-2.57835 -2.52604 8.99975 220 220 220
-1.51033 3.35437 8.99479 220 220 220
2.63105 -2.40490 8.99486 220 220 220
-3.68470 -0.02076 8.99033 220 220 220
3.50637 0.76138 8.99684 220 220 220
-2.39167 -2.83676 9.00639 220 220 220
1.80457 -3.22944 9.00708 220 220 220
3.52405 1.02083 9.00284 220 220 220
-0.11463 -3.57898 9.00503 220 220 220
0.26040 -3.59470 9.00405 220 220 220
-1.50314 -3.22563 9.00087 220 220 220
-3.60722 0.22447 8.98782 220 220 220
-2.17905 -2.90000 9.01133 220 220 220
-3.63662 0.23824 8.99896 220 220 220
-2.67295 2.62928 8.99894 220 220 220
3.51740 1.13550 9.00730 220 220 220
-3.62892 0.08437 9.00080 220 220 220
0.76611 -3.64009 9.01259 220 220 220
3.44066 1.13991 8.99584 220 220 220
3.52499 0.84029 9.00518 220 220 220
1.72942 3.11522 8.99877 220 220 220
-1.03533 3.55021 9.00050 220 220 220
-3.59136 -0.00068 8.99560 220 220 220
1.70666 -3.16751 8.99685 220 220 220
3.55782 0.67081 9.00645 220 220 220
0.73934 -3.64087 9.00259 220 220 220
-0.82524 -3.63015 9.00212 220 220 220
-3.66149 0.01763 8.99184 220 220 220
1.32358 3.49314 8.99198 220 220 220
3.12988 1.85205 8.99539 220 220 220
2.00300 3.07792 8.99802 220 220 220
-1.85803 3.24144 8.99949 220 220 220
-3.58723 -0.70385 9.00158 220 220 220
-2.13078 2.95555 9.00511 220 220 220
-3.31623 -1.28352 9.00735 220 220 220
2.73941 -2.52660 9.00097 220 220 220
2.46057 2.61228 8.99577 220 220 220
2.87020 -2.24315 9.00365 220 220 220
1.27157 3.48496 9.00092 220 220 220
-3.64986 0.17181 9.00233 220 220 220
-0.38032 -3.68756 9.00603 220 220 220
-1.21860 -3.51271 8.99806 220 220 220
0.19063 -3.71684 9.00728 220 220 220
-0.80768 -3.47366 8.99288 220 220 220
3.57408 0.36064 9.00364 220 220 220
-3.73114 0.09440 8.99675 220 220 220
-2.61364 2.48093 9.00112 220 220 220
3.32045 -1.61520 9.00164 220 220 220
3.51005 -1.02687 8.99825 220 220 220
-0.14717 3.73481 8.99679 220 220 220
-0.85093 -3.50019 8.99575 220 220 220
0.29986 3.69996 9.00143 220 220 220
-0.03237 -3.63312 9.00317 220 220 220
-1.09305 3.42910 9.00910 220 220 220
-0.44378 -3.62246 8.99872 220 220 220
3.60657 0.62039 8.99232 220 220 220
-1.04534 -3.41624 9.00236 220 220 220
-3.15356 1.71411 8.99130 220 220 220
-0.26692 -3.72273 9.00801 220 220 220
3.09099 2.00504 9.00379 220 220 220
2.49365 -2.72254 8.99496 220 220 220
-1.83495 -3.12286 8.99207 220 220 220
-2.51914 2.65414 8.99569 220 220 220
-1.93545 2.98543 9.00266 220 220 220
-1.00863 3.43428 8.99615 220 220 220
-3.17785 -1.98193 9.00372 220 220 220
3.48349 0.87965 9.00469 220 220 220
-0.86416 -3.54576 8.99714 220 220 220
0.85426 -3.63746 9.00442 220 220 220
-0.07721 3.68109 9.00604 220 220 220
2.28531 2.76088 9.00283 220 220 220
3.58298 -0.64865 9.00273 220 220 220
-2.42713 -2.71792 8.99719 220 220 220
-1.25821 -3.42253 9.01015 220 220 220
-2.50512 -2.74870 8.99509 220 220 220
0.01739 3.66245 8.99779 220 220 220
1.18139 -3.51068 9.00469 220 220 220
-3.59968 0.42189 8.99812 220 220 220
-0.31077 3.67722 8.99850 220 220 220
-3.02734 -2.01567 8.99319 220 220 220
2.75754 -2.47364 8.99765 220 220 220
0.60706 -3.64798 9.01207 220 220 220
-0.86418 -3.51463 8.99820 220 220 220
-0.39603 3.60084 9.00640 220 220 220
-0.67296 3.65392 8.99750 220 220 220
1.78732 -3.20631 8.99467 220 220 220
1.12944 -3.49657 8.99610 220 220 220
2.40692 -2.86509 9.00363 220 220 220
3.41018 -1.13983 8.98909 220 220 220
-2.42573 2.73503 9.00852 220 220 220
-2.90574 -2.10830 9.00239 220 220 220
-3.30901 -1.41519 8.99813 220 220 220
-1.21374 3.46677 8.99603 220 220 220
-3.42477 -1.02060 8.99739 220 220 220
3.56300 -0.35379 9.00575 220 220 220
3.30920 -1.41674 8.99211 220 220 220
-3.62623 -0.44133 8.99972 220 220 220
0.12227 3.74003 9.00565 220 220 220
1.87874 -3.17285 8.98987 220 220 220
2.29082 -2.88244 8.99686 220 220 220
-3.34539 -1.39672 8.99243 220 220 220
-3.49618 0.71391 8.99356 220 220 220
1.53893 3.37576 9.00108 220 220 220
-1.71075 3.11971 9.00325 220 220 220
3.68340 0.33758 8.99795 220 220 220
-3.35680 1.36547 8.99250 220 220 220
2.52748 2.62863 8.99567 220 220 220
-3.63351 -0.39929 9.00198 220 220 220
0.04086 3.59992 8.99982 220 220 220
2.79012 -2.40690 8.99410 220 220 220
2.57835 2.52232 8.99756 220 220 220
-3.32529 1.32589 9.00390 220 220 220
2.32981 2.77491 9.00100 220 220 220
-3.36694 -1.57643 8.99477 220 220 220
-1.44839 3.33353 9.00128 220 220 220
2.96413 2.28541 8.99719 220 220 220
-2.87212 -2.09946 8.99677 220 220 220
-3.45225 -0.84337 9.00066 220 220 220
0.92093 3.61427 8.99451 220 220 220
3.51142 -0.74356 8.99780 220 220 220
0.85737 -3.49048 9.00524 220 220 220
-2.74569 -2.49102 9.01235 220 220 220
3.36292 -1.24786 8.99143 220 220 220
-0.07238 -3.67344 8.99561 220 220 220
-3.53830 0.38501 9.00565 220 220 220
3.62645 -0.85451 8.99372 220 220 220
-2.30052 -2.85367 8.99936 220 220 220
2.38277 2.75327 9.00899 220 220 220
2.95099 2.10338 8.99636 220 220 220
3.02338 1.97941 8.99874 220 220 220
-2.21674 2.84151 8.99356 220 220 220
3.73998 0.19688 9.00343 220 220 220
-3.36825 -1.30493 8.99106 220 220 220
-3.31499 1.40011 8.99654 220 220 220
-2.39026 2.74912 8.99351 220 220 220
-3.25518 1.54341 8.99839 220 220 220
-3.20644 1.64853 9.00928 220 220 220
3.59427 -0.26684 9.00193 220 220 220
-3.12119 1.74984 9.00119 220 220 220
3.28979 -1.75345 9.00148 220 220 220
2.17604 -2.85241 8.99988 220 220 220
-3.19460 1.55853 9.00642 220 220 220
3.57636 0.97336 9.00387 220 220 220
2.10778 -2.96968 8.99349 220 220 220
0.85029 3.52088 9.00487 220 220 220
3.41379 1.31408 9.00118 220 220 220
2.52514 -2.65312 9.00227 220 220 220
-1.97595 -3.04303 8.98995 220 220 220
1.62463 3.34758 9.00000 220 220 220
-0.90194 3.60825 8.99931 220 220 220
-0.09800 -3.62303 8.99654 220 220 220
2.56769 2.51669 9.00537 220 220 220
-0.62402 -3.59491 8.99182 220 220 220
-3.46055 0.92473 9.01514 220 220 220
1.87832 -3.08003 8.99441 220 220 220
-2.25885 -2.83893 9.00235 220 220 220
3.60488 -0.40781 9.00107 220 220 220
2.23523 -2.80503 9.00584 220 220 220
-2.02883 3.03812 9.00836 220 220 220
-3.64948 0.42424 8.99782 220 220 220
3.41132 -1.36325 9.00088 220 220 220
2.14091 3.03155 8.99786 220 220 220
-3.09367 1.77324 8.99517 220 220 220
-3.17811 -1.65262 9.00017 220 220 220
-2.16081 2.92769 8.99986 220 220 220
3.02793 2.03447 9.00006 220 220 220
0.97153 3.45812 8.99811 220 220 220
-3.29564 1.47591 9.00170 220 220 220
2.48862 -2.57720 9.00391 220 220 220
-3.29148 -1.60032 8.99397 220 220 220
-1.09386 3.47888 9.00308 220 220 220
1.81720 3.21009 9.00781 220 220 220
-2.70701 -2.48901 8.99362 220 220 220
1.52150 3.26849 9.00077 220 220 220
3.34323 1.59224 9.00227 220 220 220
3.50427 0.73774 9.00392 220 220 220
-1.18690 -3.48054 9.00448 220 220 220
2.77776 -2.40663 9.00602 220 220 220
-3.53373 -0.67745 9.00068 220 220 220
-0.65371 3.52993 8.99501 220 220 220
1.01050 3.42597 8.99821 220 220 220
-0.60552 3.62513 9.00722 220 220 220
-1.23131 3.40849 8.99560 220 220 220
-2.97843 -2.27807 9.00259 220 220 220
3.26125 -1.70112 9.00423 220 220 220
0.57527 3.50514 9.00306 220 220 220
-2.29890 2.80417 9.00465 220 220 220
-2.94431 -1.98853 8.99984 220 220 220
-3.44408 1.28670 8.99949 220 220 220
2.77543 2.49784 9.00908 220 220 220
2.04952 3.08052 9.00986 220 220 220
-3.17441 -1.70676 9.00723 220 220 220
-2.78410 -2.26102 9.00275 220 220 220
-3.16386 -1.96811 8.99712 220 220 220
1.42362 -3.27873 9.00068 220 220 220
1.30691 3.45411 8.99935 220 220 220
-3.43001 1.09283 9.00550 220 220 220
-3.52700 0.77657 9.00195 220 220 220
0.77261 3.47474 9.00292 220 220 220
-0.90070 -3.46977 8.99983 220 220 220
-1.35685 3.28920 8.98753 220 220 220
-2.67982 -2.48616 9.00656 220 220 220
-3.20474 1.72887 8.99968 220 220 220
0.22911 3.65066 9.00484 220 220 220
0.95355 3.43346 8.99831 220 220 220
-3.70725 0.18891 9.00811 220 220 220
0.21329 3.56907 8.99733 220 220 220
-1.70620 -3.30242 8.99964 220 220 220
-2.68063 -2.42631 9.00008 220 220 220
0.90427 -3.52604 8.99246 220 220 220
2.46582 2.73406 9.00205 220 220 220
2.71123 -2.47702 9.00414 220 220 220
-3.62576 -0.53145 9.00210 220 220 220
-2.11133 -2.95449 9.01159 220 220 220
3.61595 -0.47745 8.99554 220 220 220
-3.53774 -0.42730 8.99138 220 220 220
2.61062 -2.45434 8.99404 220 220 220
-1.67531 3.29631 9.00042 220 220 220
1.77681 -3.22908 9.00599 220 220 220
3.32599 -1.42549 9.00087 220 220 220
1.42069 3.42652 8.99753 220 220 220
-3.71189 0.03730 9.00749 220 220 220
2.89226 -2.23774 8.99942 220 220 220
-2.32140 2.94010 8.99313 220 220 220
-1.19874 -3.39922 9.00499 220 220 220
2.89785 2.15297 9.00323 220 220 220
-1.11536 3.37225 9.00119 220 220 220
-1.92916 -3.01656 9.00811 220 220 220
-3.46920 1.32718 8.99948 220 220 220
-2.00022 -3.08551 9.00140 220 220 220
-3.39406 -1.16639 8.99512 220 220 220
3.32950 -1.58295 8.99648 220 220 220
2.60969 2.45577 8.99763 220 220 220
-2.59211 -2.54504 9.00347 220 220 220
-3.60764 1.02206 8.99662 220 220 220
3.23843 -1.60527 8.99952 220 220 220
2.28727 -2.89181 8.99889 220 220 220
-1.44426 3.24430 8.99974 220 220 220
1.81731 -3.12044 8.99618 220 220 220
-3.21562 -1.64575 8.99896 220 220 220
-0.93891 3.59783 8.99424 220 220 220
3.00894 1.94876 8.99980 220 220 220
1.80534 3.13266 8.99986 220 220 220
-2.47013 -2.59596 9.00036 220 220 220
-3.64632 0.04923 9.00280 220 220 220
2.40417 2.68692 9.00905 220 220 220
2.81338 -2.22430 8.99171 220 220 220
-3.20693 -1.71702 8.99815 220 220 220
3.56076 -0.78352 8.99543 220 220 220
-0.57185 3.56745 9.00156 220 220 220
1.51142 3.42486 9.00354 220 220 220
2.48551 -2.57629 8.99393 220 220 220
0.02095 -3.69382 9.00159 220 220 220
0.86606 3.55280 9.00433 220 220 220
-2.15692 2.91751 9.00212 220 220 220
-1.53234 3.35241 8.99831 220 220 220
-0.99866 -3.43942 9.00338 220 220 220
0.80665 3.64825 8.99872 220 220 220
3.29119 1.72829 9.00453 220 220 220
1.53782 -3.36509 9.00176 220 220 220
3.73203 0.27116 8.99906 220 220 220
-2.90742 -2.35008 8.99371 220 220 220
-1.29169 3.35095 9.00009 220 220 220
-3.30237 1.72953 8.99464 220 220 220
3.38185 1.52341 8.99456 220 220 220
1.84077 3.13805 8.99826 220 220 220
-3.65751 -0.02862 8.99962 220 220 220
-2.72312 2.45107 8.99403 220 220 220
-3.47981 1.11793 8.99917 220 220 220
3.63428 0.11931 8.99881 220 220 220
3.30649 -1.60574 8.99700 220 220 220
-3.68653 -0.46299 8.99872 220 220 220
-3.43475 1.48215 9.00322 220 220 220
2.48484 -2.72038 8.99806 220 220 220
3.45409 1.43313 9.00291 220 220 220
-3.53446 1.23101 8.99960 220 220 220
-3.26699 -1.69670 9.00509 220 220 220
-0.61918 3.55423 9.00406 220 220 220
-0.21984 3.64847 8.99894 220 220 220
1.96845 3.16982 8.99660 220 220 220
-0.97574 -3.44033 9.00243 220 220 220
-1.81259 -3.22506 8.99738 220 220 220
-3.14826 2.01801 8.99216 220 220 220
2.98767 2.17353 9.00368 220 220 220
1.47565 3.43646 8.99694 220 220 220
-3.03660 2.10620 8.98965 220 220 220
0.04235 3.74711 8.99962 220 220 220
-0.31521 -3.72909 9.00468 220 220 220
3.22968 1.75723 8.99705 220 220 220
-2.83880 2.32806 8.99826 220 220 220
2.83779 -2.42051 9.00249 220 220 220
-1.94769 3.15178 8.99772 220 220 220
0.26384 -3.66139 8.99948 220 220 220
-1.15237 3.50955 9.00448 220 220 220
-2.17173 -2.82650 9.00339 220 220 220
-3.49545 -1.33376 9.00113 220 220 220
-3.60168 -0.50094 8.99166 220 220 220
2.13897 2.85626 9.00292 220 220 220
3.44095 1.14696 8.99802 220 220 220
2.44729 2.71360 9.00245 220 220 220
0.10986 -3.74775 8.99242 220 220 220
3.67100 -0.04809 9.00469 220 220 220
-0.21537 3.55278 8.99580 220 220 220
-0.32566 3.54992 9.00216 220 220 220
-2.71347 2.41559 9.00467 220 220 220
-2.38216 2.86177 9.00195 220 220 220
-2.34873 -2.75896 9.00193 220 220 220
-3.54460 1.21474 9.00044 220 220 220
-2.51195 -2.51266 8.99390 220 220 220
2.99711 2.10213 9.00663 220 220 220
-0.19299 -3.74049 9.00548 220 220 220
0.47744 -3.61667 8.99809 220 220 220
3.47425 -1.12848 8.98286 220 220 220
-2.03627 -2.98705 9.00503 220 220 220
-3.29686 -1.70341 8.99090 220 220 220
-3.25965 -1.82629 9.00266 220 220 220
3.04899 1.98235 8.99636 220 220 220
-1.78917 3.27629 9.00240 220 220 220
2.76435 -2.27260 8.99496 220 220 220
2.75234 -2.45204 9.00003 220 220 220
3.46645 -1.01744 8.99147 220 220 220
-1.69373 -3.14459 9.00008 220 220 220
0.61413 3.62302 8.99998 220 220 220
1.77940 -3.19837 9.00359 220 220 220
-3.22446 -1.74173 8.99761 220 220 220
3.04369 2.10126 9.00141 220 220 220
3.40141 1.31432 8.99802 220 220 220
-2.58902 -2.54080 9.00227 220 220 220
-2.00748 -3.10720 9.00196 220 220 220
-1.33592 3.44588 9.00440 220 220 220
3.36587 -1.42926 8.99414 220 220 220
1.63633 3.29089 8.99954 220 220 220
2.05974 3.01704 9.00142 220 220 220
-2.50759 2.68858 9.00910 220 220 220
-3.63104 0.03740 9.00991 220 220 220
-3.62885 0.78881 8.99320 220 220 220
-1.32281 -3.44742 8.99693 220 220 220
1.16595 3.50485 8.98751 220 220 220
-3.71941 -0.44806 9.01098 220 220 220
-3.65187 -0.05357 9.00159 220 220 220
3.09386 -2.10197 9.00290 220 220 220
1.23404 -3.41444 8.99842 220 220 220
2.71305 -2.56326 8.99998 220 220 220
2.59662 -2.58580 9.00565 220 220 220
2.95776 2.16483 8.99477 220 220 220
-3.72407 -0.10279 8.99435 220 220 220
2.57654 -2.71247 8.99880 220 220 220
1.63363 -3.19767 9.00005 220 220 220
3.08419 -1.81103 9.00278 220 220 220
3.57578 0.97511 9.00010 220 220 220
-3.17463 1.74563 8.99578 220 220 220
2.67162 2.38048 8.99810 220 220 220
2.58285 2.50368 9.00088 220 220 220
-3.37835 -1.30312 9.00330 220 220 220
3.69079 -0.33028 9.00500 220 220 220
0.13613 -3.56253 8.99863 220 220 220
-3.55149 -0.85388 8.99646 220 220 220
1.83081 -3.04569 8.99551 220 220 220
-2.50528 -2.71037 9.00583 220 220 220
3.21708 1.91294 8.99782 220 220 220
-2.53125 -2.59158 8.99618 220 220 220
3.30181 1.74589 9.00084 220 220 220
-2.59965 2.67134 9.00807 220 220 220
-2.43482 2.68004 8.99538 220 220 220
3.57893 -0.31274 9.00296 220 220 220
2.51835 2.59662 8.99773 220 220 220
2.14576 -3.05531 9.00056 220 220 220
-1.20188 3.43210 9.00406 220 220 220
-3.62363 0.44656 9.00608 220 220 220
2.71356 -2.33513 8.99735 220 220 220
-3.15577 1.72534 9.00375 220 220 220
-1.66361 -3.34473 9.00119 220 220 220
2.78284 -2.48862 9.00201 220 220 220
1.14079 3.42546 9.00618 220 220 220
-1.78576 3.23046 8.99645 220 220 220
-2.87628 -2.30913 9.00387 220 220 220
-2.54026 2.60103 9.00078 220 220 220
-3.45321 1.31149 9.00592 220 220 220
-0.82136 -3.63798 9.00205 220 220 220
2.50047 -2.73513 8.99924 220 220 220
-2.62044 2.55728 9.00436 220 220 220
-0.37249 3.65940 8.99716 220 220 220
-0.42130 -3.69434 8.99800 220 220 220
-3.03466 -2.11849 8.99624 220 220 220
-0.16577 -3.73443 8.99687 220 220 220
3.45794 -1.36785 8.98632 220 220 220
0.46001 3.53193 8.99745 220 220 220
0.19521 -3.68925 8.99963 220 220 220
-0.48972 3.54375 9.00380 220 220 220
0.09890 3.71618 8.99540 220 220 220
-0.66756 -3.50756 8.99750 220 220 220
-0.82084 3.51406 8.99912 220 220 220
3.60247 0.29008 9.00383 220 220 220
-3.29605 1.76083 9.00090 220 220 220
-2.42201 2.85991 9.00187 220 220 220
3.61736 0.55119 9.00441 220 220 220
-2.13843 2.96510 9.00251 220 220 220
-2.35489 2.80105 8.99699 220 220 220
-3.60585 -0.73140 9.00855 220 220 220
-3.55994 0.17284 8.99049 220 220 220
1.85727 3.09611 9.00449 220 220 220
-1.20282 -3.47117 9.00220 220 220 220
3.07837 -1.86248 9.00622 220 220 220
1.01654 -3.52969 8.99883 220 220 220
2.02558 3.13282 8.99752 220 220 220
-3.50391 -1.20294 8.99449 220 220 220
1.37597 3.38945 8.99468 220 220 220
-2.90372 2.13965 8.99916 220 220 220
2.60068 -2.53770 8.99579 220 220 220
2.64714 2.39179 8.99644 220 220 220
3.33566 -1.29911 8.99470 220 220 220
-1.95219 3.20147 9.00517 220 220 220
-2.73649 -2.54020 8.99639 220 220 220
-3.67197 0.14416 9.00201 220 220 220
-3.47160 -1.21206 8.99937 220 220 220
-2.51798 -2.58302 9.00174 220 220 220
3.07861 1.92256 8.99869 220 220 220
1.10523 3.41766 9.00387 220 220 220
0.07418 -3.73959 9.00307 220 220 220
0.00463 -3.71384 9.00605 220 220 220
-3.39484 -1.22735 8.99670 220 220 220
3.41680 -1.20720 8.99577 220 220 220
3.41797 0.96753 8.99806 220 220 220
2.94726 -2.07539 9.00057 220 220 220
-3.29224 1.46663 9.00263 220 220 220
3.05195 -1.87415 8.99687 220 220 220
-3.64939 0.78801 9.00100 220 220 220
0.45012 -3.52615 8.99909 220 220 220
3.64493 -0.36817 8.99867 220 220 220
2.55591 -2.58439 8.99996 220 220 220
3.07432 1.93275 9.00750 220 220 220
0.77687 -3.49553 9.00395 220 220 220
-3.61065 0.85069 9.00525 220 220 220
-0.87957 3.50743 9.00181 220 220 220
-0.86899 -3.58421 9.00881 220 220 220
-3.30759 1.45721 9.00445 220 220 220
-3.17642 -1.95940 8.99287 220 220 220
0.72583 -3.52246 9.00364 220 220 220
1.63746 -3.33711 9.00169 220 220 220
-3.62131 0.75772 9.00311 220 220 220
-3.46688 1.36146 8.99250 220 220 220
-3.20280 1.94556 8.99268 220 220 220
-1.62886 -3.28525 8.99952 220 220 220
3.49894 -1.19398 8.99122 220 220 220
-0.41315 3.64209 9.00352 220 220 220
-0.83151 3.63549 9.00074 220 220 220
-2.19924 -2.94391 9.00974 220 220 220
-3.52277 1.19498 9.00187 220 220 220
3.44657 1.05353 9.00347 220 220 220
3.19690 1.56462 9.00289 220 220 220
-2.82756 -2.17983 9.00039 220 220 220
-2.64884 2.55713 9.00059 220 220 220
-2.64064 -2.61709 8.99972 220 220 220
0.06332 -3.59891 8.98807 220 220 220
-1.99595 3.07904 9.00561 220 220 220
-3.18569 -1.79467 9.00566 220 220 220
-3.25501 1.72320 9.00432 220 220 220
3.18166 -1.67810 9.00044 220 220 220
3.50915 -0.78271 8.99932 220 220 220
-1.66850 -3.31010 8.99433 220 220 220
-2.61842 2.41188 8.99374 220 220 220
3.50301 -1.15958 8.99703 220 220 220
-1.82413 3.06260 9.00102 220 220 220
-3.50989 -0.65864 9.00187 220 220 220
3.34976 -1.31763 8.99742 220 220 220
-2.81165 -2.27940 8.99348 220 220 220
-3.04531 2.18387 8.99667 220 220 220
3.56877 0.72989 8.99940 220 220 220
0.91194 -3.52096 8.99219 220 220 220
3.17035 1.91749 9.00091 220 220 220
3.04195 1.93463 9.00806 220 220 220
0.52158 3.63346 8.99598 220 220 220
-2.51700 -2.69980 9.01060 220 220 220
2.91600 -2.31289 8.99648 220 220 220
3.57020 0.18677 8.99889 220 220 220
-1.60937 -3.31187 9.00242 220 220 220
-3.51837 -0.48016 8.99977 220 220 220
-2.64363 -2.51775 8.99152 220 220 220
-1.33209 -3.36966 9.00125 220 220 220
-2.00891 -3.12350 9.00039 220 220 220
1.79178 -3.23322 8.99869 220 220 220
2.85689 2.33459 9.00036 220 220 220
0.59651 3.53471 9.00221 220 220 220
2.02260 -2.99406 8.99557 220 220 220
3.25386 1.56041 9.00268 220 220 220
3.56286 -0.43796 8.99695 220 220 220
-3.48918 1.02137 9.00768 220 220 220
-2.20062 2.89491 9.00520 220 220 220
-3.39662 1.25551 8.99502 220 220 220
-0.81413 3.61926 9.00615 220 220 220
1.69006 -3.27939 9.00204 220 220 220
-2.76599 -2.47233 9.00265 220 220 220
-0.87893 3.60694 8.99909 220 220 220
0.67120 -3.53189 8.99829 220 220 220
-0.96137 -3.61383 8.99865 220 220 220
-3.14324 -1.91631 8.99523 220 220 220
-3.47944 1.28899 8.99065 220 220 220
2.15131 -3.05446 8.99681 220 220 220
0.98035 3.58214 8.99679 220 220 220
3.04824 -2.03169 8.99455 220 220 220
-2.99717 -2.07849 9.00291 220 220 220
3.44327 -1.24354 9.00122 220 220 220
3.42361 -1.46905 8.99704 220 220 220
3.08329 1.78673 8.99844 220 220 220
-1.83705 3.12933 9.00112 220 220 220
-2.02305 -2.98745 8.99637 220 220 220
2.50998 2.63712 8.98723 220 220 220
-3.51318 -1.06735 9.00598 220 220 220
-2.01244 3.11133 8.99943 220 220 220
3.55172 -0.01283 9.00135 220 220 220
1.11569 3.46235 9.00086 220 220 220
2.77163 2.31181 8.99279 220 220 220
-3.55494 1.01970 8.99657 220 220 220
0.13807 3.60335 8.99993 220 220 220
1.30169 -3.35410 8.99900 220 220 220
3.56401 0.39077 8.99433 220 220 220
-2.10412 -2.98494 9.00171 220 220 220
-2.97679 1.95379 9.00285 220 220 220
3.35503 -1.53783 8.99810 220 220 220
3.19223 -1.92437 9.00501 220 220 220
1.12381 -3.40963 9.00266 220 220 220
-3.29916 1.56230 9.00193 220 220 220
-3.33456 1.66385 8.99750 220 220 220
3.68803 0.49554 8.99915 220 220 220
3.33079 -1.62788 9.00417 220 220 220
3.55151 -0.51159 8.99275 220 220 220
0.88715 3.52895 8.99308 220 220 220
-3.69233 0.63623 8.99796 220 220 220
-3.17063 -1.70382 8.99990 220 220 220
-3.46608 -0.88512 8.99951 220 220 220
-3.60429 0.46352 9.00261 220 220 220
-2.81160 -2.21768 9.00121 220 220 220
0.89323 -3.53440 9.00010 220 220 220
-3.15358 1.88717 8.99849 220 220 220
3.23945 1.63869 9.00408 220 220 220
-0.57957 3.55467 9.00600 220 220 220
2.66439 2.48510 8.99852 220 220 220
-2.94515 -2.25458 9.00195 220 220 220
-3.70831 -0.21131 8.99871 220 220 220
2.09080 2.87055 8.99395 220 220 220
-1.90337 3.00755 8.99166 220 220 220
3.18933 -1.94162 9.00588 220 220 220
2.48843 -2.59669 9.00400 220 220 220
-3.10634 -1.88318 9.00201 220 220 220
3.55245 0.38308 9.00499 220 220 220
0.87671 -3.51031 8.99600 220 220 220
3.50972 1.18141 9.00445 220 220 220
3.06988 -1.80435 9.00174 220 220 220
-3.16318 -1.80317 8.99785 220 220 220
-0.10176 3.67304 8.98848 220 220 220
2.98015 2.03459 8.99285 220 220 220
-0.30576 -3.70243 9.00860 220 220 220
2.37973 2.63529 9.00843 220 220 220
-3.55309 0.77569 8.99291 220 220 220
3.68726 0.50054 8.99002 220 220 220
3.05800 -1.84971 9.00651 220 220 220
0.50591 -3.55343 8.99960 220 220 220
2.01141 3.08437 8.99640 220 220 220
-2.32765 -2.76473 8.99383 220 220 220
-3.56454 0.50708 8.99379 220 220 220
3.12590 1.89566 9.00652 220 220 220
-3.59343 0.78268 9.00125 220 220 220
-2.54076 2.68161 8.99104 220 220 220
0.43936 3.60102 8.99649 220 220 220
3.37723 -1.43422 9.00791 220 220 220
0.53531 3.69542 9.00151 220 220 220
-1.89937 -3.22220 8.99302 220 220 220
3.62643 -0.61237 8.99675 220 220 220
3.62892 0.46773 8.99945 220 220 220
2.36319 2.84636 9.00475 220 220 220
-1.10897 -3.56359 8.99951 220 220 220
-3.42588 -1.09287 9.00689 220 220 220
1.43300 -3.33062 9.00131 220 220 220
-3.52352 0.46878 8.98854 220 220 220
3.23151 -1.89000 9.00267 220 220 220
0.87926 3.60875 8.99909 220 220 220
-3.55328 0.29739 8.99747 220 220 220
2.35621 -2.88436 9.00197 220 220 220
2.42829 2.78185 8.99876 220 220 220
-3.28151 -1.75892 9.00101 220 220 220
-3.10768 2.04634 8.99738 220 220 220
-3.04892 -1.91519 8.99718 220 220 220
2.07762 2.95158 9.00554 220 220 220
-3.18338 -1.72113 9.00057 220 220 220
-3.16561 -1.89652 9.00205 220 220 220
-3.14589 -1.91556 8.99711 220 220 220
1.58871 3.28497 9.00532 220 220 220
-2.82037 2.33295 9.00103 220 220 220
-3.49059 1.03760 8.99831 220 220 220
-1.99612 -3.01536 9.00633 220 220 220
3.52593 -1.16570 8.99831 220 220 220
3.18952 1.80654 9.00090 220 220 220
3.51124 -1.17963 8.99399 220 220 220
2.26083 -2.77912 8.99687 220 220 220
-2.75732 2.31512 9.00388 220 220 220
-3.38051 -1.32914 8.99975 220 220 220
-0.30163 3.58317 9.00046 220 220 220
-3.67196 0.10082 8.99955 220 220 220
1.49407 -3.37835 8.99976 220 220 220
3.59244 0.16849 8.99730 220 220 220
2.75872 -2.23853 8.99765 220 220 220
-3.60209 -0.71635 8.99853 220 220 220
-2.83075 -2.45395 8.99855 220 220 220
-3.57599 0.54100 9.00231 220 220 220
0.14887 3.67511 9.00215 220 220 220
-2.56121 2.47239 9.00659 220 220 220
-3.66472 -0.05281 9.00346 220 220 220
-3.28529 1.62080 8.99557 220 220 220
-3.15742 -1.86049 8.99665 220 220 220
3.57743 0.71672 9.00465 220 220 220
-0.82731 -3.54624 9.00330 220 220 220
-3.55957 -1.09304 9.00520 220 220 220
3.02966 -1.85554 8.99998 220 220 220
-3.62367 0.13624 8.99870 220 220 220
3.53761 0.83438 9.00171 220 220 220
1.41334 -3.43730 8.99313 220 220 220
3.38758 -1.30220 8.99901 220 220 220
-2.69776 -2.33558 9.00980 220 220 220
-2.64215 2.40842 8.99835 220 220 220
-3.40804 -1.07865 8.99992 220 220 220
2.48756 -2.70114 8.99898 220 220 220
3.15933 1.84259 9.00751 220 220 220
3.38191 1.23659 8.99408 220 220 220
1.79958 -3.10481 9.00337 220 220 220
1.83749 3.24870 8.99800 220 220 220
-1.04222 -3.51735 8.99675 220 220 220
3.19320 -1.90716 8.99162 220 220 220
0.20671 3.59806 9.00857 220 220 220
3.35589 -1.42603 9.00362 220 220 220
1.31518 -3.35381 8.99337 220 220 220
-1.43061 -3.28463 8.99370 220 220 220
-3.54950 -0.75616 8.99677 220 220 220
0.60518 3.49868 9.00250 220 220 220
-3.23868 -1.84738 8.99936 220 220 220
3.49096 1.03560 8.99543 220 220 220
-3.03110 1.89614 8.99960 220 220 220
-2.28551 -2.83915 9.00634 220 220 220
2.84365 -2.40565 9.00298 220 220 220
1.26797 3.52030 8.99097 220 220 220
3.42866 0.92158 8.99474 220 220 220
3.74413 0.08419 8.99935 220 220 220
1.44841 -3.31317 9.00067 220 220 220
-2.38567 2.81839 9.00654 220 220 220
2.75564 2.47144 8.99995 220 220 220
1.24825 -3.51679 9.00270 220 220 220
2.94256 2.13121 8.98906 220 220 220
-3.46499 -1.30964 8.99801 220 220 220
-2.21929 -2.94579 9.00349 220 220 220
2.94800 -2.09448 9.00944 220 220 220
-3.39388 1.51337 8.99330 220 220 220
-1.60716 -3.36475 8.99914 220 220 220
3.64925 0.33629 8.99119 220 220 220
-3.68537 -0.46522 8.99898 220 220 220
-3.44784 1.27560 9.00521 220 220 220
-1.08351 3.54692 9.00462 220 220 220
3.21709 -1.77632 8.99976 220 220 220
-1.99285 -3.10529 8.99871 220 220 220
-3.26135 -1.42160 9.01300 220 220 220
2.42498 2.61967 8.99891 220 220 220
-1.53274 -3.29498 8.99725 220 220 220
-3.57604 0.98332 8.99718 220 220 220
-1.09082 -3.39199 8.99266 220 220 220
-0.30425 -3.53976 9.00219 220 220 220
1.60197 -3.21785 9.00324 220 220 220
-3.50481 1.25495 9.00306 220 220 220
2.66633 -2.60547 9.00387 220 220 220
-2.39396 2.70209 8.99701 220 220 220
-1.91013 -3.15426 8.99917 220 220 220
-2.32305 2.86931 9.00575 220 220 220
2.77087 -2.21949 8.99764 220 220 220
-3.22055 1.66637 8.99718 220 220 220
0.89103 3.46810 9.00497 220 220 220
3.60172 -0.36807 8.99601 220 220 220
-1.13547 3.42059 8.99427 220 220 220
2.99617 -1.93309 8.99474 220 220 220
1.99384 -3.17281 9.01350 220 220 220
-3.55018 -0.85462 9.00503 220 220 220
-0.77353 3.49512 9.00310 220 220 220
3.26086 1.52036 8.99530 220 220 220
-0.07098 3.55685 9.00249 220 220 220
2.74274 -2.34904 9.00847 220 220 220
-0.74232 3.48504 9.00180 220 220 220
0.37755 3.58070 8.99447 220 220 220
3.40752 1.27551 9.00267 220 220 220
-3.66329 -0.40428 8.99920 220 220 220
-3.57086 -1.03292 9.00068 220 220 220
-1.35609 -3.29302 8.99517 220 220 220
2.41787 -2.66767 8.99619 220 220 220
2.82672 2.19321 8.99764 220 220 220
-2.52403 2.59615 8.99611 220 220 220
-2.68674 -2.37516 8.99970 220 220 220
1.30014 3.35493 8.99658 220 220 220
-0.49066 3.70153 9.00818 220 220 220
1.03135 -3.53204 9.00246 220 220 220
3.63751 0.79757 9.00379 220 220 220
2.86935 -2.27219 8.99930 220 220 220
0.79882 -3.62785 8.98997 220 220 220
-1.63681 3.23015 9.00420 220 220 220
-2.05931 2.95274 8.99945 220 220 220
0.15231 3.65794 9.00208 220 220 220
3.73469 0.17352 8.99964 220 220 220
-1.00105 -3.58044 8.98887 220 220 220
1.01835 -3.45260 8.99785 220 220 220
1.52100 3.41803 8.99587 220 220 220
-2.93697 2.17789 9.00104 220 220 220
-3.48707 1.02829 9.00229 220 220 220
3.05486 1.92122 9.01077 220 220 220
-0.91375 3.56134 9.00233 220 220 220
-0.90162 3.55453 8.99720 220 220 220
2.31314 -2.90799 8.99789 220 220 220
2.93256 2.31045 9.00258 220 220 220
0.31157 3.68717 9.00422 220 220 220
-3.44025 1.01846 8.99377 220 220 220
2.30441 2.73598 8.99876 220 220 220
1.07870 3.49593 8.99923 220 220 220
3.43800 -1.00344 8.99192 220 220 220
2.48948 -2.70295 9.00360 220 220 220
2.48872 2.57774 9.00113 220 220 220
-0.49393 3.56337 8.99902 220 220 220
2.44415 -2.59824 9.00122 220 220 220
-2.20413 2.99440 9.00327 220 220 220
-3.42631 1.31286 9.00967 220 220 220
1.48951 3.29996 9.00327 220 220 220
-3.47398 -1.05503 8.99427 220 220 220
2.18944 2.82940 9.01410 220 220 220
-3.67893 -0.55314 8.99439 220 220 220
3.15147 -1.76526 9.00195 220 220 220
-3.52814 0.50867 8.99897 220 220 220
1.57002 -3.26526 8.99941 220 220 220
-3.21644 -1.61612 9.00190 220 220 220
-2.44045 2.69105 9.00228 220 220 220
3.47904 -1.32469 9.00690 220 220 220
3.69929 -0.07305 8.99671 220 220 220
-1.63960 3.20467 9.00200 220 220 220
3.60649 -0.25494 9.00304 220 220 220
3.61984 -0.36275 9.01177 220 220 220
-1.50122 3.25340 9.00250 220 220 220
-3.46949 0.99060 8.99425 220 220 220
3.49427 0.91811 9.00687 220 220 220
3.57040 0.36122 8.99778 220 220 220
1.96680 3.02215 8.99569 220 220 220
-0.41996 3.61195 9.00663 220 220 220
2.89213 -2.34006 9.00066 220 220 220
-1.72286 3.25991 8.99900 220 220 220
-0.73292 -3.48756 9.00843 220 220 220
3.45027 -1.20015 8.99744 220 220 220
-3.54895 -0.59190 8.99740 220 220 220
1.89056 -3.00502 9.00248 220 220 220
-3.16219 1.85166 8.98871 220 220 220
-0.11751 3.58879 9.00081 220 220 220
0.51616 -3.64426 9.00040 220 220 220
-2.23592 -2.82556 8.99573 220 220 220
-1.90574 -3.05354 8.99991 220 220 220
-1.76849 3.21520 9.00130 220 220 220
-3.66851 0.08284 8.99978 220 220 220
-2.86514 2.37332 9.00408 220 220 220
2.95042 -2.04624 9.00135 220 220 220
3.40565 -1.56364 8.99915 220 220 220
2.74691 2.36562 9.00351 220 220 220
-0.96761 -3.61696 9.00134 220 220 220
-0.28202 3.57069 9.01501 220 220 220
-0.81552 -3.65081 9.00512 220 220 220
-0.13422 3.74060 8.99735 220 220 220
-3.39610 1.22189 8.99140 220 220 220
-3.03306 1.92345 8.99661 220 220 220
1.49376 -3.35434 8.98979 220 220 220
-2.14152 2.86650 9.00333 220 220 220
3.08826 -1.86976 8.99855 220 220 220
2.97583 2.27640 8.99616 220 220 220
0.35311 3.68709 9.00299 220 220 220
0.32066 3.69619 8.99815 220 220 220
-0.13437 3.72286 9.00197 220 220 220
-3.00938 -2.13368 8.99867 220 220 220
-2.83973 2.36320 9.00038 220 220 220
-3.56790 0.97062 9.00645 220 220 220
3.62055 -0.25613 9.00457 220 220 220
1.62357 -3.18005 9.00716 220 220 220
-3.34850 1.51019 9.00172 220 220 220
-0.03943 -3.71063 8.99095 220 220 220
2.47556 2.61082 8.99658 220 220 220
-1.57476 3.22318 8.99192 220 220 220
3.41376 -1.53165 9.00459 220 220 220
3.54714 -0.47159 9.00008 220 220 220
2.34216 -2.81390 9.00630 220 220 220
-2.27628 -2.91601 9.00519 220 220 220
1.34898 -3.30477 8.99937 220 220 220
2.29622 2.85453 9.00873 220 220 220
-3.02036 2.11494 9.00480 220 220 220
-2.91745 -2.03833 9.00041 220 220 220
-3.00870 -2.04039 9.00217 220 220 220
-0.51142 3.61018 9.00707 220 220 220
-2.48414 -2.69132 9.00224 220 220 220
-0.75721 3.47665 8.99667 220 220 220
0.06433 -3.72866 8.99412 220 220 220
-3.68975 0.49464 8.99868 220 220 220
-3.60076 -0.93956 8.99660 220 220 220
3.43263 -1.25629 9.00102 220 220 220
3.66767 -0.54894 8.99742 220 220 220
1.27397 -3.48559 8.99808 220 220 220
-3.43224 1.49280 9.00606 220 220 220
-3.53837 1.12878 9.00828 220 220 220
-3.55566 -0.36619 8.99611 220 220 220
0.42124 -3.55435 8.99820 220 220 220
-0.44554 -3.62581 8.99885 220 220 220
-0.65053 3.63526 9.00157 220 220 220
-3.56634 1.05037 9.00172 220 220 220
-1.57019 -3.18658 8.99746 220 220 220
3.24173 1.65130 9.00255 220 220 220
2.84364 2.26595 8.99769 220 220 220
1.65925 -3.29596 8.99813 220 220 220
3.30788 -1.57152 8.99545 220 220 220
1.60330 3.34723 9.00518 220 220 220
3.19750 -1.84406 9.00454 220 220 220
2.24466 -2.87500 9.00173 220 220 220
2.17375 2.86783 9.00331 220 220 220
2.23055 2.92708 9.00554 220 220 220
-3.59042 0.20639 9.00376 220 220 220
0.84870 -3.58157 9.00364 220 220 220
-3.57561 0.19573 8.99786 220 220 220
1.56956 -3.23242 8.99248 220 220 220
2.44349 2.69428 8.99605 220 220 220
0.06118 3.65461 9.01097 220 220 220
-0.50256 -3.70706 8.99881 220 220 220
-3.66683 -0.20955 9.00800 220 220 220
-3.06694 1.95358 9.00271 220 220 220
1.90645 -3.19013 8.99985 220 220 220
2.28260 2.75601 8.99549 220 220 220
-2.97787 1.93813 8.99648 220 220 220
2.95797 -2.05574 8.99934 220 220 220
3.09208 -1.95434 8.99933 220 220 220
-2.46821 2.72756 9.00273 220 220 220
-3.32384 1.65069 8.99661 220 220 220
3.25907 1.69169 8.99679 220 220 220
0.80036 3.48303 9.00436 220 220 220
3.68635 0.41093 9.00949 220 220 220
-3.47452 -0.74054 9.00043 220 220 220
3.68217 -0.27192 9.00222 220 220 220
2.21424 2.90875 8.99927 220 220 220
3.47211 -1.12689 8.99968 220 220 220
-3.08781 2.03861 8.99894 220 220 220
3.38271 1.10644 8.99825 220 220 220
1.94051 3.07188 9.00278 220 220 220
-3.57770 1.08497 9.00308 220 220 220
0.99557 3.41049 8.99878 220 220 220
-1.82318 -3.24954 8.99713 220 220 220
0.31062 3.66782 8.99761 220 220 220
0.58116 -3.68654 9.00326 220 220 220
0.89666 3.44464 8.99599 220 220 220
-3.16740 -1.93616 8.99492 220 220 220
-3.62099 -0.51646 9.00141 220 220 220
1.18761 -3.39924 8.99967 220 220 220
-2.83685 -2.28965 8.99930 220 220 220
-3.71816 -0.35434 9.00417 220 220 220
3.01580 -2.03691 8.99974 220 220 220
2.62852 -2.42759 8.99673 220 220 220
2.63295 -2.40119 9.00085 220 220 220
0.29304 3.54084 8.99674 220 220 220
-0.70728 -3.52288 9.00443 220 220 220
-2.33090 -2.82338 9.00011 220 220 220
2.11069 -2.94261 8.99486 220 220 220
-2.51798 -2.74588 9.00078 220 220 220
1.32227 3.46435 8.99602 220 220 220
-0.84412 3.54521 9.00514 220 220 220
-3.58060 0.34363 8.99951 220 220 220
-3.43049 -1.19990 9.00315 220 220 220
-3.29794 1.63017 8.99691 220 220 220
2.29668 -2.71324 8.99903 220 220 220
2.23348 -2.98536 9.00207 220 220 220
-0.01941 -3.68212 8.99921 220 220 220
-3.52444 1.25943 8.99554 220 220 220
0.28474 -3.67303 9.00359 220 220 220
2.28903 -2.80934 9.00141 220 220 220
-2.86170 -2.24782 8.99462 220 220 220
-2.79522 -2.19075 8.99819 220 220 220
0.34185 3.54531 8.99590 220 220 220
-2.19033 2.82052 8.99757 220 220 220
-1.43787 -3.33310 8.99774 220 220 220
2.94655 -2.08308 8.99881 220 220 220
-1.39143 -3.35432 8.99290 220 220 220
-1.98617 3.04147 8.99792 220 220 220
0.82423 -3.52640 9.00482 220 220 220
-3.62781 0.43779 9.00862 220 220 220
-2.38189 2.88011 8.99430 220 220 220
-2.18486 2.93124 9.00539 220 220 220
1.14236 -3.53483 9.01118 220 220 220
2.28527 -2.91858 8.99902 220 220 220
-1.68872 3.21873 9.00255 220 220 220
0.99625 3.45831 9.00507 220 220 220
-3.46329 -0.80892 8.99782 220 220 220
1.97681 -2.96244 9.00475 220 220 220
2.82434 2.22384 8.99904 220 220 220
-3.71480 0.28886 9.00479 220 220 220
3.57160 0.01021 9.00758 220 220 220
-3.10855 -2.03581 9.00629 220 220 220
-0.20227 3.63719 8.99843 220 220 220
-2.55834 2.64573 9.00299 220 220 220
-1.54714 3.22782 8.99766 220 220 220
-3.70464 0.19337 8.99430 220 220 220
-1.50873 -3.23376 8.99889 220 220 220
2.96110 2.14429 9.00409 220 220 220
-2.02066 -2.94447 8.99864 220 220 220
-0.66482 3.66182 9.00728 220 220 220
0.00145 -3.66900 9.00039 220 220 220
2.86912 2.27317 8.99465 220 220 220
1.03932 -3.45260 8.99863 220 220 220
-1.32383 -3.40530 8.99680 220 220 220
2.90009 2.05478 9.00659 220 220 220
2.77213 -2.37062 9.00253 220 220 220
3.20079 1.63414 8.99969 220 220 220
2.43218 2.82656 9.00372 220 220 220
1.38231 3.33006 8.99614 220 220 220
1.32378 3.40537 8.99432 220 220 220
3.06328 -1.79538 8.99372 220 220 220
-3.11788 1.99147 8.99086 220 220 220
1.89578 3.04025 8.99469 220 220 220
-3.58029 -1.11455 9.00282 220 220 220
-0.15084 -3.60656 9.00365 220 220 220
3.65056 -0.49743 8.99566 220 220 220
-3.05305 -2.16401 8.98996 220 220 220
2.72369 2.50763 8.99798 220 220 220
2.53864 2.58232 9.00250 220 220 220
3.33814 -1.67441 9.00417 220 220 220
0.36202 -3.57519 9.00122 220 220 220
2.20193 2.94624 8.99497 220 220 220
0.96255 -3.57264 9.00364 220 220 220
2.96547 2.08075 9.00197 220 220 220
-2.61946 2.63715 9.00370 220 220 220
3.61398 0.48117 8.99555 220 220 220
3.67682 -0.58423 9.00257 220 220 220
-1.92392 3.03551 9.00434 220 220 220
2.64247 2.63201 8.99325 220 220 220
1.37647 -3.38911 8.99692 220 220 220
-3.15720 1.80569 8.99239 220 220 220
-2.61333 -2.47318 8.99594 220 220 220
2.31055 -2.72293 8.99948 220 220 220
-0.24150 3.60130 8.99276 220 220 220
-3.52622 -0.86538 9.00556 220 220 220
1.85090 3.17039 9.00563 220 220 220
2.18980 -2.97713 8.99935 220 220 220
-1.52415 3.21588 8.99672 220 220 220
-3.72818 0.30383 8.99978 220 220 220
-0.58307 -3.55324 9.00730 220 220 220
3.03221 -2.09737 9.00312 220 220 220
-2.14302 3.03113 8.99100 220 220 220
3.12948 1.84881 8.98873 220 220 220
-3.59849 -0.54077 8.99547 220 220 220
3.54758 0.29495 8.99978 220 220 220
-2.83620 2.27031 8.99149 220 220 220
-3.13298 2.03842 8.99897 220 220 220
-3.54260 0.76911 8.99162 220 220 220
-3.12846 2.03107 9.00004 220 220 220
-0.27563 -3.68101 9.00109 220 220 220
0.30559 3.71497 9.00852 220 220 220
-3.56355 -0.43545 8.99934 220 220 220
-1.67212 3.28373 8.99822 220 220 220
-2.58318 -2.46473 9.00667 220 220 220
-3.21891 1.71834 9.00327 220 220 220
1.00263 3.55734 9.00021 220 220 220
-2.97877 -1.99138 8.99848 220 220 220
0.05280 3.74159 9.00850 220 220 220
-2.90080 2.20766 8.99634 220 220 220
-3.14267 1.83836 8.99261 220 220 220
2.99342 -2.22160 8.99904 220 220 220
-0.24892 -3.71435 8.99842 220 220 220
-2.56711 -2.71126 9.00603 220 220 220
2.80381 2.39146 9.00078 220 220 220
-1.33677 3.43250 9.00458 220 220 220
3.42255 1.10638 8.98720 220 220 220
-3.58858 -0.89908 8.99833 220 220 220
2.71360 2.47917 9.00738 220 220 220
3.55973 0.65706 8.99461 220 220 220
-2.32684 2.93250 8.99860 220 220 220
-0.13530 -3.64610 9.00420 220 220 220
-3.30103 1.66187 8.99748 220 220 220
3.15214 1.90757 9.00391 220 220 220
-3.44061 -0.88323 8.99698 220 220 220
-3.46085 1.13660 8.99981 220 220 220
3.56270 -0.89212 9.00336 220 220 220
2.44016 2.84745 8.99454 220 220 220
-1.46769 -3.26706 8.99593 220 220 220
-0.67816 -3.62467 9.00457 220 220 220
2.11067 -2.96396 8.99606 220 220 220
2.07964 -2.99408 9.00063 220 220 220
-2.95342 2.02755 9.00487 220 220 220
-0.05749 -3.65694 9.00046 220 220 220
-2.76575 2.24055 9.00136 220 220 220
2.86738 -2.23277 9.00775 220 220 220
-1.01462 -3.48785 9.01150 220 220 220
3.45949 0.94220 9.00068 220 220 220
1.41369 3.47283 8.99788 220 220 220
3.04379 -2.09236 9.00417 220 220 220
-3.44887 -1.45018 8.99612 220 220 220
0.62677 -3.64605 9.00657 220 220 220
2.16369 -2.93974 8.99726 220 220 220
3.50925 1.08733 8.99788 220 220 220
2.77407 2.26984 8.99487 220 220 220
3.30948 -1.36863 8.99575 220 220 220
-2.83073 -2.30207 9.00590 220 220 220
-0.68622 -3.52535 9.00171 220 220 220
-2.92215 2.27767 8.99974 220 220 220
0.18338 3.60589 9.01025 220 220 220
2.88808 2.09499 9.00059 220 220 220
0.82045 3.57548 8.99991 220 220 220
2.92624 2.20241 8.99444 220 220 220
3.23691 -1.58310 8.99595 220 220 220
2.46887 -2.58750 8.99532 220 220 220
0.10844 -3.67538 8.99657 220 220 220
3.66350 0.51207 8.99766 220 220 220
-3.55587 -0.48413 8.99857 220 220 220
0.23884 3.69249 9.00350 220 220 220
3.27658 1.68035 8.99987 220 220 220
3.67385 0.48595 9.00894 220 220 220
-0.73857 -3.48573 9.00315 220 220 220
-2.71263 2.57965 8.99647 220 220 220
-3.12494 -1.94942 9.00226 220 220 220
0.55122 -3.56040 9.00076 220 220 220
-3.53110 1.18932 9.00698 220 220 220
2.52363 2.66114 9.00411 220 220 220
3.35829 -1.24850 9.00034 220 220 220
-2.24707 -2.96614 9.00874 220 220 220
1.16380 3.50749 9.00279 220 220 220
-1.47902 -3.29003 9.00301 220 220 220
-3.29536 1.59281 9.00752 220 220 220
0.95779 -3.50256 9.00428 220 220 220
-0.66491 -3.48860 9.00108 220 220 220
-0.25468 3.63801 8.99961 220 220 220
-0.21317 -3.59180 8.98990 220 220 220
-3.40312 -1.11656 8.99077 220 220 220
-1.66419 -3.15725 8.99941 220 220 220
-2.84436 2.19962 8.99722 220 220 220
2.94651 2.24264 9.00009 220 220 220
3.53096 0.81155 9.00509 220 220 220
0.92976 -3.45559 8.99614 220 220 220
-0.69463 3.51676 8.99212 220 220 220
-3.11824 -1.95741 8.99350 220 220 220
1.96568 -3.05411 8.99508 220 220 220
3.49729 -1.13119 8.99430 220 220 220
3.49723 -0.66939 9.00022 220 220 220
1.26526 -3.47350 9.00770 220 220 220
-3.70703 -0.51579 9.00307 220 220 220
-0.37758 3.68894 9.00344 220 220 220
3.67334 0.40353 9.00110 220 220 220
0.54744 3.54863 8.99381 220 220 220
0.30801 3.61937 9.01120 220 220 220
-3.53349 -0.58671 8.99841 220 220 220
-2.57851 -2.65827 9.00388 220 220 220
3.67070 -0.46049 8.98881 220 220 220
-2.76468 2.26692 8.99955 220 220 220
3.42697 -1.39512 8.99914 220 220 220
1.29013 -3.43102 8.99866 220 220 220
-1.00045 -3.61019 8.99299 220 220 220
1.70207 3.33920 9.00099 220 220 220
-2.63105 -2.40790 9.00610 220 220 220
-3.10292 -2.04844 9.01050 220 220 220
0.90057 -3.46783 9.00824 220 220 220
-3.21721 -1.74783 9.00632 220 220 220
3.55660 -0.83100 9.00854 220 220 220
1.13455 3.42274 9.00913 220 220 220
1.87113 3.18679 8.99538 220 220 220
-0.53649 -3.61898 9.00126 220 220 220
3.67439 -0.09813 8.99362 220 220 220
0.27897 3.67882 9.00269 220 220 220
3.42636 1.20543 8.99877 220 220 220
-1.95697 -2.97209 8.99923 220 220 220
-0.06143 -3.60208 8.99863 220 220 220
-3.57826 -0.23444 8.98752 220 220 220
0.51290 3.66597 8.99046 220 220 220
-3.59996 0.08500 9.00428 220 220 220
-1.28463 3.38902 8.99663 220 220 220
0.73448 3.56572 9.00511 220 220 220
-3.71769 -0.02721 8.99919 220 220 220
3.55360 1.09879 8.99207 220 220 220
-0.74360 -3.51719 8.99300 220 220 220
0.35567 -3.61555 8.99664 220 220 220
3.58449 -0.33287 8.99536 220 220 220
2.70981 -2.58542 8.99956 220 220 220
-1.01360 3.51476 9.00126 220 220 220
-1.18580 3.34627 9.00170 220 220 220
-3.34872 1.23324 9.00114 220 220 220
-0.60025 -3.67314 9.00442 220 220 220
3.51126 0.92450 9.00501 220 220 220
3.62423 -0.88840 8.99535 220 220 220
-1.07979 -3.52206 8.99068 220 220 220
2.16211 -2.95065 8.99661 220 220 220
-1.36546 -3.45367 9.00042 220 220 220
3.24912 -1.76410 8.99737 220 220 220
1.49956 -3.34714 9.00317 220 220 220
-3.28249 1.39707 8.99334 220 220 220
-0.94841 -3.58812 9.00790 220 220 220
3.47391 -1.32220 9.00392 220 220 220
3.50893 -1.26285 8.99807 220 220 220
2.89169 -2.09501 8.99618 220 220 220
0.00242 -3.74457 8.99924 220 220 220
-2.41146 -2.72509 9.00574 220 220 220
-3.41967 -1.10744 8.99800 220 220 220
1.35723 3.43484 8.99709 220 220 220
-3.58150 0.95192 8.99998 220 220 220
2.35204 2.65918 8.99372 220 220 220
2.05916 2.97271 9.00538 220 220 220
1.99680 3.04944 9.00311 220 220 220
-3.66619 0.63339 9.00453 220 220 220
3.03633 1.84724 9.00693 220 220 220
2.34404 -2.86452 8.99605 220 220 220
3.11031 -2.07083 9.00008 220 220 220
-1.67744 -3.34117 8.99953 220 220 220
-3.57245 -0.41087 9.00792 220 220 220
3.52093 -1.05216 8.99793 220 220 220
-1.58939 3.28212 8.99105 220 220 220
-2.91654 -2.23515 8.99770 220 220 220
1.09067 -3.49439 9.00443 220 220 220
-0.32046 -3.71760 9.00266 220 220 220
2.05731 -3.07240 8.99953 220 220 220
0.38985 3.63974 8.99810 220 220 220
1.19774 -3.55304 9.00170 220 220 220
3.64583 0.82524 9.00283 220 220 220
-3.39555 -1.13636 9.00109 220 220 220
3.67166 0.22283 8.99826 220 220 220
-2.18364 3.03324 8.99985 220 220 220
-3.26722 -1.77807 8.99727 220 220 220
-0.91857 -3.61442 9.00517 220 220 220
-3.67436 0.04462 8.99934 220 220 220
3.37837 -1.14155 8.99533 220 220 220
-3.54441 -0.25402 9.01130 220 220 220
3.25115 1.57254 8.99636 220 220 220
1.53148 3.34019 8.99553 220 220 220
2.10610 -3.08513 8.99398 220 220 220
3.41706 -1.22548 8.99656 220 220 220
-1.79024 -3.21134 9.00373 220 220 220
-0.13545 -3.65557 8.99209 220 220 220
-2.63943 -2.44550 9.00081 220 220 220
-2.32758 -2.76456 8.99709 220 220 220
3.11656 -1.85321 8.99594 220 220 220
-3.40585 1.45566 8.99131 220 220 220
-1.83534 -3.19533 8.99978 220 220 220
-1.68224 -3.23500 8.99143 220 220 220
-2.97923 2.27466 8.99860 220 220 220
-3.42483 1.14403 9.00171 220 220 220
-1.58029 3.34299 8.98871 220 220 220
3.42315 -1.02277 9.00347 220 220 220
2.46478 2.68082 8.99011 220 220 220
-0.08574 3.70557 9.00908 220 220 220
0.51707 -3.61016 8.99903 220 220 220
-2.01830 3.06338 8.99569 220 220 220
-1.28002 -3.41491 9.00102 220 220 220
-0.52049 -3.55825 8.99549 220 220 220
-3.52139 -1.21414 8.98785 220 220 220
-3.09192 2.00292 9.00569 220 220 220
-1.11741 -3.52690 8.99826 220 220 220
3.73232 0.24083 9.00038 220 220 220
-0.95242 -3.56459 8.99917 220 220 220
-3.16250 -1.64193 8.99585 220 220 220
2.03940 -3.05978 8.99442 220 220 220
-0.20870 -3.64641 9.00365 220 220 220
-3.32673 -1.36336 9.00256 220 220 220
0.70821 -3.60099 8.99978 220 220 220
1.77844 3.22835 9.00511 220 220 220
-2.91422 2.21950 8.99963 220 220 220
-3.51071 -0.70789 9.00559 220 220 220
0.49515 -3.64479 9.00738 220 220 220
1.14753 3.36481 9.00541 220 220 220
-0.98486 -3.44461 9.00205 220 220 220
-0.60487 3.66088 8.99495 220 220 220
1.15888 3.46044 9.00222 220 220 220
-2.95556 2.17471 8.99763 220 220 220
1.18816 3.41848 9.00360 220 220 220
-3.37538 1.42681 9.00808 220 220 220
-3.43300 -0.93397 8.99955 220 220 220
-2.45593 2.57017 8.99440 220 220 220
3.47343 -1.36289 9.00351 220 220 220
-1.65750 -3.20519 8.99996 220 220 220
-3.05269 2.11112 9.00768 220 220 220
3.45189 -1.20032 9.00027 220 220 220
-1.47140 3.24767 8.99965 220 220 220
-2.28244 -2.73580 9.00048 220 220 220
-3.50092 0.66080 9.00154 220 220 220
2.54334 -2.62058 8.99009 220 220 220
-3.35148 1.36278 8.99594 220 220 220
3.63067 0.92120 9.00554 220 220 220
-1.26995 3.33867 8.99674 220 220 220
-1.45833 3.32491 8.99985 220 220 220
-2.80634 2.17883 8.99885 220 220 220
-0.44373 -3.64716 8.99657 220 220 220
-0.92836 -3.44654 8.99919 220 220 220
2.86484 2.32143 8.99489 220 220 220
3.46428 1.28478 8.99260 220 220 220
1.39088 3.47960 9.00103 220 220 220
-3.41520 1.12331 9.00806 220 220 220
-3.27602 -1.68188 9.00374 220 220 220
-3.49774 0.90265 9.00384 220 220 220
1.37218 -3.34127 9.00527 220 220 220
-3.71749 -0.18294 9.00103 220 220 220
-0.23707 -3.72106 9.00012 220 220 220
3.59561 -0.25851 8.99570 220 220 220
-2.03258 -3.05690 9.00394 220 220 220
-2.72282 -2.50388 9.00139 220 220 220
0.33016 -3.60401 8.99656 220 220 220
-3.58000 -0.10458 8.99843 220 220 220
3.22522 -1.84184 8.99437 220 220 220
-2.45282 -2.71103 9.00263 220 220 220
2.93035 -2.10265 9.00772 220 220 220
-3.54410 0.28660 8.99435 220 220 220
0.45978 3.69371 9.00523 220 220 220
1.98480 -3.05164 9.00605 220 220 220
1.55647 3.31507 8.99419 220 220 220
3.47873 -0.83474 8.98966 220 220 220
3.07475 -1.80807 9.00031 220 220 220
-2.65692 2.46232 8.99913 220 220 220
2.35841 -2.71568 8.99890 220 220 220
2.99872 -1.91319 9.00563 220 220 220
-2.57190 2.49899 8.99824 220 220 220
2.82589 -2.36037 9.01210 220 220 220
-1.74082 -3.15252 8.99232 220 220 220
-1.50483 3.42755 8.99566 220 220 220
-3.63444 0.84178 8.99564 220 220 220
3.15473 -1.77621 8.99906 220 220 220
-2.38208 -2.84315 9.00710 220 220 220
-2.14422 -2.87528 8.99442 220 220 220
-0.53380 -3.60511 8.99548 220 220 220
-0.07075 -3.63648 8.99683 220 220 220
-1.93179 3.18515 8.99955 220 220 220
2.13243 -2.94052 9.00081 220 220 220
-3.05155 -1.87828 8.99805 220 220 220
3.64223 -0.59732 8.99356 220 220 220
-3.46603 -1.23456 8.99951 220 220 220
1.24259 3.39538 9.00717 220 220 220
3.35625 1.55598 9.00458 220 220 220
-1.39987 -3.40258 8.99772 220 220 220
-3.30395 -1.38279 9.00036 220 220 220
2.42668 -2.64741 9.00250 220 220 220
2.17579 -2.97243 9.00442 220 220 220
-2.65408 2.53666 9.00767 220 220 220
3.55392 -0.15177 9.00134 220 220 220
2.08972 -2.93410 8.99414 220 220 220
3.21926 1.54086 8.99235 220 220 220
-1.96137 3.19024 9.00301 220 220 220
-2.14095 -2.95368 8.99276 220 220 220
3.51197 1.00427 9.00408 220 220 220
-0.86897 3.47293 8.99702 220 220 220
-3.45333 -1.16665 8.99392 220 220 220
3.61365 -0.97518 9.00257 220 220 220
2.53329 -2.72905 8.99489 220 220 220
3.55836 0.80241 9.00236 220 220 220
0.98140 -3.59515 9.00091 220 220 220
2.18376 2.90678 8.99049 220 220 220
3.23943 -1.73286 9.00708 220 220 220
-1.84464 -3.12379 9.00647 220 220 220
2.26989 2.90584 9.00476 220 220 220
3.67384 -0.36081 9.00486 220 220 220
2.77549 2.24740 8.99636 220 220 220
1.20380 3.53062 9.00580 220 220 220
3.20637 1.63939 9.00379 220 220 220
-2.59436 2.64277 8.98954 220 220 220
1.71460 3.32238 8.99517 220 220 220
3.60514 -0.18319 8.99621 220 220 220
-3.65555 -0.81432 9.00739 220 220 220
0.61686 -3.65410 8.99517 220 220 220
-1.08580 3.53474 8.99707 220 220 220
-0.28510 3.56033 8.99358 220 220 220
-3.64029 0.16539 8.99761 220 220 220
0.62454 -3.59217 9.00517 220 220 220
-2.55626 -2.71567 8.99288 220 220 220
-3.62020 0.46102 9.00236 220 220 220
2.26002 2.83865 8.99562 220 220 220
-3.63535 0.07928 9.00942 220 220 220
-2.37051 -2.89658 9.00057 220 220 220
3.37425 1.45366 8.99958 220 220 220
-2.57654 -2.58672 8.99710 220 220 220
3.59341 -0.89733 9.00107 220 220 220
0.99047 3.46865 8.99265 220 220 220
0.46520 3.69256 9.00049 220 220 220
-3.45854 1.24531 8.99707 220 220 220
-0.70939 -3.53344 8.99685 220 220 220
-3.55388 0.33888 9.01030 220 220 220
2.16257 2.94270 9.00702 220 220 220
-0.51908 -3.66693 9.00730 220 220 220
-3.55134 -0.68444 9.00425 220 220 220
0.41406 -3.71983 9.00204 220 220 220
-0.27079 3.64847 9.00734 220 220 220
3.69954 -0.39732 9.00164 220 220 220
1.91316 3.02044 9.00309 220 220 220
3.57256 -0.79724 9.00693 220 220 220
3.18482 1.97162 9.00408 220 220 220
-0.29820 3.62602 9.00222 220 220 220
2.35003 2.86637 9.00398 220 220 220
1.66235 -3.29675 9.00056 220 220 220
-1.20247 -3.41382 9.00254 220 220 220
-3.71009 -0.22329 9.00302 220 220 220
3.37641 -1.35962 8.99383 220 220 220
1.58443 3.26398 8.99632 220 220 220
-2.39727 2.79717 9.00364 220 220 220
3.58718 0.21626 9.00066 220 220 220
-3.28890 1.76367 8.99991 220 220 220
3.38179 1.12406 9.00147 220 220 220
0.82700 3.63714 8.99009 220 220 220
1.22387 3.44890 8.99915 220 220 220
-3.37709 -1.47461 8.99920 220 220 220
-0.90990 3.62934 9.00090 220 220 220
3.25621 1.84461 9.00427 220 220 220
-1.79104 -3.26183 8.99817 220 220 220
1.84808 3.20971 9.00672 220 220 220
0.50470 3.63024 8.99513 220 220 220
-3.38131 -1.22425 9.00347 220 220 220
3.60293 -0.51392 8.99740 220 220 220
1.61034 -3.29456 9.00584 220 220 220
1.47385 -3.28415 9.00110 220 220 220
-2.08512 -3.02234 8.99397 220 220 220
-1.07142 3.50376 9.00052 220 220 220
-3.13854 -1.94945 9.00200 220 220 220
1.09057 -3.51201 9.00113 220 220 220
1.60041 3.36210 9.00164 220 220 220
3.49506 -0.99983 8.99888 220 220 220
1.38564 -3.39475 8.99720 220 220 220
-3.28180 -1.64795 8.99178 220 220 220
-3.61178 0.25564 9.00291 220 220 220
-0.05079 -3.68324 9.00254 220 220 220
3.49362 -0.93777 9.00955 220 220 220
-0.04726 3.70622 8.99979 220 220 220
3.13770 2.02059 9.00139 220 220 220
-2.34152 -2.73650 9.00075 220 220 220
-2.15061 2.97184 9.00433 220 220 220
-0.85789 3.62267 8.99743 220 220 220
-3.37137 1.44539 9.00075 220 220 220
-2.66690 -2.47069 9.00014 220 220 220
1.34034 3.43788 9.00372 220 220 220
-3.55821 0.72737 9.01111 220 220 220
-3.56897 0.75060 9.00165 220 220 220
0.58749 3.70226 8.99278 220 220 220
3.62707 0.03076 8.99414 220 220 220
1.02649 3.58799 9.00528 220 220 220
3.65029 0.60111 8.99168 220 220 220
